{"noiseKey":{"private":{"type":"Buffer","data":"wF8AfzezkIn0/jzd+1Ak1ApeV6aL4/1pdXPxQoYwWUI="},"public":{"type":"Buffer","data":"M2F5HK/DLkIr/+de2ZX539u98INyuloyk9JL20TbqzY="}},"pairingEphemeralKeyPair":{"private":{"type":"Buffer","data":"YIZ6Rx36glEDXThdQqwmSbui+SooHFRxWpU0pIFr7Ek="},"public":{"type":"Buffer","data":"DD4lHRoOXB8NZV/apPPYMfFK+LEpmAqJhkzfdX/xNEg="}},"signedIdentityKey":{"private":{"type":"Buffer","data":"WIx6RSIV2CSHiYc1ZrjmNa5/ndKTR3gMOMq3aBRGvFE="},"public":{"type":"Buffer","data":"KGBFFT0ASeIr9wvgmhZMFgQj089filKxnpFLBmvuAEw="}},"signedPreKey":{"keyPair":{"private":{"type":"Buffer","data":"4DiLrkG1ZzOk+ssGSIyUxTuK+6j4zSAssuhWElHxfE8="},"public":{"type":"Buffer","data":"pE2AsV0LtDFfrINckFmVQiK0e5xwUyjiQcvoa7Q7Ch8="}},"signature":{"type":"Buffer","data":"ZiQMA8CAbmqkW3bVJiO3hD451+nNImWconRvdHWJjhS/7uYBRmXtjkkW7IOs4ZytwVkxgLsFgyWBnqyUJHolgA=="},"keyId":1},"registrationId":90,"advSecretKey":"PbDGEqIKc9o38enpLRrNEICXIjbAberQ0xdp0PP4j4Y=","processedHistoryMessages":[],"nextPreKeyId":1,"firstUnuploadedPreKeyId":1,"accountSyncCounter":0,"accountSettings":{"unarchiveChats":false},"deviceId":"gUTpgLv3T5GVZIDsVQq1rw","phoneId":"52d75923-87ab-4b4c-bcd3-783a5759f429","identityId":{"type":"Buffer","data":"g3ET+fZw6s86j+EQm6iMNUqwPpk="},"registered":false,"backupToken":{"type":"Buffer","data":"Mgy3OliC3NUUnH5OfrQ0z5pBwhU="},"registration":{},"pairingCode":"3PS94NZV","me":{"id":"93779097618@s.whatsapp.net","name":"~"}}