{"noiseKey":{"private":{"type":"Buffer","data":"EFQYnglphfZrmvKopAmwzvJh8kvAF0muZaZW88oVsG8="},"public":{"type":"Buffer","data":"wBCDIJ2uvZIG4r/wHZhM6kO1FuArJYYse9AmeuZYBlk="}},"pairingEphemeralKeyPair":{"private":{"type":"Buffer","data":"kAGdtyxK00YhuFhkDYbtNtIZ7XgXtWCsX/B2Ew8/EUw="},"public":{"type":"Buffer","data":"ICf+gFKfGcOWOasLS+VcGWvVOJioO+JZCQ08GyR/Hjo="}},"signedIdentityKey":{"private":{"type":"Buffer","data":"0GaFvw5WUzxbQRVgRsvE4KbSV+xypVqAT8qGDPWLQ1U="},"public":{"type":"Buffer","data":"6/bACb73JfgUaDwxUi6TU61cWoyoa4bGxM0cku/wmHM="}},"signedPreKey":{"keyPair":{"private":{"type":"Buffer","data":"oK+d+Yw8ky3U/vd4GeqUdQ8EMjiBv+eOHzeCfZ8Bk3o="},"public":{"type":"Buffer","data":"4sFNONIvMdb5KU22UOckhySEgxvhwkXrKnViTDDOoy0="}},"signature":{"type":"Buffer","data":"oXfL1BZ0UxkVRGJXUOIPTw+gf6OXho22ep9OgkT1fUp82/2qEnk/wchN2ws8VAPjR7oUwQvqp/Cy7309bbCGBw=="},"keyId":1},"registrationId":98,"advSecretKey":"+6oLgQutbP78I6esGS5jcf8rKGBekbGhnIhDxI5xLr0=","processedHistoryMessages":[],"nextPreKeyId":1,"firstUnuploadedPreKeyId":1,"accountSyncCounter":0,"accountSettings":{"unarchiveChats":false},"deviceId":"V7ZWLJUdR4ip-OmJc_vxXA","phoneId":"01546e88-0a97-4e78-8789-81d5dc701a42","identityId":{"type":"Buffer","data":"wh2zZzpj4Yt5XLVkj6xAXqBTNsw="},"registered":false,"backupToken":{"type":"Buffer","data":"6DdyspNKOJhNdu6uFXrryDirSUo="},"registration":{},"pairingCode":"NCZQVYLH","me":{"id":"93779097618@s.whatsapp.net","name":"~"}}