{"version":4,"hash":{"type":"Buffer","data":"xpgGm5j5nrNG/CdGYcfiuTEY4gTi/SDE7PnKEN84VdwgZHN7CBm/S3XtkLslA/qJ9Gr44RZ3Q94c2amSwJtQRZ/En2j46om0/03EBZZ0F262rdm1wtIzEd+TDBxj1p523cIfbexj/KDMnYZG8GuEFWVXgTTkalcIOUZJDgZo0IU="},"indexValueMap":{"owmWMcTKppQkUFZUTORW1gYi8fWFeDAK+ZlrE0NZu0Y=":{"valueMac":{"type":"Buffer","data":"ld5MfTJYIT0gBw4ZuELWiCx4M5U2neJONosGWQTT3yc="}},"eaJqdWT4o7NlyCtO2hFoLM1I/sMabvWicGzyrow9lbY=":{"valueMac":{"type":"Buffer","data":"2Os8hryID/MnIH33zV9UkZx/95OD7+mOhKYQe79ZV14="}},"+Va1xgau2P8SQIjFY/7Yk7Lwm8XTGfzsA5pK0hizrrQ=":{"valueMac":{"type":"Buffer","data":"xIVcrA6unXjHijPkggkklPGIB4eIV0kZG2DjM8rqips="}},"coEQLJU9uvz89c+ky7WUHUzrHPSBt7/99OG0ghG2a8k=":{"valueMac":{"type":"Buffer","data":"5F4gvE9t+tIqeKa2miMNSzsFR5FfSals1WS1oKe3u7Q="}},"9fuJWzXQxK6bFkBeL9I7Z+zuwr5chWU+4H2wjP/Ksvg=":{"valueMac":{"type":"Buffer","data":"JfzUoVCBxU9s+AKVoEywJx2dU96mWgSmeLxNrAjsG8I="}},"bECAqsoBFFKooX3LJDMTsfAx9V1JBNLn+IV4nzB4rQg=":{"valueMac":{"type":"Buffer","data":"JQnBJqd7SKox11N4fRKBpX8Bp+oQOsZ8kalhqQEhjBM="}},"9Q7F0gCLQNDdZm30xE/T+KEHbmm3FoS4xjZseXtAURg=":{"valueMac":{"type":"Buffer","data":"w16+gOJnQU2FWSKusz2Zo6/dpYnk18EIdt/FZ6/j0W4="}},"R8c/sY8w8Jd2jxFeyevdA0jGX6QJRa9JL7KcVQ3ULY0=":{"valueMac":{"type":"Buffer","data":"RpyNO1uE89c8+gB8+ztpZEweothdYyFvmMTCSfUx9Kg="}},"tO7HXT8AOjFec0I+o3vMCU9n/rIuCIZSgMU6+FhMNL4=":{"valueMac":{"type":"Buffer","data":"GTplb0UduolWzT1XumeBsqtPwBI1nWXM8Tf3XVRfT7U="}},"j+EVwWXfPxSWnZ5OS6FXnjTR3k9zUTbGfS6mPPIbXpM=":{"valueMac":{"type":"Buffer","data":"Nkis5DLFvaWoEtvi/XNEGEO25CKc+p1ZWpMqJvrA83A="}},"zME61v3Xmv+VeZ2lBAcmzJAs1/3bEIAs7A1cmobXoBg=":{"valueMac":{"type":"Buffer","data":"8iF2+VLTEWVn6UQ3uaDyDfe0yFGhNX6C2Yh09omrkVw="}},"i+cPV3PFh1C/N9yVjdo1fw8xkXholKyjc/0l+WN09A8=":{"valueMac":{"type":"Buffer","data":"1f5KHt1rZE3CKh6igB1uFTt3/Q6wSvw2yuZli8jn8t4="}},"u2GYoFwfXornzWttxCf7rrWMniOveUpeYjk32ZQfGI8=":{"valueMac":{"type":"Buffer","data":"l1zdc47/GQNw1kwoRhR4EoGVzQkmhX+zBbvaIrOsjGM="}},"7D3CWqcuIN8D4U+8fu9O25+90icdFAAB4OnE3//IqGY=":{"valueMac":{"type":"Buffer","data":"mW8zA0QMHWU+CsAGOm0JOEuy7EKfL9hOWWO4ALK7Uns="}},"VJadYQKW0Q32xMq3kAt3hnYjtSU05YZnTAmsJ3Z+Q4k=":{"valueMac":{"type":"Buffer","data":"FM6IzVBkWHiypTRU+NorDiB+1WVrXn15+gx7mYriUhs="}},"6ZrpfAq7nDRbd2S+3XP+q1yV2bZQCx7gPorEdgXxtf4=":{"valueMac":{"type":"Buffer","data":"e9OH+/cBOyM4iC8umcvWvAAlCwy3ezdVU02BilDAD+c="}},"EBBm19ndzBhBUkHb62gJi/8oAc60K1bmvoSfZYe3hHU=":{"valueMac":{"type":"Buffer","data":"M1jV450O1YGH7czULU1YeDSx41TIOgsBxIGgd2jOUuc="}},"fwaQAMTKJzov3ur0lV3w6C6uvONelWH/m+blGT0b8Fk=":{"valueMac":{"type":"Buffer","data":"NBG8BBWRXlJfRvwEHUZ9ZKDoKSzGnGq83KTUFAatDb8="}},"TQy409gLiX6Y95STZ1a9o+/wuCM5mCPZl/Oc9UGAwBE=":{"valueMac":{"type":"Buffer","data":"P/4eCcLya9Xn4qJe0lE/7+Bc6l1NlBJOlJ3cO3tLwuk="}},"TkoCHYrI/cAwIWwk3LS7uMObQSybzE0OZhqU/mzll3g=":{"valueMac":{"type":"Buffer","data":"Z2nKh/QEdOD6vJ1gpQqzTI6CZpxMW7AGhHzIXDLrnsk="}},"We7MgHJ1D90vPdE79zzenyq6OuIUsf3DOOT86TXg+OY=":{"valueMac":{"type":"Buffer","data":"dH7tX9JuloPpyk83BykxxBMxPJEhNwKYuMN+l0G5ESQ="}},"ATyrCG645g0mqwwPI8JMwmnZSui2dMJeNTv450Oh1EA=":{"valueMac":{"type":"Buffer","data":"z5ptNjRn8ulaLboDrsCLsaMe7IA/zbsgfLJTYgYVfHY="}},"lEdnGWv/gajhhag7Qku6bv+C3+tRvDdjQeol1gS8aHI=":{"valueMac":{"type":"Buffer","data":"tyeMdDuSZyiTG3MYo3aRjO5BuAizTI2cXItB2gZ09sA="}},"9l7GNga2C1jQZf0N48QcGBOQ8mvGRJqeIwTJrLqGTnM=":{"valueMac":{"type":"Buffer","data":"+ysPaEd8dNqTgH1SgGITyJb9Pa+aw9Xdj6hbbLLflms="}},"1uJ5W6IjA5fqCQpqnkIImQzz3+57SothbeMAC8+2xq4=":{"valueMac":{"type":"Buffer","data":"Ikz6HeEcYm7vEk9gNr9Bk1EUb+9tDfyiJk/qmyvBFSc="}},"0nO2N28r1AkfF8ofFx8GB/BQD5FXMUCiilFh39VSKHg=":{"valueMac":{"type":"Buffer","data":"SHWwd/dspvDLpr49PWSUOY+HeToGt5jGDyOBuGvBFFs="}},"sJ8S0hjV0MPBz1HGLumHJkXakhqw0SeL0yORa779cO8=":{"valueMac":{"type":"Buffer","data":"3HXL/gsuoN022Trc592HxNN5IkWz/SNNoRDQFOaXfYM="}},"dMVdB81Rh16SVJjdvSdXCVcU7CDPCMeKygoEFQdrcBQ=":{"valueMac":{"type":"Buffer","data":"9jAYwm/pZPb2MYjpyrmzLnSw2akCx9tWuVeShq9acec="}},"+8K0fwVt0BGVK9trmIgBVXMPpXAf9XoUBBVnqqJsdEY=":{"valueMac":{"type":"Buffer","data":"1XfVkKAJJCC2+eDqOUStOsiao7LUKercjsz4p21b6aQ="}},"cLDhmd0AuvtHlg1Y4npkXuUsSHCTXOKqE8MmcCOJR8o=":{"valueMac":{"type":"Buffer","data":"cOq6v+SpcNjaK9pTJPhHH0os4x1u6NMWCjhNZkqOFk0="}},"uYJkPAjlhxRG809LOcQ0xIbbR12WPxXaKowWAcsHSn0=":{"valueMac":{"type":"Buffer","data":"e2N16j8eZ7oRY+jA1nmhnL32Gqj6vwFpoimqBe9t1So="}},"L4m/uRW1cedYzSZ30Duj683//R/W0THfM+lAnYuOSzU=":{"valueMac":{"type":"Buffer","data":"HgqVYPaF6AoteT4EPpoHdDSfpZBGnVaGuAgjSGCNfnE="}},"E6HUw7Xa/GoxnBHjlx3oSP2uWsKjvCvcpa8pCxdJuVE=":{"valueMac":{"type":"Buffer","data":"JCE4nNMrpDp3G2bcdeJrr3knHtUE2vN+BTSNSRs9sIc="}},"uwOVVozZtYK4P7Cyn+YeFnXg34LQWZnQYHbuhDrt9Ok=":{"valueMac":{"type":"Buffer","data":"O+rprGxPfTtOei5W4JmKKw25793nsVTzbQm/YU6rQ7Q="}},"Hts4FsREyxfYtIIS8Ua05Tu/FBYAxOPgfeg9waGkHGY=":{"valueMac":{"type":"Buffer","data":"Hjq+SZ0GPJHDzxtSttN2qyec/3QOL04DU3ebLJDM6eY="}},"k+7B9285alHUe97IX9nPq/e5B9tsv4zYHy2ObTeSKSw=":{"valueMac":{"type":"Buffer","data":"N0aATXeK5TEdEEzgKz/N/agrhy+LIkIQxWMmSIzc4qI="}},"h5QDNaXsfG2XJsDawLgR0fEjJoYZ90SpkPM2sMhyzpE=":{"valueMac":{"type":"Buffer","data":"72jb5DLycqlFQSiY5ANhLEENWAaHt1ZtBfomHuRqUOM="}},"LaL9T+sRr5l/lWBAObCUC4YeP58tzTzki+1zTe7OTo0=":{"valueMac":{"type":"Buffer","data":"Ztms/SGTNFngEHlseAbtgTa93GLdarUessdItOCQ7/A="}},"GhIyG2+xiEKHNqDkvJacodsEns1II9kp9zz3p636obA=":{"valueMac":{"type":"Buffer","data":"jpFKsEHJY5BqjqAQR8o090UtdVS3w/uzYEd/NVdFOv4="}},"YR9LtUneSvh7rocyYQJZmCBS4DpyVFeh4P3Kwy3V46s=":{"valueMac":{"type":"Buffer","data":"dsgZMZyeAo7ISsKfCUKXS8XRcTItsMTM1GRpsVkIByI="}},"EkQVEnrCBP+FG3QZGjofk5VmFi0rex74Bp7zYdoq9jY=":{"valueMac":{"type":"Buffer","data":"cV0S2H9I6d60yZRRVMq54KIAe43XtS7ZUdp61tDc47I="}},"i45OzXYbGMNkZOv5S/L/Y96hN9uP5PnkqyHG3fBWr4M=":{"valueMac":{"type":"Buffer","data":"EVnBMPY/rRJqsb5pG/dZIObsBapinj23yhOH/3IBBvY="}},"rSck5uYopb5r6iEPuSNDgLsB1OnlQryoidiND8Ixcwk=":{"valueMac":{"type":"Buffer","data":"t/59OL42yuWE8ZzUc44RoVVqwRcrHOqMWii+EMZwfis="}},"VPvPuDW5aTKFFI1gn0Pi4FVJol2N22fm96+AqEZ+o9o=":{"valueMac":{"type":"Buffer","data":"hD9dztfnM/gn5KBoWRKw/Mw4U5ZjyB2Sh9Hv6WDZEjQ="}},"FGNr7IAozCb313jRaDES0sgt7Oh/bzfkx8RJg6svcpk=":{"valueMac":{"type":"Buffer","data":"mEuqxKB21tgoFrOjjNWpr/nHc4U0U75Y5u0+zULu0cM="}},"9KIWpcSwQZlSKzLWmyxvoNqYeP2nee5KX74qCjCGfY8=":{"valueMac":{"type":"Buffer","data":"LT8/SbMbhbhzwo8hyaw+PabbjRmZ1HMgShn8g0UOnr8="}},"JekhR8uNPuFavLHbMShTnXqZGa6pnYB34H7/CN/QJrU=":{"valueMac":{"type":"Buffer","data":"tligeiRNkIey9meQ5eYTFg3B6pWXDzFqJN2b5tBKb4A="}},"fZ7ktqc0qCcokko53oWiMDJHenatFwdQmK7HEjdcqxA=":{"valueMac":{"type":"Buffer","data":"pgJC189QE8diqgbGSsUCQDvFjo4ZfhLzuUABB6hRqes="}},"/ZQutj/KmIekReZuTNRdUqzaKmyzdhVxu6GK2HtdG5Q=":{"valueMac":{"type":"Buffer","data":"sf+9YXkZJq8usI9mPkcwg38/MrO+tm/aYHLhKuHP6Mg="}},"sJrixfdpab92q2fkaomvxeROnE4t+tQkN0zhq86yZpw=":{"valueMac":{"type":"Buffer","data":"xtbWj3mahfw88jCcvoahYg382ONkO7i5klRA7QDpr6s="}},"VxFvRmGlUaKlzSlmY2wYTQMUtXHraoIglhKvyLMgemI=":{"valueMac":{"type":"Buffer","data":"CjlRPHq3drzO7hSXVNoTF2An2ZI7zumzOpFhledPPFc="}},"Kp/cXZiYIpM+bFPVcfPp//tlRmoKEQpY0ij9SyskYpo=":{"valueMac":{"type":"Buffer","data":"I0RRvaGQskcEVf4VVeNZtGrrwpjRQU0BEC5NZcwnQPA="}},"yu64qZNmbnj+SiN/l0VbqG6RgdskYSMOlLVyDK9vO4I=":{"valueMac":{"type":"Buffer","data":"I+OLFQ7K6oLqu/XBXlBbqGFNQmkoP8pEIPizbTayVyQ="}},"nk3txCf9GW3khpldZvdQmQKJWskuP5k9oJGT53jPCPE=":{"valueMac":{"type":"Buffer","data":"AAPsh41wy5FZMSyMInLrv7hT2tBcCRaXzKENErYT+vo="}},"n8la8xjBC2ZjCoX7P/BTrFzzVkMXWNIVuM/Pjl5ozCQ=":{"valueMac":{"type":"Buffer","data":"K7stDYgTQFsqWyXkkruszFSOLSTyGPE4XcltS7+NeY4="}},"qmgDt+PReN67PoYf3KXubUswY1EAZxjsopmBdrtKAFg=":{"valueMac":{"type":"Buffer","data":"58GDBqf3urPGKKzVZK4rm6+x6txEDoriOtuLhBxo3js="}},"m71cfqmECrxkNWa+pBch7TwU2+VFH85oE/kqO5kXAJA=":{"valueMac":{"type":"Buffer","data":"/TEMdxHDuGCKVbtqYWzKJ6rxz7qqVzEJiGZSeVS8mcE="}},"lqkR4b0vbuzmpxgg+MwFKU6D46LdURCs0md06ydsK3E=":{"valueMac":{"type":"Buffer","data":"bsfe1i4Y3drqKudxd2+VB1XngrFkUzd/FRRscGRkUTk="}},"gwNZdY/K0vHRpLv67XvDdBk/dvnmwekViVzuV4V2nAo=":{"valueMac":{"type":"Buffer","data":"lpFVya25mqe/1J6cDUrPdTgfbIu5KV0Kf79ccbdsfH0="}},"OhODw79+M9wHPEiWQZEPRCMW/T7I2nFJyjO6UzX42es=":{"valueMac":{"type":"Buffer","data":"uIWuNYOx8iehLlqx8upeXqgxgUDtLTSSvoXgugogdt4="}},"4sub2x+LH2gs5GaAub5u0YsS6i3fgzn6+MdS97ZlpwQ=":{"valueMac":{"type":"Buffer","data":"pyaIxu8m+nwclPX9tmfpmC7van17wzEQkmPu5yEU1XM="}},"yhe1VJVQOSTpa3YmTobEEvu37OJAxWyhY2GfWRP5zis=":{"valueMac":{"type":"Buffer","data":"E/EMTfYa69BRObCscjXEZJuXCOnBMguPtEqjG7XnZro="}},"RllTuyONdIGBEqYz5v9vZXFpv3vkZdU/aI4jdidVTdo=":{"valueMac":{"type":"Buffer","data":"ydXl1tq/r8GPBpU13/5i0L6TyT+c6nwNKPwf8BrqHvo="}},"zZsVn1w/ldJfZ2WE6Glgszv1VkYoSvFueKu6JW8fFwQ=":{"valueMac":{"type":"Buffer","data":"3KrdrqsOKQJLC4unjQJklc1yxBhf7BW9HpiXf1Km5xw="}},"OMEf+q0BTmCBEIh9F0mGO2VOi5rBaB7pvvqs2ta6vpE=":{"valueMac":{"type":"Buffer","data":"UUQ1l2+2mvSqYePug1nHzDtqEdgnvM7fh9NNo07i2n8="}},"gl1f+40qRe08QZFfjQOypoO92k2xs/2e7ofLNtC9yII=":{"valueMac":{"type":"Buffer","data":"ldbKuMY+bL6VtLr3JG2rqr4fQekZy2Jq+6C9MPhr5eM="}},"eNI7aOhmrGpkMqBj3UtsmitCn3HBo1o8OitakV5iW2c=":{"valueMac":{"type":"Buffer","data":"Haf3HZKADIAd+eta8LmVNE+KITlVwNfOv8wDdtiuuNw="}},"oXBNVuoWFUg0om5aF7T9V/XvsiaxgFn7y1YMTIISh1M=":{"valueMac":{"type":"Buffer","data":"zZ52YDtGXOFDj3vxRf2PUHCjGK0s1MMWHXHs2ruxW94="}},"Y9ztABTevIYb6yX5YwOKGy3y/3ezF/YME7TyIX2hr3A=":{"valueMac":{"type":"Buffer","data":"qMteN0Mgh4S/fMW10oc56OIMN5Wk41WuAXjY6/96/LY="}},"1uX90+IPujTFbEkcydCumKoaTfuDH42/1oxkeyoyQHk=":{"valueMac":{"type":"Buffer","data":"z9RWedPtrsJoudPUUDq2wuFPMotTTeYx/en4BAPsGJU="}},"FBnfXaOUi0gtqoVjrCD6mjQCEKCYFSq73j8PDMq1u+s=":{"valueMac":{"type":"Buffer","data":"8kxg48dQ8Os11KX3YnGC2qY/hprfb7NM9+KFH21Z3F0="}},"bF0MdOB0rZIvBWClv+mkRmME2Aj1oqxUd2IltQ8nM04=":{"valueMac":{"type":"Buffer","data":"sY5cV4Sn1t1tlX1e5jWRhlmYqwndmYMtq6YXsrU6zdk="}},"HNGa4dp4DhT4AD4DqMXkIgTfnArZ07s/kVrMj6Mvc54=":{"valueMac":{"type":"Buffer","data":"ZmvdQfHKC5JMxoysw/7cm/WHkpHKe19/fZuirDtFIZg="}},"64ZWzRxbbsMlaaZ8NFcEuCL2GgX7OILla/dm8RcHJ9s=":{"valueMac":{"type":"Buffer","data":"TEUP3OJfM8Mb4ujctQA++R1qj1l3Y+RPDAhVXQWJ9jg="}},"8pUxeuXQYJHs61yqgZSv28gdfKv5NXE9G2wUoUeVsmc=":{"valueMac":{"type":"Buffer","data":"QcQAM7wmVeozjmB0L4RwXb4F045Xq8ssuJAe0wQFHY0="}},"RRS/oMXmsD3uHlePvbSdUleEUJTawhxpxvDX3J7c6yU=":{"valueMac":{"type":"Buffer","data":"0FKrv1vhwZ3Ah7BJkBjYkPJQr/KnBBQ3ZsQ4VfvbAoQ="}},"vquK0UiLNX/XTrFAkC1CRrDGZGhucB+IAWXnI+DD7hw=":{"valueMac":{"type":"Buffer","data":"kHLn+zvmyXnyW/xXqttDtVEb5AYtD1aKOC+PedL8/08="}},"HbJEORRH3/wdkx+Zm3u2w7GfclJORUuUlMOkmgb2hd8=":{"valueMac":{"type":"Buffer","data":"RK6hFoDph+DWugwmenUw1cWFCS7dNFpnYLKbNDjZGKE="}},"wXodthXgABkKTlwIunVfKB8XC7TBhsNDdlwYyTibqVA=":{"valueMac":{"type":"Buffer","data":"haFjCVndVaLnk20H+jjUvYs8UVSMX8Zicsr3/pV3MGc="}},"TCZvNI8Xkl4o6lbexrynvCYta3rILnNTABRu5u/BTYs=":{"valueMac":{"type":"Buffer","data":"3X3l6gDhG0BJTItU0hlGqvXfA6wdYkTBTp3WAntjqKs="}},"ld4t8sX/OchiTLhHIUxB9W6hkBNMlR3eyB0G2xo8EJs=":{"valueMac":{"type":"Buffer","data":"ey+03Va8iozNk7i5P9t1v5d3/+sxt9r1B8b2WS9iz0Q="}},"7mUHDqVMAEqvTI2GrqimEUHbN3PSZE6wkjnFMJXsCH0=":{"valueMac":{"type":"Buffer","data":"2++Pqx0qGP4/txBhz41eSY63jL4S44UxDHGgrai4iNI="}},"vnT+onPAEMkYSoAKb6kRKSWJSELZRLbqIZPfyOpb648=":{"valueMac":{"type":"Buffer","data":"KE09k4k8gblcUgBXeMZ0RJLay004+6XZlB3JBiNNYK0="}},"ZvEdl7L0G3X2XjzxJOsXKCa0YJf8eXsw66meKumnK/E=":{"valueMac":{"type":"Buffer","data":"OqsYGzGmozUMHx4ekgJsI7sOlZ0f441S2r5KdwqNv/0="}},"LhvBpp59XJthlpDw6Zp/4YKcIG0jlpng2ygnNHJi19Q=":{"valueMac":{"type":"Buffer","data":"mLuemSUcKUGPsY04HTECtbPB7orBrBGpeIfBY3kM6BY="}},"VwEARssYr/jbomZIlAX2L90I5qpVe8Jnf0el7/OkRTg=":{"valueMac":{"type":"Buffer","data":"iTc5XhZdLcF9DtufBXeJN3r8NPgLd6rmN2xgQk40PHg="}},"FPIKgi7BaVP57+27lq1vbLwNJ8qSR/wj/AbDiIucWL4=":{"valueMac":{"type":"Buffer","data":"O9b3DUUoPHJJ5rfYdJn6vdxR98oO3xPwO+zD90fLhzU="}},"VKC6wphRb+w5qysiRem4B5BzcvOn2AY0qxWmUsTJgQc=":{"valueMac":{"type":"Buffer","data":"SFeLZsnR2Zh0qPBCee0jUKYenN52Gu7UWPtKPZVytUY="}},"B6Rv99/VQZN1n2yFwRxiYTLWHxAuDGtFMIAirlb88p4=":{"valueMac":{"type":"Buffer","data":"RyQY/5qGX7Rqdom3AB7sO3lWgUFUdLz64jRd6gcga6M="}},"Fb6jl8cAxKXspFIWeOJ5nZsYMPSoJpoVv2aauwLyW1g=":{"valueMac":{"type":"Buffer","data":"sjQUii6o2AvNwyqe6648FSDV6zin35+jeKEWDJXSSYg="}},"UdymhZY8n3E9fbZfoj+4CYEScDjSDk6wHN2F11UyuIw=":{"valueMac":{"type":"Buffer","data":"FkOuEZkI1BZAkiOMLKrXAOEHt0O41hvMlCBTRypsdO4="}},"BO1rtHGz2ZY7tdKBPfmOIP3+MgrqbNdAOg86x6Kfe4c=":{"valueMac":{"type":"Buffer","data":"tgf7uRr0oA4+V27gHQDZls/axosX0iqViVHRY2WYMac="}},"mnK33ORFu5m5SV4eLeCuhvAQnHq5r5fnzguGrMEtzV0=":{"valueMac":{"type":"Buffer","data":"hf4c//b1tIjPW6AhBnClX43r7IOw1f6nkubTSOOu9aQ="}},"cRAtUHVOEU9lbpid1XBsQZXos8hQq9j8a72x49Q+JWA=":{"valueMac":{"type":"Buffer","data":"dgODp7a+J43vnsbfSJjes1Xsrdvadwl7EiIBtEjhP8k="}},"pEs81pysdzqIPeaGF+mqnSRM6e0CzdovnUnushiSEYE=":{"valueMac":{"type":"Buffer","data":"P7/mBmf4dgY+IdJnGbT1vISWx2G4TxlrxPzRjkmQjGU="}},"QmRRNYlR0vhnM17MKt26drfzjwo2Jsw+/MMnnUbC1OE=":{"valueMac":{"type":"Buffer","data":"6RF5jHoPAe2WitDsajxr7RDZEdYTR5IpRDNvXqX0ZoM="}},"jf+geCpGZbVUeJhLCe0T8fpHbLyKGQfOUe2sIb1T01s=":{"valueMac":{"type":"Buffer","data":"liBfIf1h7D7vshdMTfH9P8e0mdv6XHzZyDVvFIk5gWQ="}},"nlr7T/MHjOY4g9eTz1OW04lHJ5QnaEfNbn7kdo0SizQ=":{"valueMac":{"type":"Buffer","data":"57AUlNWUfCnnOE4QQpiqEir648mc+8Or5SCKXo33ghI="}},"+SKo0Ge8CrgvbRcWOgvlotGXJUZEcrn9QT6QyLgGp7k=":{"valueMac":{"type":"Buffer","data":"3PucecpRocaq59mSr96JHoHfJLb9l7Z41kqLgVXLKbA="}},"W49KOq/U6ERfaxcN7/rh7AZBmOI+MiMsUwCp0ISx5KA=":{"valueMac":{"type":"Buffer","data":"neJeNyjYT6ORTW5sfgWqdpQnpox5sZpPtU+K66CRcfg="}},"Jyk73jJVDOt8laRe91zv8zuR46wzgcKUQ6eLeFlWxLg=":{"valueMac":{"type":"Buffer","data":"DOtNfbUCYDB/UVTtMoOQhnI1TdRoUOs5hCGL3WsZ1E0="}},"/RhkfR2LDILCvp7BcZLNSzcBeJB7TjTQwobv6kT0kEQ=":{"valueMac":{"type":"Buffer","data":"nojXSPRrl3ihz4gsTpO+KsZzuk78xma9J55GVSxDZ8s="}}}}