{"version":1,"hash":{"type":"Buffer","data":"jg79qCTfVU7KL/7VxJ9K6/WudO5Dn+4rJYdI9p2zfUdBvbJiG84QffTB3RhdWj/VY3IR+EPlV8I0VJ4/k8jVZ8nukiuayOYNxdxEysuP1havdiyihdlkKZiDxvvT2zIo0WeNNvkOLGqCo3TQTfCzKhzOI7asz7fgfeT4JELjjNw="},"indexValueMap":{"+LLa/qghWGMFM6xDCeE1uzKgLB2KwcT06VbM1nEuiwM=":{"valueMac":{"type":"Buffer","data":"U25QvfOnux1q/pmvvQfNlYH4wmGlhWtRyIlbR9GGnnE="}},"4LA7ioZ2k4fUU33u5UG1fB+lgKP6bGH26++mWDoZSD8=":{"valueMac":{"type":"Buffer","data":"hdfZRe+lw7Cuzx+Y6j7DkH4t8QNHhBTPM7UTbm5HZew="}},"RCkqdq7iqufDQeX0WWLrduQ/tl9VxjZzQqG7MA2UTOA=":{"valueMac":{"type":"Buffer","data":"pwMrDYLwIB466EemfxbKBsP1Ivs9v5mgx2W+XBLoBP4="}},"i3BdaIaOfP/CAkxwwCER2cjwmR99DtguXl2LevVVkTY=":{"valueMac":{"type":"Buffer","data":"oB220EVMRoTAmYLdNtcqxRR2pee/6Q0Kpf2XaHerrYw="}},"xbDICBfMBH5JPGypwpoFPxw6SnYqT3VygVzO+tBdYnk=":{"valueMac":{"type":"Buffer","data":"C56SqM9CDNQ8MyGhIUUrH/PWi5rPTkx+jz+k9LJzdUI="}},"FCHO0jU/Sg6CGsgMpnsYU/AwKQxRbsobEv+fxNmoelc=":{"valueMac":{"type":"Buffer","data":"8mc1L5I/xDToByAoBuSS0x1H2piTk/dsaZ/aRuP6QKE="}},"jWzUFABdI+wvjsO7oXriMNugljU5IdElPLVZmJTop5k=":{"valueMac":{"type":"Buffer","data":"UHk5apvuFjR6JF+/6BEmLJ4CNHe3t1t56RK1FO/bpCI="}},"ejUIVlJBv5/BONAKHmau6Wj5m8x/NO1fjMiL3xqKirw=":{"valueMac":{"type":"Buffer","data":"eqcSIM+ExTBdJ56O2aTQLYH726vLJMDjliDXBHhvnv8="}},"xZOVkJzD8Ly/h3ZUAljuG/Y45H5HLjkeopaxMCwfr68=":{"valueMac":{"type":"Buffer","data":"qpEJzp98wLYrYS3kGnVQJqA7UPbKneWo9uPie0DVurw="}}}}