{"noiseKey":{"private":{"type":"Buffer","data":"GAHjQ5Jf3UywozRb2TMEeuBh57XbSAu+YIlZmSNdQG0="},"public":{"type":"Buffer","data":"xX7oZA++8t0oODrszqUuE2nOcepkefBz0p7/kXB5yUs="}},"pairingEphemeralKeyPair":{"private":{"type":"Buffer","data":"QNjy9/y0TSIYJxXPkcNnJnh6AjJXF/RtUXtE2JO6A1E="},"public":{"type":"Buffer","data":"cx72U2yAPa0qH8+Mwd6xNTRggPgubVbkQZv3n72rNGU="}},"signedIdentityKey":{"private":{"type":"Buffer","data":"aAdI6q4cqedJdvkuPik7ZLKZHhhXdUQLEEJVF06hMXM="},"public":{"type":"Buffer","data":"BJ2u4OFII02yd3TcdFOCYa5INEp7f40lESgkAWFabVs="}},"signedPreKey":{"keyPair":{"private":{"type":"Buffer","data":"eAckiTk8kpk+x6dvch/6n0aNj2ogeYLK3mHBO7DWT3s="},"public":{"type":"Buffer","data":"EKcjU8UbgFlmOeduOk2E1+Fpy/qvYfKjDiiSBefpu3Q="}},"signature":{"type":"Buffer","data":"qjZqg6eLUq/1jInyVh+AVy7cMxtxBibvKPmzPZOPATMz22BAStC24gBdng0q0Sv7IEK+9HCEqGpQ+Afmh+YjgQ=="},"keyId":1},"registrationId":135,"advSecretKey":"vyZKPWdyCnKQ8sqp6lhivfMgFcCaT57QqUZDpG3VjBA=","processedHistoryMessages":[{"key":{"remoteJid":"201208328890@s.whatsapp.net","fromMe":true,"id":"4BEA96D71D13C5B764D4F07D98F0B498"},"messageTimestamp":1753400248},{"key":{"remoteJid":"201208328890@s.whatsapp.net","fromMe":true,"id":"99BC05DC8051DB87FE563C2C37F2C76E"},"messageTimestamp":1753400248},{"key":{"remoteJid":"201208328890@s.whatsapp.net","fromMe":true,"id":"7D79B747D5083F89E0F78D1B5065CFA5"},"messageTimestamp":1753400261},{"key":{"remoteJid":"201208328890@s.whatsapp.net","fromMe":true,"id":"FF0E434BBFF3D49293B330B349AF85B9"},"messageTimestamp":1753400268},{"key":{"remoteJid":"201208328890@s.whatsapp.net","fromMe":true,"id":"DCBB47AE93C655DB875C609575E5FBFA"},"messageTimestamp":1753400276},{"key":{"remoteJid":"201208328890@s.whatsapp.net","fromMe":true,"id":"FD704B89F30AF02A8F08F5DAF979A579"},"messageTimestamp":1753400282},{"key":{"remoteJid":"201208328890@s.whatsapp.net","fromMe":true,"id":"5A385E78019D486A276F8CA03F218323"},"messageTimestamp":1753400285}],"nextPreKeyId":33,"firstUnuploadedPreKeyId":33,"accountSyncCounter":1,"accountSettings":{"unarchiveChats":false},"deviceId":"4T_3P4tvRsKbYO6_jSQI4g","phoneId":"05f2a4eb-086f-40cf-8328-fe1e94d3c01d","identityId":{"type":"Buffer","data":"BW/4Hr2pXySm/2dvTSGlTbpsVFo="},"registered":true,"backupToken":{"type":"Buffer","data":"pOn7a9v8NENGE+zh/F2v18YB4Gw="},"registration":{},"pairingCode":"L41BGD91","lastPropHash":"1K4hH4","routingInfo":{"type":"Buffer","data":"CBIICA=="},"me":{"id":"201208328890:1@s.whatsapp.net","name":"🫆","jid":"201208328890@s.whatsapp.net","lid":"194043032117446:1@lid"},"account":{"details":"CJz+kv0DELKHi8QGGAEgACgA","accountSignatureKey":"ZlwhqaMmrquCELVPWEbZJAzHQc8OVnX5h/mBOASTuCE=","accountSignature":"U0RSLf3EhjirzmbW3oWsecbToVGBJAi/yAJ29bdy6w890VUV16GI6vmVPxbxMBIFMoEDxCFQX2r61XqnzBrDBA==","deviceSignature":"ME0a+yRUkvNQMgdjAnxb4O4f2ZasZ8ybJPQsQpTlh1hEMk/2I4nHwN5tlAPOi2uZ3PtQrne2WKOo79NxP/74jg=="},"signalIdentities":[{"identifier":{"name":"201208328890:1@s.whatsapp.net","deviceId":0},"identifierKey":{"type":"Buffer","data":"BWZcIamjJq6rghC1T1hG2SQMx0HPDlZ1+Yf5gTgEk7gh"}}],"platform":"android","lastAccountSyncTimestamp":1753400245,"myAppStateKeyId":"AAAAANrM"}