[{"senderKeyId":1953606581,"senderChainKey":{"iteration":30,"seed":"1gaKScorPpq3EpX6KHG4Bb5SYwwzw/vxz5CmfFVojkc="},"senderSigningKey":{"public":"BTwx3UY6HYICE5bpvMYV6KWXeSMF1HwfyGL6/crI0fEU"},"senderMessageKeys":[]},{"senderKeyId":1953606581,"senderChainKey":{"iteration":30,"seed":"1gaKScorPpq3EpX6KHG4Bb5SYwwzw/vxz5CmfFVojkc="},"senderSigningKey":{"public":"BTwx3UY6HYICE5bpvMYV6KWXeSMF1HwfyGL6/crI0fEU"},"senderMessageKeys":[]},{"senderKeyId":1953606581,"senderChainKey":{"iteration":31,"seed":"IQ6QnwLu2oFThwp/GyltUXw38PAeGKYQuev4jZ6+rcA="},"senderSigningKey":{"public":"BTwx3UY6HYICE5bpvMYV6KWXeSMF1HwfyGL6/crI0fEU"},"senderMessageKeys":[]},{"senderKeyId":1953606581,"senderChainKey":{"iteration":42,"seed":"Dj9GBN+r/fS6PwaIdBL/tmAly62eXtZdaUaA0Fezs+I="},"senderSigningKey":{"public":"BTwx3UY6HYICE5bpvMYV6KWXeSMF1HwfyGL6/crI0fEU"},"senderMessageKeys":[]},{"senderKeyId":807613640,"senderChainKey":{"iteration":7,"seed":"1AQAk+147YAzp2uWlWn4fQr2l0Cjx3nM5PFQ/BCfZwk="},"senderSigningKey":{"public":"BdLVfPUmlOUmrCVoczDRXkg/CTElMGdCOZzsNxHkxBMz"}}]