{"201104384250@s.whatsapp.net":true,"201123188508@s.whatsapp.net":true,"201120622817@s.whatsapp.net":true,"201094631554@s.whatsapp.net":true,"201146830036@s.whatsapp.net":true,"201092077098@s.whatsapp.net":true,"201013302283@s.whatsapp.net":true,"201559227221@s.whatsapp.net":true,"201116407708@s.whatsapp.net":true,"201286271209@s.whatsapp.net":true,"201006012965@s.whatsapp.net":true,"201140393485@s.whatsapp.net":true,"201112481870@s.whatsapp.net":true,"201093309171@s.whatsapp.net":true,"201102288137@s.whatsapp.net":true,"201226257675@s.whatsapp.net":true,"201551221652@s.whatsapp.net":true,"201275020643@s.whatsapp.net":true,"201275020643:21@s.whatsapp.net":true,"201226900173@s.whatsapp.net":true,"201150817778@s.whatsapp.net":true,"201276268021@s.whatsapp.net":true,"201211800492@s.whatsapp.net":true,"201103085174@s.whatsapp.net":true,"201009236493@s.whatsapp.net":true,"201064980317@s.whatsapp.net":true,"201222585323@s.whatsapp.net":true,"201282828635@s.whatsapp.net":true,"201127083348@s.whatsapp.net":true,"201027054297@s.whatsapp.net":true,"201029530693@s.whatsapp.net":true,"201220954971@s.whatsapp.net":true,"201064618330@s.whatsapp.net":true,"201283639257@s.whatsapp.net":true,"201104216687@s.whatsapp.net":true,"201101631357@s.whatsapp.net":true,"201111202931@s.whatsapp.net":true,"201276077490@s.whatsapp.net":true,"201202152120@s.whatsapp.net":true,"201146974778@s.whatsapp.net":true,"201272180542@s.whatsapp.net":true,"201121472383@s.whatsapp.net":true,"201018031423@s.whatsapp.net":true,"201207763589@s.whatsapp.net":true,"201012797301@s.whatsapp.net":true,"201125085009@s.whatsapp.net":true,"201095563251@s.whatsapp.net":true,"201127807293@s.whatsapp.net":true,"201156446319@s.whatsapp.net":true,"201016818739@s.whatsapp.net":true,"201103758841@s.whatsapp.net":true,"201212562145@s.whatsapp.net":true,"201212562145:47@s.whatsapp.net":true,"201069726116@s.whatsapp.net":true,"201557070546@s.whatsapp.net":true,"201067418466@s.whatsapp.net":true,"201154656189@s.whatsapp.net":true,"201068877904@s.whatsapp.net":true,"201289667426@s.whatsapp.net":true,"201050511667@s.whatsapp.net":true,"201145222302@s.whatsapp.net":true,"201115082418@s.whatsapp.net":true,"201112291690@s.whatsapp.net":true,"201004096293@s.whatsapp.net":true,"201145824269@s.whatsapp.net":true,"201221395020@s.whatsapp.net":true,"201221395020:1@s.whatsapp.net":true,"201557063076@s.whatsapp.net":true,"201557063076:1@s.whatsapp.net":true,"201280160133@s.whatsapp.net":true,"201127975473@s.whatsapp.net":true,"201096953244@s.whatsapp.net":true,"201094927768@s.whatsapp.net":true,"201144350468@s.whatsapp.net":true,"201282257083@s.whatsapp.net":true,"201127641546@s.whatsapp.net":true,"201127641546:37@s.whatsapp.net":true,"201200548021@s.whatsapp.net":true,"201114216717@s.whatsapp.net":true,"201094429473@s.whatsapp.net":true,"201208741519@s.whatsapp.net":true,"201023874860@s.whatsapp.net":true,"201040771809@s.whatsapp.net":true,"201148594891@s.whatsapp.net":true,"201203184976@s.whatsapp.net":true,"201092189342@s.whatsapp.net":true,"201021044207@s.whatsapp.net":true,"201061262886@s.whatsapp.net":true,"201012578135@s.whatsapp.net":true,"201226213280@s.whatsapp.net":true,"201050136221@s.whatsapp.net":true,"201016970044@s.whatsapp.net":true,"201095625545@s.whatsapp.net":true,"201275265577@s.whatsapp.net":true,"201286090545@s.whatsapp.net":true,"201155789948@s.whatsapp.net":true,"201115850323@s.whatsapp.net":true,"201080649248@s.whatsapp.net":true,"201094448157@s.whatsapp.net":true,"201114580279@s.whatsapp.net":true,"201092145974@s.whatsapp.net":true,"201092483767@s.whatsapp.net":true,"201021147303@s.whatsapp.net":true,"201025493046@s.whatsapp.net":true,"201140276709@s.whatsapp.net":true,"201140276709:31@s.whatsapp.net":true,"201140789263@s.whatsapp.net":true,"201063860836@s.whatsapp.net":true,"201019021884@s.whatsapp.net":true,"201069551368@s.whatsapp.net":true,"201027263153@s.whatsapp.net":true,"201148091705@s.whatsapp.net":true,"201121676992@s.whatsapp.net":true,"201080268123@s.whatsapp.net":true,"201118074183@s.whatsapp.net":true,"201118074183:1@s.whatsapp.net":true,"201118074183:3@s.whatsapp.net":true,"201126586110@s.whatsapp.net":true,"201505929695@s.whatsapp.net":true,"201014707959@s.whatsapp.net":true,"201129432390@s.whatsapp.net":true,"201128339585@s.whatsapp.net":true,"201159241218@s.whatsapp.net":true,"201061157055@s.whatsapp.net":true,"201152698035@s.whatsapp.net":true,"201220140433@s.whatsapp.net":true,"201226456106@s.whatsapp.net":true,"201202334897@s.whatsapp.net":true,"201030921851@s.whatsapp.net":true,"201202291678@s.whatsapp.net":true,"201289311916@s.whatsapp.net":true,"201094470590@s.whatsapp.net":true,"201142952467@s.whatsapp.net":true,"201104706563@s.whatsapp.net":true,"201099917326@s.whatsapp.net":true,"201040678110@s.whatsapp.net":true,"201157818867@s.whatsapp.net":true,"201142768328@s.whatsapp.net":true,"201063085116@s.whatsapp.net":true,"201112398259@s.whatsapp.net":true,"201030951991@s.whatsapp.net":true,"201554160227@s.whatsapp.net":true,"201554160227:4@s.whatsapp.net":true,"201069497930@s.whatsapp.net":true,"201012591946@s.whatsapp.net":true,"201557601468@s.whatsapp.net":true,"201149658448@s.whatsapp.net":true,"201128771425@s.whatsapp.net":true,"201227719588@s.whatsapp.net":true,"201274861164@s.whatsapp.net":true,"201273622281@s.whatsapp.net":true,"201008759186@s.whatsapp.net":true,"201503791546@s.whatsapp.net":true,"201150005041@s.whatsapp.net":true,"201508469336@s.whatsapp.net":true,"201115392111@s.whatsapp.net":true,"201278400029@s.whatsapp.net":true,"201273647026@s.whatsapp.net":true,"201150155466@s.whatsapp.net":true,"201001497881@s.whatsapp.net":true,"201285123368@s.whatsapp.net":true,"201015543760@s.whatsapp.net":true,"201289539973@s.whatsapp.net":true,"201222431248@s.whatsapp.net":true,"201030671821@s.whatsapp.net":true,"201066964127@s.whatsapp.net":true,"201067052818@s.whatsapp.net":true,"201093505288@s.whatsapp.net":true,"201060546395@s.whatsapp.net":true,"201154306768@s.whatsapp.net":true,"201208540917@s.whatsapp.net":true,"201094578468@s.whatsapp.net":true,"201101800699@s.whatsapp.net":true,"201050860270@s.whatsapp.net":true,"201208358666@s.whatsapp.net":true,"201116431226@s.whatsapp.net":true,"201145548558@s.whatsapp.net":true,"201016871352@s.whatsapp.net":true,"201141094505@s.whatsapp.net":true,"201125799321@s.whatsapp.net":true,"201012555070@s.whatsapp.net":true,"201096141489@s.whatsapp.net":true,"201224380911@s.whatsapp.net":true,"201010272553@s.whatsapp.net":true,"201033266247@s.whatsapp.net":true,"201122422459@s.whatsapp.net":true,"201274109300@s.whatsapp.net":true,"201201798568@s.whatsapp.net":true,"201094439973@s.whatsapp.net":true,"201200764305@s.whatsapp.net":true,"201284876406@s.whatsapp.net":true,"201210180598@s.whatsapp.net":true,"201113196342@s.whatsapp.net":true,"201001452383@s.whatsapp.net":true,"201102848309@s.whatsapp.net":true,"201556825962@s.whatsapp.net":true,"201554053608@s.whatsapp.net":true,"201221476588@s.whatsapp.net":true,"201006556423@s.whatsapp.net":true,"201025085845@s.whatsapp.net":true,"201149181212@s.whatsapp.net":true,"201155435681@s.whatsapp.net":true,"201204227457@s.whatsapp.net":true,"201104251858@s.whatsapp.net":true,"201000609844@s.whatsapp.net":true,"201122623407@s.whatsapp.net":true,"201279672920@s.whatsapp.net":true,"201062710074@s.whatsapp.net":true,"201095756108@s.whatsapp.net":true,"201101788216@s.whatsapp.net":true,"201023715113@s.whatsapp.net":true,"201027528932@s.whatsapp.net":true,"201158986478@s.whatsapp.net":true,"201065206489@s.whatsapp.net":true,"201012163899@s.whatsapp.net":true,"201032537361@s.whatsapp.net":true,"201212595022@s.whatsapp.net":true,"201030477636@s.whatsapp.net":true,"201090897606@s.whatsapp.net":true,"201124689189@s.whatsapp.net":true,"201143217312@s.whatsapp.net":true,"201153942459@s.whatsapp.net":true,"201286165178@s.whatsapp.net":true,"201147678818@s.whatsapp.net":true,"201508714075@s.whatsapp.net":true,"201153607949@s.whatsapp.net":true,"201017975974@s.whatsapp.net":true,"201124426901@s.whatsapp.net":true,"201126863572@s.whatsapp.net":true,"201026598170@s.whatsapp.net":true,"201067672615@s.whatsapp.net":true,"201096433843@s.whatsapp.net":true,"201096433843:5@s.whatsapp.net":true,"201554050489@s.whatsapp.net":true,"201154978193@s.whatsapp.net":true,"201154978193:5@s.whatsapp.net":true,"201275196724@s.whatsapp.net":true,"201152392201@s.whatsapp.net":true,"201110822148@s.whatsapp.net":true,"201007580668@s.whatsapp.net":true,"201550174510@s.whatsapp.net":true,"201068728943@s.whatsapp.net":true,"201276078084@s.whatsapp.net":true,"201118344130@s.whatsapp.net":true,"201016344894@s.whatsapp.net":true,"201116543895@s.whatsapp.net":true,"201212309537@s.whatsapp.net":true,"201140557616@s.whatsapp.net":true,"201121210562@s.whatsapp.net":true,"201033061242@s.whatsapp.net":true,"201033061242:10@s.whatsapp.net":true,"201555619298@s.whatsapp.net":true,"201555619298:64@s.whatsapp.net":true,"201555619298:65@s.whatsapp.net":true,"201285528161@s.whatsapp.net":true,"201009848253@s.whatsapp.net":true,"201158074225@s.whatsapp.net":true,"201228401136@s.whatsapp.net":true,"201140272646@s.whatsapp.net":true,"201028174369@s.whatsapp.net":true,"201033064445@s.whatsapp.net":true,"201007125616@s.whatsapp.net":true,"201507857725@s.whatsapp.net":true,"201118245844@s.whatsapp.net":true,"201158159560@s.whatsapp.net":true,"201140559692@s.whatsapp.net":true,"201286337609@s.whatsapp.net":true,"201113197487@s.whatsapp.net":true,"201202963136@s.whatsapp.net":true,"201200910446@s.whatsapp.net":true,"201200910446:35@s.whatsapp.net":true,"201152042218@s.whatsapp.net":true,"201123340486@s.whatsapp.net":true,"201024143876@s.whatsapp.net":true,"201025928620@s.whatsapp.net":true,"201154555457@s.whatsapp.net":true,"201276536950@s.whatsapp.net":true,"201025463757@s.whatsapp.net":true,"201154601932@s.whatsapp.net":true,"201100611690@s.whatsapp.net":true,"201099907152@s.whatsapp.net":true,"201070723274@s.whatsapp.net":true,"201203215061@s.whatsapp.net":true,"201555766893@s.whatsapp.net":true,"201063900484@s.whatsapp.net":true,"201109968324@s.whatsapp.net":true,"201022530597@s.whatsapp.net":true,"201023299470@s.whatsapp.net":true,"201112447756@s.whatsapp.net":true,"201004239705@s.whatsapp.net":true,"201019543340@s.whatsapp.net":true,"201155413857@s.whatsapp.net":true,"201026476473@s.whatsapp.net":true,"201107794725@s.whatsapp.net":true,"201149012407@s.whatsapp.net":true,"201279195554@s.whatsapp.net":true,"201279885399@s.whatsapp.net":true,"201028763875@s.whatsapp.net":true,"201228625103@s.whatsapp.net":true,"201092375632@s.whatsapp.net":true,"201114664027@s.whatsapp.net":true,"201114664027:2@s.whatsapp.net":true,"201069301624@s.whatsapp.net":true,"201157069474@s.whatsapp.net":true,"201014856592@s.whatsapp.net":true,"201014848557@s.whatsapp.net":true,"201002705305@s.whatsapp.net":true,"201220925518@s.whatsapp.net":true,"201220925518:31@s.whatsapp.net":true,"201021677923@s.whatsapp.net":true,"201501636101@s.whatsapp.net":true,"201501636101:72@s.whatsapp.net":true,"201501636101:73@s.whatsapp.net":true,"201501636101:77@s.whatsapp.net":true,"201501636101:78@s.whatsapp.net":true,"201285772234@s.whatsapp.net":true,"201010178780@s.whatsapp.net":true,"201011328769@s.whatsapp.net":true,"201094267206@s.whatsapp.net":true,"201559057065@s.whatsapp.net":true,"201032607321@s.whatsapp.net":true,"201205921981@s.whatsapp.net":true,"201150779345@s.whatsapp.net":true,"201122515323@s.whatsapp.net":true,"201144256223@s.whatsapp.net":true,"201055363786@s.whatsapp.net":true,"201040589200@s.whatsapp.net":true,"201208619611@s.whatsapp.net":true,"201004972478@s.whatsapp.net":true,"201145327899@s.whatsapp.net":true,"201125681405@s.whatsapp.net":true,"201125974560@s.whatsapp.net":true,"201067869823@s.whatsapp.net":true,"201067869823:23@s.whatsapp.net":true,"201067869823:24@s.whatsapp.net":true,"201012560794@s.whatsapp.net":true,"201044783179@s.whatsapp.net":true,"201128011047@s.whatsapp.net":true,"201001035528@s.whatsapp.net":true,"201503071665@s.whatsapp.net":true,"201281965138@s.whatsapp.net":true,"201284604505@s.whatsapp.net":true,"201092035353@s.whatsapp.net":true,"201092035353:69@s.whatsapp.net":true,"201092035353:70@s.whatsapp.net":true,"201025164438@s.whatsapp.net":true,"201115053987@s.whatsapp.net":true,"201033845981@s.whatsapp.net":true,"201282785703@s.whatsapp.net":true,"201010482177@s.whatsapp.net":true,"201061822347@s.whatsapp.net":true,"201119034501@s.whatsapp.net":true,"201096500292@s.whatsapp.net":true,"201096500292:39@s.whatsapp.net":true,"201553229261@s.whatsapp.net":true,"201020583069@s.whatsapp.net":true,"201003017547@s.whatsapp.net":true,"201140301368@s.whatsapp.net":true,"201118175428@s.whatsapp.net":true,"201110499092@s.whatsapp.net":true,"201115347476@s.whatsapp.net":true,"201013231710@s.whatsapp.net":true,"201102889380@s.whatsapp.net":true,"201151863897@s.whatsapp.net":true,"201096128498@s.whatsapp.net":true,"201274295497@s.whatsapp.net":true,"201127003673@s.whatsapp.net":true,"201124274770@s.whatsapp.net":true,"201205520062@s.whatsapp.net":true,"201205520062:8@s.whatsapp.net":true,"201274221450@s.whatsapp.net":true,"201029915526@s.whatsapp.net":true,"201113891043@s.whatsapp.net":true,"201091355129@s.whatsapp.net":true,"201091355129:11@s.whatsapp.net":true,"201557510103@s.whatsapp.net":true,"201090692513@s.whatsapp.net":true,"201090692513:13@s.whatsapp.net":true,"201028774048@s.whatsapp.net":true,"201094801038@s.whatsapp.net":true,"201287177040@s.whatsapp.net":true,"201044068202@s.whatsapp.net":true,"201276684121@s.whatsapp.net":true,"966508159137@s.whatsapp.net":true,"201119440703@s.whatsapp.net":true,"201108235761@s.whatsapp.net":true,"201068523547@s.whatsapp.net":true,"201287507242@s.whatsapp.net":true,"201274461328@s.whatsapp.net":true,"201122454053@s.whatsapp.net":true,"201013787465@s.whatsapp.net":true,"201029433809@s.whatsapp.net":true,"201289393411@s.whatsapp.net":true,"201019257681@s.whatsapp.net":true,"201095864721@s.whatsapp.net":true,"201026004402@s.whatsapp.net":true,"201557053748@s.whatsapp.net":true,"201118268935@s.whatsapp.net":true,"201115120149@s.whatsapp.net":true,"201501947170@s.whatsapp.net":true,"201008227172@s.whatsapp.net":true,"201125574686@s.whatsapp.net":true,"201552018058@s.whatsapp.net":true,"201070143178@s.whatsapp.net":true,"201505974586@s.whatsapp.net":true,"201093840977@s.whatsapp.net":true,"201010751636@s.whatsapp.net":true,"201289178856@s.whatsapp.net":true,"201556012451@s.whatsapp.net":true,"201289009075@s.whatsapp.net":true,"201028350107@s.whatsapp.net":true,"201201129205@s.whatsapp.net":true,"201030912030@s.whatsapp.net":true,"201229525836@s.whatsapp.net":true,"201283913589@s.whatsapp.net":true,"201066485399@s.whatsapp.net":true,"201227824332@s.whatsapp.net":true,"201012564168@s.whatsapp.net":true,"201098287028@s.whatsapp.net":true,"201114294040@s.whatsapp.net":true,"201211874322@s.whatsapp.net":true,"201551768933@s.whatsapp.net":true,"201550697592@s.whatsapp.net":true,"201207016889@s.whatsapp.net":true,"201124455914@s.whatsapp.net":true,"201124828938@s.whatsapp.net":true,"201029184255@s.whatsapp.net":true,"201129301833@s.whatsapp.net":true,"201129301833:13@s.whatsapp.net":true,"201117722059@s.whatsapp.net":true,"201097245715@s.whatsapp.net":true,"201503688114@s.whatsapp.net":true,"201503688114:8@s.whatsapp.net":true,"201028532909@s.whatsapp.net":true,"201100834994@s.whatsapp.net":true,"201553942495@s.whatsapp.net":true,"201020296089@s.whatsapp.net":true,"201277486213@s.whatsapp.net":true,"201277486213:1@s.whatsapp.net":true,"201286533655@s.whatsapp.net":true,"201203614281@s.whatsapp.net":true,"201150217494@s.whatsapp.net":true,"201000833251@s.whatsapp.net":true,"201000833251:9@s.whatsapp.net":true,"201000833251:10@s.whatsapp.net":true,"201028467480@s.whatsapp.net":true,"201028467480:34@s.whatsapp.net":true,"201019224200@s.whatsapp.net":true,"201019224200:21@s.whatsapp.net":true,"201019224200:22@s.whatsapp.net":true,"201284885926@s.whatsapp.net":true,"201559887285@s.whatsapp.net":true,"201061331405@s.whatsapp.net":true,"201123708279@s.whatsapp.net":true,"201065945753@s.whatsapp.net":true,"201112906950@s.whatsapp.net":true,"201276234213@s.whatsapp.net":true,"201123745166@s.whatsapp.net":true,"201107513452@s.whatsapp.net":true,"201014461569@s.whatsapp.net":true,"201061186174@s.whatsapp.net":true,"201201545506@s.whatsapp.net":true,"201003204860@s.whatsapp.net":true,"201151973655@s.whatsapp.net":true,"201141629633@s.whatsapp.net":true,"201277139340@s.whatsapp.net":true,"201032308093@s.whatsapp.net":true,"201097215450@s.whatsapp.net":true,"201282821594@s.whatsapp.net":true,"201091494006@s.whatsapp.net":true,"201096338492@s.whatsapp.net":true,"201221855484@s.whatsapp.net":true,"201221855484:3@s.whatsapp.net":true,"201024060470@s.whatsapp.net":true,"201279959324@s.whatsapp.net":true,"201022155353@s.whatsapp.net":true,"201122811214@s.whatsapp.net":true,"201033701265@s.whatsapp.net":true,"201276465837@s.whatsapp.net":true,"201103661160@s.whatsapp.net":true,"201103661160:8@s.whatsapp.net":true,"201102845821@s.whatsapp.net":true,"201102845821:2@s.whatsapp.net":true,"201102845821:6@s.whatsapp.net":true,"201288263278@s.whatsapp.net":true,"201288263278:4@s.whatsapp.net":true,"201158974504@s.whatsapp.net":true,"201158974504:13@s.whatsapp.net":true,"201158974504:14@s.whatsapp.net":true,"201223569689@s.whatsapp.net":true,"201288101272@s.whatsapp.net":true,"201096954648@s.whatsapp.net":true,"201280543720@s.whatsapp.net":true,"201092556520@s.whatsapp.net":true,"201065618544@s.whatsapp.net":true,"201097087741@s.whatsapp.net":true,"201111421962@s.whatsapp.net":true,"201066472268@s.whatsapp.net":true,"201276879556@s.whatsapp.net":true,"201202613451@s.whatsapp.net":true,"201210270667@s.whatsapp.net":true,"201064121036@s.whatsapp.net":true,"201019058043@s.whatsapp.net":true,"201006704742@s.whatsapp.net":true,"201112691774@s.whatsapp.net":true,"201275117220@s.whatsapp.net":true,"201099145665@s.whatsapp.net":true,"201225996730@s.whatsapp.net":true,"201150507760@s.whatsapp.net":true,"201150507760:12@s.whatsapp.net":true,"201288598580@s.whatsapp.net":true,"201094750888@s.whatsapp.net":true,"201006880495@s.whatsapp.net":true,"201202305671@s.whatsapp.net":true,"201021794288@s.whatsapp.net":true,"201021794288:15@s.whatsapp.net":true,"201201991933@s.whatsapp.net":true,"201118476036@s.whatsapp.net":true,"201149739652@s.whatsapp.net":true,"201016237262@s.whatsapp.net":true,"201124807237@s.whatsapp.net":true,"201099272973@s.whatsapp.net":true,"201101665442@s.whatsapp.net":true,"201022225784@s.whatsapp.net":true,"201022225784:10@s.whatsapp.net":true,"201065687727@s.whatsapp.net":true,"201143583656@s.whatsapp.net":true,"201201712142@s.whatsapp.net":true,"201221755872@s.whatsapp.net":true,"201006278231@s.whatsapp.net":true,"201070349267@s.whatsapp.net":true,"201118547116@s.whatsapp.net":true,"201027218364@s.whatsapp.net":true,"201027218364:22@s.whatsapp.net":true,"201220542130@s.whatsapp.net":true,"201050023602@s.whatsapp.net":true,"201050023602:4@s.whatsapp.net":true,"201094580376@s.whatsapp.net":true,"201145497524@s.whatsapp.net":true,"201228156497@s.whatsapp.net":true,"201050710940@s.whatsapp.net":true,"201153283414@s.whatsapp.net":true,"201012567191@s.whatsapp.net":true,"201017572144@s.whatsapp.net":true,"201017572144:45@s.whatsapp.net":true,"201017572144:46@s.whatsapp.net":true,"201017572144:47@s.whatsapp.net":true,"201017572144:49@s.whatsapp.net":true,"201118470834@s.whatsapp.net":true,"201032477903@s.whatsapp.net":true,"201032477903:23@s.whatsapp.net":true,"201114655360@s.whatsapp.net":true,"201114655360:3@s.whatsapp.net":true,"201151728266@s.whatsapp.net":true,"201270852587@s.whatsapp.net":true,"201050762253@s.whatsapp.net":true,"201285101071@s.whatsapp.net":true,"201129382059@s.whatsapp.net":true,"201129382059:69@s.whatsapp.net":true,"201129382059:70@s.whatsapp.net":true,"201128791277@s.whatsapp.net":true,"201119465571@s.whatsapp.net":true,"201140964792@s.whatsapp.net":true,"201017308287@s.whatsapp.net":true,"201067894963@s.whatsapp.net":true,"201067894963:21@s.whatsapp.net":true,"201112139842@s.whatsapp.net":true,"201102610668@s.whatsapp.net":true,"201224734585@s.whatsapp.net":true,"201020609458@s.whatsapp.net":true,"201223230227@s.whatsapp.net":true,"201060364462@s.whatsapp.net":true,"201286089198@s.whatsapp.net":true,"201013181923@s.whatsapp.net":true,"201202561327@s.whatsapp.net":true,"201013527689@s.whatsapp.net":true,"201011957541@s.whatsapp.net":true,"201281681360@s.whatsapp.net":true,"201142539419@s.whatsapp.net":true,"201503156321@s.whatsapp.net":true,"201222459286@s.whatsapp.net":true,"201204156873@s.whatsapp.net":true,"201220605946@s.whatsapp.net":true,"201550442787@s.whatsapp.net":true,"201007925924@s.whatsapp.net":true,"201055358851@s.whatsapp.net":true,"201227907782@s.whatsapp.net":true,"201123425769@s.whatsapp.net":true,"201220268333@s.whatsapp.net":true,"201097142275@s.whatsapp.net":true,"201015510512@s.whatsapp.net":true,"201275528540@s.whatsapp.net":true,"201275856830@s.whatsapp.net":true,"201283697691@s.whatsapp.net":true,"201004393114@s.whatsapp.net":true,"201202688763@s.whatsapp.net":true,"201115292273@s.whatsapp.net":true,"201122314487@s.whatsapp.net":true,"201122314487:9@s.whatsapp.net":true,"201063934975@s.whatsapp.net":true,"201063934975:1@s.whatsapp.net":true,"201063934975:2@s.whatsapp.net":true,"201067950007@s.whatsapp.net":true,"201100072435@s.whatsapp.net":true,"201206518933@s.whatsapp.net":true,"201153839044@s.whatsapp.net":true,"201117655721@s.whatsapp.net":true,"201023618923@s.whatsapp.net":true,"201271581676@s.whatsapp.net":true,"201225506178@s.whatsapp.net":true,"201019454200@s.whatsapp.net":true,"201018619536@s.whatsapp.net":true,"201026906234@s.whatsapp.net":true,"201553699659@s.whatsapp.net":true,"201553699659:56@s.whatsapp.net":true,"201069137816@s.whatsapp.net":true,"201020347355@s.whatsapp.net":true,"201113085884@s.whatsapp.net":true,"201221797541@s.whatsapp.net":true,"201203509165@s.whatsapp.net":true,"201069762553@s.whatsapp.net":true,"201033104075@s.whatsapp.net":true,"201027891507@s.whatsapp.net":true,"201097321673@s.whatsapp.net":true,"201212635625@s.whatsapp.net":true,"201024642471@s.whatsapp.net":true,"201508483627@s.whatsapp.net":true,"201065532494@s.whatsapp.net":true,"201144735031@s.whatsapp.net":true,"201102404388@s.whatsapp.net":true,"201023421509@s.whatsapp.net":true,"201112050655@s.whatsapp.net":true,"201026166011@s.whatsapp.net":true,"201226430455@s.whatsapp.net":true,"201129782848@s.whatsapp.net":true,"201019142122@s.whatsapp.net":true,"201019142122:8@s.whatsapp.net":true,"201105718667@s.whatsapp.net":true,"201015104371@s.whatsapp.net":true,"201128071561@s.whatsapp.net":true,"201283482476@s.whatsapp.net":true,"201288127478@s.whatsapp.net":true,"201211303472@s.whatsapp.net":true,"201004394988@s.whatsapp.net":true,"201069799973@s.whatsapp.net":true,"201007681092@s.whatsapp.net":true,"201141687231@s.whatsapp.net":true,"201226050306@s.whatsapp.net":true,"201013235035@s.whatsapp.net":true,"201146200203@s.whatsapp.net":true,"201205456766@s.whatsapp.net":true,"201096817434@s.whatsapp.net":true,"201556252398@s.whatsapp.net":true,"201123633552@s.whatsapp.net":true,"201276561344@s.whatsapp.net":true,"201099205016@s.whatsapp.net":true,"201022185532@s.whatsapp.net":true,"201128155205@s.whatsapp.net":true,"201026354721@s.whatsapp.net":true,"201068475277@s.whatsapp.net":true,"201123552834@s.whatsapp.net":true,"201123552834:44@s.whatsapp.net":true,"201277285449@s.whatsapp.net":true,"201127073034@s.whatsapp.net":true,"201066932424@s.whatsapp.net":true,"201507208453@s.whatsapp.net":true,"201125206505@s.whatsapp.net":true,"201119332626@s.whatsapp.net":true,"201277650472@s.whatsapp.net":true,"201272557141@s.whatsapp.net":true,"201110836276@s.whatsapp.net":true,"201552004893@s.whatsapp.net":true,"201555944914@s.whatsapp.net":true,"201114243767@s.whatsapp.net":true,"201009886819@s.whatsapp.net":true,"201064878618@s.whatsapp.net":true,"201287475060@s.whatsapp.net":true,"201212735778@s.whatsapp.net":true,"201204929567@s.whatsapp.net":true,"201154415417@s.whatsapp.net":true,"201080107970@s.whatsapp.net":true,"201286754696@s.whatsapp.net":true,"201552503691@s.whatsapp.net":true,"201288524077@s.whatsapp.net":true,"201115124836@s.whatsapp.net":true,"201115462157@s.whatsapp.net":true,"201050768503@s.whatsapp.net":true,"201103776305@s.whatsapp.net":true,"201032410809@s.whatsapp.net":true,"201507626220@s.whatsapp.net":true,"201103085637@s.whatsapp.net":true,"201028775524@s.whatsapp.net":true,"201113741086@s.whatsapp.net":true,"201284438896@s.whatsapp.net":true,"201117769573@s.whatsapp.net":true,"201032158104@s.whatsapp.net":true,"201032158104:12@s.whatsapp.net":true,"201069213523@s.whatsapp.net":true,"201550057010@s.whatsapp.net":true,"201102017104@s.whatsapp.net":true,"201284559734@s.whatsapp.net":true,"201508447755@s.whatsapp.net":true,"201008570344@s.whatsapp.net":true,"201152313846@s.whatsapp.net":true,"201282204548@s.whatsapp.net":true,"201102911000@s.whatsapp.net":true,"201105184714@s.whatsapp.net":true,"201094130554@s.whatsapp.net":true,"201556372963@s.whatsapp.net":true,"201102275672@s.whatsapp.net":true,"201009350312@s.whatsapp.net":true,"201012397937@s.whatsapp.net":true,"201067581785@s.whatsapp.net":true,"201094019326@s.whatsapp.net":true,"201094019326:1@s.whatsapp.net":true,"201270010954@s.whatsapp.net":true,"201270010954:4@s.whatsapp.net":true,"201270010954:5@s.whatsapp.net":true,"201507303138@s.whatsapp.net":true,"201104435124@s.whatsapp.net":true,"201103072525@s.whatsapp.net":true,"201068127308@s.whatsapp.net":true,"201222620997@s.whatsapp.net":true,"201152649926@s.whatsapp.net":true,"201114977938@s.whatsapp.net":true,"201206102681@s.whatsapp.net":true,"201286031486@s.whatsapp.net":true,"201033370137@s.whatsapp.net":true,"201550271488@s.whatsapp.net":true,"201550271488:76@s.whatsapp.net":true,"201550271488:78@s.whatsapp.net":true,"201550271488:79@s.whatsapp.net":true,"201550271488:80@s.whatsapp.net":true,"201208328890@s.whatsapp.net":true,"201120191540@s.whatsapp.net":true,"201220800288@s.whatsapp.net":true,"201002078847@s.whatsapp.net":true,"201093437448@s.whatsapp.net":true,"201128614084@s.whatsapp.net":true,"201226115163@s.whatsapp.net":true,"201156615850@s.whatsapp.net":true,"201153629199@s.whatsapp.net":true,"201029210507@s.whatsapp.net":true,"201091029474@s.whatsapp.net":true,"201104754476@s.whatsapp.net":true,"201285763171@s.whatsapp.net":true,"201023933558@s.whatsapp.net":true,"201156441697@s.whatsapp.net":true,"201507256186@s.whatsapp.net":true,"201067353175@s.whatsapp.net":true,"201067353175:15@s.whatsapp.net":true,"201050952384@s.whatsapp.net":true,"201227453226@s.whatsapp.net":true,"201147217759@s.whatsapp.net":true,"201110491771@s.whatsapp.net":true,"201205582843@s.whatsapp.net":true,"201212275345@s.whatsapp.net":true,"201128505904@s.whatsapp.net":true,"201032601797@s.whatsapp.net":true,"201149665478@s.whatsapp.net":true,"201050710513@s.whatsapp.net":true,"201551168063@s.whatsapp.net":true,"201140692167@s.whatsapp.net":true,"201025827939@s.whatsapp.net":true,"201557409101@s.whatsapp.net":true,"201275298511@s.whatsapp.net":true,"201114615719@s.whatsapp.net":true,"201021882330@s.whatsapp.net":true,"201021882330:13@s.whatsapp.net":true,"201092150286@s.whatsapp.net":true,"201200648063@s.whatsapp.net":true,"201027515347@s.whatsapp.net":true,"201101375133@s.whatsapp.net":true,"201020206506@s.whatsapp.net":true,"201146476258@s.whatsapp.net":true,"201128681765@s.whatsapp.net":true,"201226212483@s.whatsapp.net":true,"201122004292@s.whatsapp.net":true,"201152407847@s.whatsapp.net":true,"201029928456@s.whatsapp.net":true,"201278757651@s.whatsapp.net":true,"201010001734@s.whatsapp.net":true,"201154203818@s.whatsapp.net":true,"201067919868@s.whatsapp.net":true,"201050024689@s.whatsapp.net":true,"201092648748@s.whatsapp.net":true,"201014835803@s.whatsapp.net":true,"201009796887@s.whatsapp.net":true,"201032850818@s.whatsapp.net":true,"201281851153@s.whatsapp.net":true,"201018121450@s.whatsapp.net":true,"201102269054@s.whatsapp.net":true,"201275758199@s.whatsapp.net":true,"201553301059@s.whatsapp.net":true,"201001750637@s.whatsapp.net":true,"201001750637:1@s.whatsapp.net":true,"201157487057@s.whatsapp.net":true,"201015427041@s.whatsapp.net":true,"201503217791@s.whatsapp.net":true,"201211039716@s.whatsapp.net":true,"201558420011@s.whatsapp.net":true,"201096258248@s.whatsapp.net":true,"201096258248:32@s.whatsapp.net":true,"201158717757@s.whatsapp.net":true,"201158717757:2@s.whatsapp.net":true,"201050988436@s.whatsapp.net":true,"201286306574@s.whatsapp.net":true,"201551656764@s.whatsapp.net":true,"201225804799@s.whatsapp.net":true,"201029708378@s.whatsapp.net":true,"201147978508@s.whatsapp.net":true,"201147978508:2@s.whatsapp.net":true,"201147978508:3@s.whatsapp.net":true,"201121243988@s.whatsapp.net":true,"201203857760@s.whatsapp.net":true,"201117269816@s.whatsapp.net":true,"201018576915@s.whatsapp.net":true,"201044940297@s.whatsapp.net":true,"201061013243@s.whatsapp.net":true,"201211444960@s.whatsapp.net":true,"201225284478@s.whatsapp.net":true,"201287248402@s.whatsapp.net":true,"201157715162@s.whatsapp.net":true,"201091749426@s.whatsapp.net":true,"201142875340@s.whatsapp.net":true,"201022815653@s.whatsapp.net":true,"201128854370@s.whatsapp.net":true,"201080136470@s.whatsapp.net":true,"201080136470:43@s.whatsapp.net":true,"201080136470:44@s.whatsapp.net":true,"201229608949@s.whatsapp.net":true,"201507213028@s.whatsapp.net":true,"201222513598@s.whatsapp.net":true,"201503778673@s.whatsapp.net":true,"201503778673:19@s.whatsapp.net":true,"201503778673:24@s.whatsapp.net":true,"201097587889@s.whatsapp.net":true,"201278543847@s.whatsapp.net":true,"201060633904@s.whatsapp.net":true,"201080965897@s.whatsapp.net":true,"201080965897:17@s.whatsapp.net":true,"201125908383@s.whatsapp.net":true,"201157455863@s.whatsapp.net":true,"201095875087@s.whatsapp.net":true,"201204684678@s.whatsapp.net":true,"201204684678:2@s.whatsapp.net":true,"201225528479@s.whatsapp.net":true,"201100232306@s.whatsapp.net":true,"201114722812@s.whatsapp.net":true,"201151736334@s.whatsapp.net":true,"201140964500@s.whatsapp.net":true,"201091806832@s.whatsapp.net":true,"201224477396@s.whatsapp.net":true,"201273494459@s.whatsapp.net":true,"201024427855@s.whatsapp.net":true,"201121064910@s.whatsapp.net":true,"201154579622@s.whatsapp.net":true,"201028808735@s.whatsapp.net":true,"201221310983@s.whatsapp.net":true,"201550308567@s.whatsapp.net":true,"201118251759@s.whatsapp.net":true,"201118251759:5@s.whatsapp.net":true,"201118251759:7@s.whatsapp.net":true,"201146209032@s.whatsapp.net":true,"201550107814@s.whatsapp.net":true,"201289855922@s.whatsapp.net":true,"201285326060@s.whatsapp.net":true,"201226543043@s.whatsapp.net":true,"201125628634@s.whatsapp.net":true,"201211074164@s.whatsapp.net":true,"201061217456@s.whatsapp.net":true,"201095783605@s.whatsapp.net":true,"201159129182@s.whatsapp.net":true,"201220598813@s.whatsapp.net":true,"201551510023@s.whatsapp.net":true,"201228349299@s.whatsapp.net":true,"201157052286@s.whatsapp.net":true,"201115283728@s.whatsapp.net":true,"201114139199@s.whatsapp.net":true,"201114139199:11@s.whatsapp.net":true,"201113632100@s.whatsapp.net":true,"201150634908@s.whatsapp.net":true,"201210983068@s.whatsapp.net":true,"201551412015@s.whatsapp.net":true,"201147659364@s.whatsapp.net":true,"201122869862@s.whatsapp.net":true,"201095961854@s.whatsapp.net":true,"201122976051@s.whatsapp.net":true,"201550521425@s.whatsapp.net":true,"201148669741@s.whatsapp.net":true,"201110331350@s.whatsapp.net":true,"201500574346@s.whatsapp.net":true,"201065382267@s.whatsapp.net":true,"201001525515@s.whatsapp.net":true,"201001525515:6@s.whatsapp.net":true,"201126598413@s.whatsapp.net":true,"201007387371@s.whatsapp.net":true,"201553652619@s.whatsapp.net":true,"201018294908@s.whatsapp.net":true,"201111705416@s.whatsapp.net":true,"201112498452@s.whatsapp.net":true,"201151071236@s.whatsapp.net":true,"201069678379@s.whatsapp.net":true,"201099518644@s.whatsapp.net":true,"201271322193@s.whatsapp.net":true,"201101389440@s.whatsapp.net":true,"201226338033@s.whatsapp.net":true,"201270714973@s.whatsapp.net":true,"201029797047@s.whatsapp.net":true,"201032638168@s.whatsapp.net":true,"201120233485@s.whatsapp.net":true,"201508900405@s.whatsapp.net":true,"201027300944@s.whatsapp.net":true,"201100831534@s.whatsapp.net":true,"201025715033@s.whatsapp.net":true,"201221849795@s.whatsapp.net":true,"201004844987@s.whatsapp.net":true,"201033027290@s.whatsapp.net":true,"201143810855@s.whatsapp.net":true,"201010796523@s.whatsapp.net":true,"201553224155@s.whatsapp.net":true,"201278981981@s.whatsapp.net":true,"201551859281@s.whatsapp.net":true,"201060463750@s.whatsapp.net":true,"201028861391@s.whatsapp.net":true,"201275820914@s.whatsapp.net":true,"201113195230@s.whatsapp.net":true,"201018870993@s.whatsapp.net":true,"201112050958@s.whatsapp.net":true,"201126232220@s.whatsapp.net":true,"201126232220:16@s.whatsapp.net":true,"201126232220:17@s.whatsapp.net":true,"201126232220:19@s.whatsapp.net":true,"201126232220:20@s.whatsapp.net":true,"201222623982@s.whatsapp.net":true,"201013833914@s.whatsapp.net":true,"201288907952@s.whatsapp.net":true,"201508038369@s.whatsapp.net":true,"201274193384@s.whatsapp.net":true,"201270920132@s.whatsapp.net":true,"201040310918@s.whatsapp.net":true,"201060386504@s.whatsapp.net":true,"201154946584@s.whatsapp.net":true,"201204166387@s.whatsapp.net":true,"201226249385@s.whatsapp.net":true,"201096048393@s.whatsapp.net":true,"201028038962@s.whatsapp.net":true,"201067946909@s.whatsapp.net":true,"201127699018@s.whatsapp.net":true,"201212511962@s.whatsapp.net":true,"201508630099@s.whatsapp.net":true,"201277816021@s.whatsapp.net":true,"201286193842@s.whatsapp.net":true,"201004726828@s.whatsapp.net":true,"201032202135@s.whatsapp.net":true,"201093638221@s.whatsapp.net":true,"201505856194@s.whatsapp.net":true,"201067440783@s.whatsapp.net":true,"201270557100@s.whatsapp.net":true,"201031360805@s.whatsapp.net":true,"201154564008@s.whatsapp.net":true,"201008825864@s.whatsapp.net":true,"201119196611@s.whatsapp.net":true,"201143923222@s.whatsapp.net":true,"201158537849@s.whatsapp.net":true,"201202543418@s.whatsapp.net":true,"201552616448@s.whatsapp.net":true,"201032018821@s.whatsapp.net":true,"201227080105@s.whatsapp.net":true,"201284329767@s.whatsapp.net":true,"201115019698@s.whatsapp.net":true,"201557038425@s.whatsapp.net":true,"201061749628@s.whatsapp.net":true,"201141581062@s.whatsapp.net":true,"201557810078@s.whatsapp.net":true,"201064213943@s.whatsapp.net":true,"201113894012@s.whatsapp.net":true,"201281862475@s.whatsapp.net":true,"201095722488@s.whatsapp.net":true,"201032803393@s.whatsapp.net":true,"201128671486@s.whatsapp.net":true,"201147666589@s.whatsapp.net":true,"201289629588@s.whatsapp.net":true,"201156921148@s.whatsapp.net":true,"201156921148:12@s.whatsapp.net":true,"201028963727@s.whatsapp.net":true,"201125010997@s.whatsapp.net":true,"201208948224@s.whatsapp.net":true,"201007354598@s.whatsapp.net":true,"201069762763@s.whatsapp.net":true,"201287353864@s.whatsapp.net":true,"201503235167@s.whatsapp.net":true,"201104504184@s.whatsapp.net":true,"201060992041@s.whatsapp.net":true,"201098195281@s.whatsapp.net":true,"201147902498@s.whatsapp.net":true,"201113084424@s.whatsapp.net":true,"201140978621@s.whatsapp.net":true,"201208450066@s.whatsapp.net":true,"201031588655@s.whatsapp.net":true,"201115437785@s.whatsapp.net":true,"201127269287@s.whatsapp.net":true,"201142607790@s.whatsapp.net":true,"201152694387@s.whatsapp.net":true,"201146748909@s.whatsapp.net":true,"201093786670@s.whatsapp.net":true,"201553510103@s.whatsapp.net":true,"201553172015@s.whatsapp.net":true,"201101902713@s.whatsapp.net":true,"201026442505@s.whatsapp.net":true,"201155858353@s.whatsapp.net":true,"201110237829@s.whatsapp.net":true,"201274756870@s.whatsapp.net":true,"201123523477@s.whatsapp.net":true,"201127515774@s.whatsapp.net":true,"201148550401@s.whatsapp.net":true,"201142645512@s.whatsapp.net":true,"201020525049@s.whatsapp.net":true,"201114581574@s.whatsapp.net":true,"201110156167@s.whatsapp.net":true,"201110156167:6@s.whatsapp.net":true,"201110156167:7@s.whatsapp.net":true,"201157446186@s.whatsapp.net":true,"201126916308@s.whatsapp.net":true,"201055331315@s.whatsapp.net":true,"201120241354@s.whatsapp.net":true,"201018164614@s.whatsapp.net":true,"201206983102@s.whatsapp.net":true,"201016241497@s.whatsapp.net":true,"201556654965@s.whatsapp.net":true,"201276474880@s.whatsapp.net":true,"201025677086@s.whatsapp.net":true,"201503263614@s.whatsapp.net":true,"201111123939@s.whatsapp.net":true,"201009323597@s.whatsapp.net":true,"201159207169@s.whatsapp.net":true,"201509082285@s.whatsapp.net":true,"201206624549@s.whatsapp.net":true,"201018959068@s.whatsapp.net":true,"201556204384@s.whatsapp.net":true,"201155188497@s.whatsapp.net":true,"201155188497:14@s.whatsapp.net":true,"201155188497:16@s.whatsapp.net":true,"201155188497:17@s.whatsapp.net":true,"201069059253@s.whatsapp.net":true,"201064635772@s.whatsapp.net":true,"201202911285@s.whatsapp.net":true,"201503241842@s.whatsapp.net":true,"201011802209@s.whatsapp.net":true,"201104294813@s.whatsapp.net":true,"201123451948@s.whatsapp.net":true,"201211986759@s.whatsapp.net":true,"201003693569@s.whatsapp.net":true,"201065217231@s.whatsapp.net":true,"201153527980@s.whatsapp.net":true,"201023969314@s.whatsapp.net":true,"201501682785@s.whatsapp.net":true,"201228521048@s.whatsapp.net":true,"201122618166@s.whatsapp.net":true,"201019676469@s.whatsapp.net":true,"201015186406@s.whatsapp.net":true,"201016394105@s.whatsapp.net":true,"201012176728@s.whatsapp.net":true,"201553800873@s.whatsapp.net":true,"201112528122@s.whatsapp.net":true,"201064161357@s.whatsapp.net":true,"201288500953@s.whatsapp.net":true,"201202529861@s.whatsapp.net":true,"201555877655@s.whatsapp.net":true,"201146170276@s.whatsapp.net":true,"201277166856@s.whatsapp.net":true,"201091341656@s.whatsapp.net":true,"201149726808@s.whatsapp.net":true,"201207228592@s.whatsapp.net":true,"201097841622@s.whatsapp.net":true,"201558797437@s.whatsapp.net":true,"201061137329@s.whatsapp.net":true,"201123973404@s.whatsapp.net":true,"201011700249@s.whatsapp.net":true,"201011700249:7@s.whatsapp.net":true,"201120216944@s.whatsapp.net":true,"201143266769@s.whatsapp.net":true,"201122519133@s.whatsapp.net":true,"201288849034@s.whatsapp.net":true,"201202307942@s.whatsapp.net":true,"201220647495@s.whatsapp.net":true,"201062069945@s.whatsapp.net":true,"201062069945:34@s.whatsapp.net":true,"201142500764@s.whatsapp.net":true,"201203888998@s.whatsapp.net":true,"201227813333@s.whatsapp.net":true,"201124875614@s.whatsapp.net":true,"201150820901@s.whatsapp.net":true,"201203946113@s.whatsapp.net":true,"201143897547@s.whatsapp.net":true,"201098253020@s.whatsapp.net":true,"201018475799@s.whatsapp.net":true,"201220928693@s.whatsapp.net":true,"201141506799@s.whatsapp.net":true,"201011703712@s.whatsapp.net":true,"201095940557@s.whatsapp.net":true,"201143331986@s.whatsapp.net":true,"201113321564@s.whatsapp.net":true,"201283202528@s.whatsapp.net":true,"201012158136@s.whatsapp.net":true,"201154591036@s.whatsapp.net":true,"201028453139@s.whatsapp.net":true,"201113265108@s.whatsapp.net":true,"201113265108:27@s.whatsapp.net":true,"201113265108:28@s.whatsapp.net":true,"201113265108:29@s.whatsapp.net":true,"201025207442@s.whatsapp.net":true,"201283648015@s.whatsapp.net":true,"201100206780@s.whatsapp.net":true,"201113675381@s.whatsapp.net":true,"201080638870@s.whatsapp.net":true,"201151054267@s.whatsapp.net":true,"201288625095@s.whatsapp.net":true,"201229504219@s.whatsapp.net":true,"201503683464@s.whatsapp.net":true,"201272633472@s.whatsapp.net":true,"201514125992@s.whatsapp.net":true,"201555278156@s.whatsapp.net":true,"201228117239@s.whatsapp.net":true,"201110190383@s.whatsapp.net":true,"201223238748@s.whatsapp.net":true}