{"_sessions":{"BQeYHwOAS7SVevASYmOC/a/YddLubQiHQb7Ta7vMERk4":{"registrationId":15251428,"currentRatchet":{"ephemeralKeyPair":{"pubKey":"BcohAMU6IOqhPkWsJiHqVG24/sQHpk9v0wpa5U2hg7RD","privKey":"aDbU6tJuI19k8MY5+o8od9ZpGOIm8bJEwNqk0DNZSFw="},"lastRemoteEphemeralKey":"BQ7jVTbSwqKRFYt/0hn0o+2spBeTlWkKIcUxMvScb2Zp","previousCounter":0,"rootKey":"vZRclVsISNfR+C2VyNYNzczXXYuo6oL4KiIhDCURj6s="},"indexInfo":{"baseKey":"BQeYHwOAS7SVevASYmOC/a/YddLubQiHQb7Ta7vMERk4","baseKeyType":1,"closed":-1,"used":1753402360194,"created":1753402360194,"remoteIdentityKey":"BYmg5wDq1LzaYqy7wlwn/fC9Mj/ErKHILERdRdiu7/hf"},"_chains":{"BcohAMU6IOqhPkWsJiHqVG24/sQHpk9v0wpa5U2hg7RD":{"chainKey":{"counter":0,"key":"rnlYVbeDqLC7VC+m02408E908apeMwJDvuK71zXtjNw="},"chainType":1,"messageKeys":{}}},"pendingPreKey":{"signedKeyId":3,"baseKey":"BQeYHwOAS7SVevASYmOC/a/YddLubQiHQb7Ta7vMERk4","preKeyId":5912720}}},"version":"v1"}