{"_sessions":{"BbfKsD8krd2cptsmrxEVY7Ic8cNxLT2WxP6WPh9+YWUm":{"registrationId":1750275650,"currentRatchet":{"ephemeralKeyPair":{"pubKey":"BZn1F8vWeGxFPfMKWXTBP1yF0baa5UfhFZVDi0jDnFUf","privKey":"sHr11eASLN4pi1nzMqwzfH/UJjP7nzyoBemWRiCGfmM="},"lastRemoteEphemeralKey":"BfUUrXlWED4jON4n4mChnp5NYZshCqP7JFtA8ZDCl7Fm","previousCounter":0,"rootKey":"AuV1/zNZvn2BSpPWORy39vPkeijoCx+AMzyiXQdjqAk="},"indexInfo":{"baseKey":"BbfKsD8krd2cptsmrxEVY7Ic8cNxLT2WxP6WPh9+YWUm","baseKeyType":1,"closed":-1,"used":1753402360101,"created":1753402360101,"remoteIdentityKey":"BZrbkgiFbevHHVdG/6V5E3Pj+kQeSuQbVKg3SeKwEG5s"},"_chains":{"BZn1F8vWeGxFPfMKWXTBP1yF0baa5UfhFZVDi0jDnFUf":{"chainKey":{"counter":0,"key":"VH7tsI+Kxhw9Yn9aZZLY84SM4uUYRwllrOMT8QaiM1w="},"chainType":1,"messageKeys":{}}},"pendingPreKey":{"signedKeyId":1,"baseKey":"BbfKsD8krd2cptsmrxEVY7Ic8cNxLT2WxP6WPh9+YWUm"}}},"version":"v1"}