{"_sessions":{"BbEkg3V10PKIBgtzIOkc+2YSxhWOb5yYZpjQ/CR0v2F9":{"registrationId":47,"currentRatchet":{"ephemeralKeyPair":{"pubKey":"BeHnLwo6GG0gdabJwwtbq5B4g3r4UUrwd18gBO9IZaoR","privKey":"wFvfrTWwdcb8kROESsZQ3rX4eWwMopv90IjJt7kJBGo="},"lastRemoteEphemeralKey":"BeISvNihyLfjZ6BQwDaWTB5Wd2I3NWCvNWqdmMCyOt5c","previousCounter":0,"rootKey":"TAFGb4nYiDnY6w1Sbp/X3EytxJNnFvCaRaz/gol6j44="},"indexInfo":{"baseKey":"BbEkg3V10PKIBgtzIOkc+2YSxhWOb5yYZpjQ/CR0v2F9","baseKeyType":1,"closed":-1,"used":1753402359186,"created":1753402359186,"remoteIdentityKey":"BR60ac2aXSBooPBRvxoxqPhj45aUwq+EdijiXtUzkRot"},"_chains":{"BeHnLwo6GG0gdabJwwtbq5B4g3r4UUrwd18gBO9IZaoR":{"chainKey":{"counter":0,"key":"nzK4iYmA7zvwFjJMZBtxQnzi49L+H3IuEKiKpfsjnmo="},"chainType":1,"messageKeys":{}}},"pendingPreKey":{"signedKeyId":1,"baseKey":"BbEkg3V10PKIBgtzIOkc+2YSxhWOb5yYZpjQ/CR0v2F9"}}},"version":"v1"}