{"_sessions":{"BRTnaq8VK08NEeG23WItZ/A66aIquGowirHeLvQZGURk":{"registrationId":1191735004,"currentRatchet":{"ephemeralKeyPair":{"pubKey":"BfD/SO7+88q4kbW76ZLiqRjAwES4ZNozDWwyeAOmyLdX","privKey":"APEpaiqpXtEzaR+2ktk2NuoIxdi1/C6DdjWQWbB5G2Q="},"lastRemoteEphemeralKey":"BX8uQ/p2LFv2cg+3WoqeK1oMtgEvQmylCP2qcEKvjQE2","previousCounter":0,"rootKey":"G9L6tWxCcKLw8N6yPUXsqiWhjfaVEqwWIcew8KqjUzU="},"indexInfo":{"baseKey":"BRTnaq8VK08NEeG23WItZ/A66aIquGowirHeLvQZGURk","baseKeyType":1,"closed":-1,"used":1753402359605,"created":1753402359605,"remoteIdentityKey":"BS8AO1k8N8aDgO7QXGt20ylLJkYu8bbQ57zNWv8M+NAX"},"_chains":{"BfD/SO7+88q4kbW76ZLiqRjAwES4ZNozDWwyeAOmyLdX":{"chainKey":{"counter":0,"key":"xnNH1o6tJCdw3+KTJPbNm6q6HLAhuPhgRwdelra7GCA="},"chainType":1,"messageKeys":{}}},"pendingPreKey":{"signedKeyId":6,"baseKey":"BRTnaq8VK08NEeG23WItZ/A66aIquGowirHeLvQZGURk","preKeyId":3075615}}},"version":"v1"}