{"_sessions":{"BTKI9Dr2fZCvOGmaRwLLxm/ZE5o9BEkWAzVpd7TEHU5e":{"registrationId":1173039114,"currentRatchet":{"ephemeralKeyPair":{"pubKey":"BciOI/cpVJcga0ev/yn+OQsaGQ2B+XggNL6NFTOcdt52","privKey":"+Copx1Ysa5syREBYAz94SaoV20p7+bSdTnK6onAPo20="},"lastRemoteEphemeralKey":"BQm29OOkkYv8pal1dte6ez4l9iGwDOTbs2uNfb1VkuNX","previousCounter":0,"rootKey":"rnt1eR1vEWY9ddpGCASipGc9KewzDQr+QZpyafBkz8M="},"indexInfo":{"baseKey":"BTKI9Dr2fZCvOGmaRwLLxm/ZE5o9BEkWAzVpd7TEHU5e","baseKeyType":1,"closed":-1,"used":1753402359886,"created":1753402359886,"remoteIdentityKey":"BTkc6EQ9vJpHsjNF1HrDUiVDjeJAkgg2dnIwiBC6DBA0"},"_chains":{"BciOI/cpVJcga0ev/yn+OQsaGQ2B+XggNL6NFTOcdt52":{"chainKey":{"counter":0,"key":"cnWnCmgv/80qyf541+O8PMxGdNSqj5NJ8C5suLmsIOw="},"chainType":1,"messageKeys":{}}},"pendingPreKey":{"signedKeyId":1,"baseKey":"BTKI9Dr2fZCvOGmaRwLLxm/ZE5o9BEkWAzVpd7TEHU5e","preKeyId":12751706}}},"version":"v1"}