{"_sessions":{"BS5cZwKwjcamPRV+KxuD1MSU1LQtwRLsizMWdYGU1q4/":{"registrationId":751090394,"currentRatchet":{"ephemeralKeyPair":{"pubKey":"BbM5Ld1V1xL047QIMCjrv6VsCNAyC6Bfmj3u2Sdk7Kx1","privKey":"kLjFpcj01b+HEAb8djCWymGssVdls5YPzPXyAC+8r2k="},"lastRemoteEphemeralKey":"BQdvaXgCYUMpK4G8ym5m7Rout/y4UM1OrbA65EiuKBYq","previousCounter":0,"rootKey":"BAeB9aL56Svlm1pj2aZnrdfg/ynL6yThRw7Vb4iTkSs="},"indexInfo":{"baseKey":"BS5cZwKwjcamPRV+KxuD1MSU1LQtwRLsizMWdYGU1q4/","baseKeyType":1,"closed":-1,"used":1753402360292,"created":1753402360292,"remoteIdentityKey":"BavAsy6sAVxgylgXvMOtyhDGWJJHDIA3S51f2EBkf6Af"},"_chains":{"BbM5Ld1V1xL047QIMCjrv6VsCNAyC6Bfmj3u2Sdk7Kx1":{"chainKey":{"counter":0,"key":"cMkvJFnQ49DuLjvuevY6uM2mIDqi9r6hrk/IySNekf8="},"chainType":1,"messageKeys":{}}},"pendingPreKey":{"signedKeyId":31,"baseKey":"BS5cZwKwjcamPRV+KxuD1MSU1LQtwRLsizMWdYGU1q4/","preKeyId":11764431}}},"version":"v1"}