{"_sessions":{"BYGixeormKxpx8Tg7/8Hi6se+0vStKhdGPSuHUy5EAMY":{"registrationId":1888310467,"currentRatchet":{"ephemeralKeyPair":{"pubKey":"BdEirUoFfWuk4RveomjOmzwBfWptIfmoLhdXO9I2uGcP","privKey":"sLduTe2ABcdWFwQJfoMcA8zMQiYYZiUWhpUZCoARr3Q="},"lastRemoteEphemeralKey":"BQNBHTh9zcb5OghoCJeRiqgmqNJhBI7koMhr2UY0xeAr","previousCounter":0,"rootKey":"4Cf6kafqnl8M52oY8TpL3rxZqMBoN5V24AUqaPHGvIY="},"indexInfo":{"baseKey":"BYGixeormKxpx8Tg7/8Hi6se+0vStKhdGPSuHUy5EAMY","baseKeyType":1,"closed":-1,"used":1753402360092,"created":1753402360092,"remoteIdentityKey":"BXuiPMLklDo9yCMjV8bQnJwc6RS1LA/VCaD2EGPqEqdD"},"_chains":{"BdEirUoFfWuk4RveomjOmzwBfWptIfmoLhdXO9I2uGcP":{"chainKey":{"counter":0,"key":"dqqikbag8BxjbURHMgKaNqloPMGPbrgEDQdH/ZnPhJ0="},"chainType":1,"messageKeys":{}}},"pendingPreKey":{"signedKeyId":0,"baseKey":"BYGixeormKxpx8Tg7/8Hi6se+0vStKhdGPSuHUy5EAMY","preKeyId":12524585}}},"version":"v1"}