{"_sessions":{"BTgVAevW3c8flM/glThLEsan7sl9pBfqVwRlzQbpSq8q":{"registrationId":1216522396,"currentRatchet":{"ephemeralKeyPair":{"pubKey":"BQ7uB6D4zcuVgWymgHWoyMeT4KE3/Nlxw/U+8lqGQ71K","privKey":"+IdLCD98nCvOZbKBGy/0bbBokUf8uVmCGJN1HvmBlVo="},"lastRemoteEphemeralKey":"BQSbHsf2uy3CsKbBliZQH9r2Qk3FGrWqkVzxYuzhoCMv","previousCounter":0,"rootKey":"1eHuOPR/MsrQ7peuN1jPggKaaj8O2amQF/OWAg06bjA="},"indexInfo":{"baseKey":"BTgVAevW3c8flM/glThLEsan7sl9pBfqVwRlzQbpSq8q","baseKeyType":1,"closed":-1,"used":1753402360022,"created":1753402360022,"remoteIdentityKey":"BdW7dHD9kDuJ1fOX7YnxDXcab3oi7cOop9L7CnOfPZZT"},"_chains":{"BQ7uB6D4zcuVgWymgHWoyMeT4KE3/Nlxw/U+8lqGQ71K":{"chainKey":{"counter":0,"key":"QkPcYiZPa3g2H76llFtitMwtYX8SCXBYD7KFfkyzdOI="},"chainType":1,"messageKeys":{}}},"pendingPreKey":{"signedKeyId":7,"baseKey":"BTgVAevW3c8flM/glThLEsan7sl9pBfqVwRlzQbpSq8q","preKeyId":10098006}}},"version":"v1"}