{"_sessions":{"BV120ro1C4zAYpiaOYVHBsMvKFloUp41t6duyAmcE4FX":{"registrationId":66973346,"currentRatchet":{"ephemeralKeyPair":{"pubKey":"BWZZEjU/D5RmTa48v+OG9OqEzkIyCf/RyPcOqx5OXdF7","privKey":"SIYPxNuxv6FEyP0hmTxVHDr2JRD8RlHvmLZVZrJ/gVs="},"lastRemoteEphemeralKey":"BVV0IG17utAqocapdeRHkxob0qVCIfnNbLkmqLeY6KJC","previousCounter":0,"rootKey":"lTrfGzbq9kGVnTaNvczqttsLf4mx7REHEdqrHB/UYtA="},"indexInfo":{"baseKey":"BV120ro1C4zAYpiaOYVHBsMvKFloUp41t6duyAmcE4FX","baseKeyType":1,"closed":-1,"used":1753402359711,"created":1753402359711,"remoteIdentityKey":"BQPMMKjmAIFq4kHUywPtpAt78B7klcpiw5gVGQJas0t4"},"_chains":{"BWZZEjU/D5RmTa48v+OG9OqEzkIyCf/RyPcOqx5OXdF7":{"chainKey":{"counter":0,"key":"dmoKp1ji+/Lh7M2N7qqwHMR+2vd2UabAV54DiSN9MGk="},"chainType":1,"messageKeys":{}}},"pendingPreKey":{"signedKeyId":2,"baseKey":"BV120ro1C4zAYpiaOYVHBsMvKFloUp41t6duyAmcE4FX","preKeyId":13891963}}},"version":"v1"}