{"_sessions":{"Bc7iWVX3UxIz3CU9r1DH5yRD5VjFlvyVcJIWR/Pfh6kw":{"registrationId":1134746084,"currentRatchet":{"ephemeralKeyPair":{"pubKey":"Bf8CuP0M9iHcxyg0ZK7YWLWdp84IdwpNSIcciaeBMX93","privKey":"oMjljl5e29Hw9jPJRUwE1GZUuMHjhORPRnXhIyQ5TF0="},"lastRemoteEphemeralKey":"BWpDGOmKWBVcN0DyxE5FIYMdD7eKkKjNuhLLNi1S1oxU","previousCounter":0,"rootKey":"i3ze2HYUtdtyhSPAsKIj4trRrbrC23pbJZY0g7rfzeA="},"indexInfo":{"baseKey":"Bc7iWVX3UxIz3CU9r1DH5yRD5VjFlvyVcJIWR/Pfh6kw","baseKeyType":1,"closed":-1,"used":1753402360306,"created":1753402360306,"remoteIdentityKey":"BdEvxCWOsEF9Af5MtNNqt2bW3E7i/qBgzOHFGouCjLdV"},"_chains":{"Bf8CuP0M9iHcxyg0ZK7YWLWdp84IdwpNSIcciaeBMX93":{"chainKey":{"counter":0,"key":"hljToI9SGO6i08Siqapd3JdpMp4U5w2u21nwMDhOoNU="},"chainType":1,"messageKeys":{}}},"pendingPreKey":{"signedKeyId":0,"baseKey":"Bc7iWVX3UxIz3CU9r1DH5yRD5VjFlvyVcJIWR/Pfh6kw","preKeyId":109179}}},"version":"v1"}