{"_sessions":{"BYsGN9x3mPVK7GYpYQ50VXg48aTt69ImNOlEDewSYvA/":{"registrationId":1361628943,"currentRatchet":{"ephemeralKeyPair":{"pubKey":"BYYYAHepj+uCSKiQ77mqFDM6GyCLD4nLO9B4lGpZIqQH","privKey":"aFYxBbFlOM9H/X9qeWtLuzJKOtteAS9L7cwjiZTxJmg="},"lastRemoteEphemeralKey":"BTs22XRnMQIGuNLbanPoJ2wmL9W5U4+ci6MgymRJ7V1a","previousCounter":0,"rootKey":"rE3CkGXz5l9M3exUt1/uzUt3QwQrT87Dujt8dDMNM34="},"indexInfo":{"baseKey":"BYsGN9x3mPVK7GYpYQ50VXg48aTt69ImNOlEDewSYvA/","baseKeyType":1,"closed":-1,"used":1753402359814,"created":1753402359814,"remoteIdentityKey":"BT0CQop5bnjnzoz2wNvY8BTCQRtXzJAwObOmU72wYZVT"},"_chains":{"BYYYAHepj+uCSKiQ77mqFDM6GyCLD4nLO9B4lGpZIqQH":{"chainKey":{"counter":0,"key":"70Im/QVOLhdPegcDo8nPk2vOC080XjX/MvnRmy0eNBo="},"chainType":1,"messageKeys":{}}},"pendingPreKey":{"signedKeyId":8,"baseKey":"BYsGN9x3mPVK7GYpYQ50VXg48aTt69ImNOlEDewSYvA/","preKeyId":2145243}}},"version":"v1"}