{"_sessions":{"BSkicfoBw6tLbbEqL7KkWJiCpknbVcdCsKLMSx23fH5f":{"registrationId":1583900917,"currentRatchet":{"ephemeralKeyPair":{"pubKey":"Bdub8rHA9s5PQl0CGcVj4YI9lRQfiblXgnONNTNuXONu","privKey":"UMOR2l554y14wJvOrFwa4mMZQdjU1xINJWL+4RAF0UY="},"lastRemoteEphemeralKey":"BRtnC6XQmiIcDWX6Y9fsRv5GxlpfG/gjEBLiXrpxkcpE","previousCounter":0,"rootKey":"syt412m31f18e3Wp4xBqU7Q4pA181mMArtGcmBCuMGU="},"indexInfo":{"baseKey":"BSkicfoBw6tLbbEqL7KkWJiCpknbVcdCsKLMSx23fH5f","baseKeyType":1,"closed":-1,"used":1753402359573,"created":1753402359573,"remoteIdentityKey":"Bdj3Ywhvc5AgRk4R/U3OTrAQYSHTKj3GIOb1I6L1QjwD"},"_chains":{"Bdub8rHA9s5PQl0CGcVj4YI9lRQfiblXgnONNTNuXONu":{"chainKey":{"counter":0,"key":"R7ffKvcR7u0nFeZCHbkBGLTYJyDz4LXuHKHmE4l/2uI="},"chainType":1,"messageKeys":{}}},"pendingPreKey":{"signedKeyId":3,"baseKey":"BSkicfoBw6tLbbEqL7KkWJiCpknbVcdCsKLMSx23fH5f","preKeyId":12015762}}},"version":"v1"}