{"_sessions":{"BaQhwi9lkU4zojm+tGFMjbFz0Wxu5kDCMlbjc1FchE4T":{"registrationId":795065544,"currentRatchet":{"ephemeralKeyPair":{"pubKey":"BcskDYiLzyGECyZWa0Go+dKOG16y7wNtO8/bbk4zjHEc","privKey":"IIYg+B2XLPPfEtel39rI8lxypvVbewnQSyQc9XipqlM="},"lastRemoteEphemeralKey":"BfxvUBRYdFOU79YK1isXQ1KSDqp3/s7AmtsGRhTo1Okc","previousCounter":0,"rootKey":"gzdtyU7g3SUBFo4cq8b1LhZYZrW0jOqVsZ/UhkDcvog="},"indexInfo":{"baseKey":"BaQhwi9lkU4zojm+tGFMjbFz0Wxu5kDCMlbjc1FchE4T","baseKeyType":1,"closed":-1,"used":1753402359795,"created":1753402359795,"remoteIdentityKey":"BY1V0AfJdJV7s3y6PA1q3ndhc/2zLUwBCzH9ai+j0U5B"},"_chains":{"BcskDYiLzyGECyZWa0Go+dKOG16y7wNtO8/bbk4zjHEc":{"chainKey":{"counter":0,"key":"IMbRQWD1RNhbPEnbWP8fmLRwJwLWfZKow98RQXzVmOc="},"chainType":1,"messageKeys":{}}},"pendingPreKey":{"signedKeyId":1,"baseKey":"BaQhwi9lkU4zojm+tGFMjbFz0Wxu5kDCMlbjc1FchE4T","preKeyId":3245117}}},"version":"v1"}