{"_sessions":{"BcF0fjaMt3heTD2DLzcOqHtJ0UtrGW80P1xYhxpZD7Yb":{"registrationId":714397044,"currentRatchet":{"ephemeralKeyPair":{"pubKey":"Be/SgHT9PAr2nqZD4YUh1dxk7kbzXcLe/3YARwnLyBFs","privKey":"gMe8FuzdsJ9QcLx0C2JHjcGYJYEyazonvMbqe7reMk4="},"lastRemoteEphemeralKey":"BXI5kP7Cv/Nt+Vao3glkc5joLEhUfM0a2WxL1EvJdZMq","previousCounter":0,"rootKey":"0BRethW6x/MkMPRTywWmrUDdTNJvXi6LaDm3c/Clcz4="},"indexInfo":{"baseKey":"BcF0fjaMt3heTD2DLzcOqHtJ0UtrGW80P1xYhxpZD7Yb","baseKeyType":1,"closed":-1,"used":1753402359517,"created":1753402359517,"remoteIdentityKey":"BfNVLfAC77/esgZh8IquVwfjJ873hDfP2AbkYLvsxl0K"},"_chains":{"Be/SgHT9PAr2nqZD4YUh1dxk7kbzXcLe/3YARwnLyBFs":{"chainKey":{"counter":0,"key":"ZDiXnFPflmVRBG0mDfV8gZqR+bG53NyvXGoa/Zb6FUs="},"chainType":1,"messageKeys":{}}},"pendingPreKey":{"signedKeyId":4,"baseKey":"BcF0fjaMt3heTD2DLzcOqHtJ0UtrGW80P1xYhxpZD7Yb","preKeyId":8859378}}},"version":"v1"}