{"_sessions":{"BfGSwm9RNTj1M87e5qPb0oYccAuFbIiiIxkrbEodx+RU":{"registrationId":225,"currentRatchet":{"ephemeralKeyPair":{"pubKey":"BZg2Lg9hiTq6HZXx+7p4cBnqxihW6+zcd9HP8wAaZp8b","privKey":"8K7GZdVxQDNKvb8ySOUZADi/0fx5tcMoVZZuMK+ukkY="},"lastRemoteEphemeralKey":"BepENAbgXffpKoR7nGr26aJY0ljd9CVcD3vGqTYUiuMG","previousCounter":0,"rootKey":"OSdmxW/i6U/3wESfWgvH4ifr2SnGJH4rtXt/fsSKKIo="},"indexInfo":{"baseKey":"BfGSwm9RNTj1M87e5qPb0oYccAuFbIiiIxkrbEodx+RU","baseKeyType":1,"closed":-1,"used":1753402359091,"created":1753402359091,"remoteIdentityKey":"Be9/G/xm7GrSpJkqdc0MzhSdgdnlIdUYcKBJr2UxIB5F"},"_chains":{"BZg2Lg9hiTq6HZXx+7p4cBnqxihW6+zcd9HP8wAaZp8b":{"chainKey":{"counter":0,"key":"PVKVhQYBErfV/xprVHSOEMt8saiBXpBbIQGzndfuPZg="},"chainType":1,"messageKeys":{}}},"pendingPreKey":{"signedKeyId":1,"baseKey":"BfGSwm9RNTj1M87e5qPb0oYccAuFbIiiIxkrbEodx+RU"}}},"version":"v1"}