{"_sessions":{"BewZWIJqk8i6gbYOnb3cHj3gZ4C9wBQzc5lu7XmSYfo+":{"registrationId":813063115,"currentRatchet":{"ephemeralKeyPair":{"pubKey":"Bdt4Byr5AbeccgJjpytp76NbdFSVfx94dJJPot4TlvNl","privKey":"YBsAcWc2M/T7QQzdEfCxegIlkj1p0njXHFRo5rhWom8="},"lastRemoteEphemeralKey":"BUSg8l2ZwgVgcEzVh5a7kFffZCt1HQS54yqW0p3Hk60t","previousCounter":0,"rootKey":"6dDhf0ylYK5NmYf9wKJ8SxOPXvSx6zc71X+WPTGvElk="},"indexInfo":{"baseKey":"BewZWIJqk8i6gbYOnb3cHj3gZ4C9wBQzc5lu7XmSYfo+","baseKeyType":1,"closed":-1,"used":1753402359721,"created":1753402359721,"remoteIdentityKey":"BVElMikFLxR//H2z+HzAUYTwSCSWdvPcqYWhImQQaId6"},"_chains":{"Bdt4Byr5AbeccgJjpytp76NbdFSVfx94dJJPot4TlvNl":{"chainKey":{"counter":0,"key":"z02rt+D/BUn7yDm22nDWS3jCVGEmosS9EJ56ILF7boc="},"chainType":1,"messageKeys":{}}},"pendingPreKey":{"signedKeyId":3,"baseKey":"BewZWIJqk8i6gbYOnb3cHj3gZ4C9wBQzc5lu7XmSYfo+","preKeyId":1071921}}},"version":"v1"}