{"_sessions":{"BWRJKJvcczQN3pc6yfTI8j/n90KJJoSeLztoLdFGwLJ1":{"registrationId":1762705180,"currentRatchet":{"ephemeralKeyPair":{"pubKey":"BYsWl2pvgHza1qtI0gkdV+FsA0FqHCl06GStezp145tb","privKey":"sPVk3I2O4IOOoR7IT2Eap0LPqy7ldoDsxCrAnraImm8="},"lastRemoteEphemeralKey":"BXKdK3kbLixHn+NnNFD3+fcEh5tpiP6GSrIK8wtIStdC","previousCounter":0,"rootKey":"dIRuXwtVrSTisWDHGUOgHy/ObEIDKugOEBZvw7xKQJM="},"indexInfo":{"baseKey":"BWRJKJvcczQN3pc6yfTI8j/n90KJJoSeLztoLdFGwLJ1","baseKeyType":1,"closed":-1,"used":1753402360379,"created":1753402360379,"remoteIdentityKey":"Bb55Qckbf2F6SdMk5uZ2pv/XArFiblhGrW5HLRpkGH5g"},"_chains":{"BYsWl2pvgHza1qtI0gkdV+FsA0FqHCl06GStezp145tb":{"chainKey":{"counter":0,"key":"p4UHtyffsPpQbqrVdtlPukD3ZNVExLw09UwpD0+aPx4="},"chainType":1,"messageKeys":{}}},"pendingPreKey":{"signedKeyId":13,"baseKey":"BWRJKJvcczQN3pc6yfTI8j/n90KJJoSeLztoLdFGwLJ1"}}},"version":"v1"}