{"_sessions":{"BYmV1OqYvvnx2NVQYInErhqBykFw4Tus6Wpm89UUnDdu":{"registrationId":334708451,"currentRatchet":{"ephemeralKeyPair":{"pubKey":"Bacll3N60hJVG1q9zdeoo58V9Ar1Fly+uAiZtTTNIXVf","privKey":"mJWUN7wtNWYAM93LzhErEVrOokFO1XIL/9BjZZ1GLms="},"lastRemoteEphemeralKey":"BR+RpjudOcOcOIHC5ZHxDEeZ67Z9T5fLsXidRmBhRSca","previousCounter":0,"rootKey":"5RkN4ns5CJMlSUIs4hy+c+xKTn5nOnzQS4FmIDq8DPQ="},"indexInfo":{"baseKey":"BYmV1OqYvvnx2NVQYInErhqBykFw4Tus6Wpm89UUnDdu","baseKeyType":1,"closed":-1,"used":1753402359685,"created":1753402359685,"remoteIdentityKey":"BYUOHZmNTwH1qK24RpSrKAPmBwmwWUaskPlk4rd8Az8b"},"_chains":{"Bacll3N60hJVG1q9zdeoo58V9Ar1Fly+uAiZtTTNIXVf":{"chainKey":{"counter":0,"key":"yFmokbMiLNiM8fgTs5Q/eXMF92+x/lXIN/M+zmW/sc4="},"chainType":1,"messageKeys":{}}},"pendingPreKey":{"signedKeyId":15,"baseKey":"BYmV1OqYvvnx2NVQYInErhqBykFw4Tus6Wpm89UUnDdu","preKeyId":13911251}}},"version":"v1"}