{"_sessions":{"BUll9aG65/byOZ4+jT83s/jTZG+Pn0/l7oUls5FDz5hc":{"registrationId":1368168293,"currentRatchet":{"ephemeralKeyPair":{"pubKey":"BWTHZ023PdvwWOSe8CSYBpwfQjPoNe0SQi7iNBhRSP4V","privKey":"KFUNTA97n9NdQMRmB9JFL+ZpCFinb/sb2WFg5WU5Nn0="},"lastRemoteEphemeralKey":"BYV0e9+0+SMk4RmkaWzrF/OCiYcYYE2mqweiI848cQwH","previousCounter":0,"rootKey":"jIsXubkmiDNhwhzLRCFPP7lvtO9H7XMlB8R3KVLJrg4="},"indexInfo":{"baseKey":"BUll9aG65/byOZ4+jT83s/jTZG+Pn0/l7oUls5FDz5hc","baseKeyType":1,"closed":-1,"used":1753402360095,"created":1753402360095,"remoteIdentityKey":"BT5JFNz6O39jCGcXFcjUwjBU+fc6J+IFxXd3I3Oh3LFo"},"_chains":{"BWTHZ023PdvwWOSe8CSYBpwfQjPoNe0SQi7iNBhRSP4V":{"chainKey":{"counter":0,"key":"p/buJpTD5pkTI5RlPB3vYPEsqDgHss391Amwlz2cKE4="},"chainType":1,"messageKeys":{}}},"pendingPreKey":{"signedKeyId":0,"baseKey":"BUll9aG65/byOZ4+jT83s/jTZG+Pn0/l7oUls5FDz5hc","preKeyId":15136379}}},"version":"v1"}