{"_sessions":{"BQUg8330OQEc5nha5sQE97W10X4erlauPOyZnLPwQmoD":{"registrationId":24,"currentRatchet":{"ephemeralKeyPair":{"pubKey":"BSP4Fzfq5JLHICGAFvLpjOFERjNbG9Wl0vVhMzE2CnJ/","privKey":"+KA/7BacW2DCzzoBvYrSersspuJSUW8ZcIXUErdr9Fc="},"lastRemoteEphemeralKey":"BfHBObV2lrADq0vHjm5WaFt8+WHK3otMkVW9iUzyNBU6","previousCounter":0,"rootKey":"bREJ5LLtUKIkNIxQAqCY857pmPW2+bovNVWDpZDRXyM="},"indexInfo":{"baseKey":"BQUg8330OQEc5nha5sQE97W10X4erlauPOyZnLPwQmoD","baseKeyType":2,"closed":-1,"used":1753401238866,"created":1753401238866,"remoteIdentityKey":"BZxzV6gh2joAkcWDXa3rbS6ScBA3+CjB42W8L9OQsy1B"},"_chains":{"BfHBObV2lrADq0vHjm5WaFt8+WHK3otMkVW9iUzyNBU6":{"chainKey":{"counter":0,"key":"0zslVJfGCRe6A6XOGezXAz1ZMJDXNdBtsNtpiOjIS9o="},"chainType":2,"messageKeys":{}},"BSP4Fzfq5JLHICGAFvLpjOFERjNbG9Wl0vVhMzE2CnJ/":{"chainKey":{"counter":-1,"key":"TRDKSEPI0yiWRKj1yb5/XvyFk10ZGZq1CrilS1SH4VM="},"chainType":1,"messageKeys":{}}}}},"version":"v1"}