{"_sessions":{"BRtYbRlnfb9WArHpL4CR3ZCpCybiLScn8IV8JHi8FvUN":{"registrationId":225,"currentRatchet":{"ephemeralKeyPair":{"pubKey":"BY15249EV+RnSisdaP0D0TkRzyZ2oJOTmiPEruS7hsZX","privKey":"0GtgS0qYjda8p3YeiN1H8wHE/0G4RK52bkm28uRB+kw="},"lastRemoteEphemeralKey":"BZeDbCD0DYYP7HjTkyQiXCU9cS4WUb0EWo+Mfzo0F+QF","previousCounter":0,"rootKey":"ZWb5tDMEWBOe0FXpZTeo7NupT75qIzMDl9B7/DVcqio="},"indexInfo":{"baseKey":"BRtYbRlnfb9WArHpL4CR3ZCpCybiLScn8IV8JHi8FvUN","baseKeyType":1,"closed":-1,"used":1753402359181,"created":1753402359181,"remoteIdentityKey":"BaEYibSICzMrm7oVaXtfgt62pHul41oUZV9LW56B7akm"},"_chains":{"BY15249EV+RnSisdaP0D0TkRzyZ2oJOTmiPEruS7hsZX":{"chainKey":{"counter":0,"key":"oLuDdvXMhWZcXQG7OJM7P5Vc6FR7BUHfTBN6BnpU15U="},"chainType":1,"messageKeys":{}}},"pendingPreKey":{"signedKeyId":1,"baseKey":"BRtYbRlnfb9WArHpL4CR3ZCpCybiLScn8IV8JHi8FvUN"}}},"version":"v1"}