{"_sessions":{"BS534pOSaLKKr38tsGj4HO/WtRCxaRGdi8dw2n2S609f":{"registrationId":496236378,"currentRatchet":{"ephemeralKeyPair":{"pubKey":"Ben1isZbMcmjDYpdj1IThP2FbuKsvrb2u88I0Ml/LOoD","privKey":"yLeNrJJUuH8enE0xM9fA0v36xEPfT/RHWIobdgZwpmQ="},"lastRemoteEphemeralKey":"BV6rQI9YCCATdywQD3p1HC7HIVw6/sDurTupFb20+3dX","previousCounter":0,"rootKey":"F9XqZ3OAAQ1fV6HHLD+d6YJtL5WIPvKvxWVnShRW6AY="},"indexInfo":{"baseKey":"BS534pOSaLKKr38tsGj4HO/WtRCxaRGdi8dw2n2S609f","baseKeyType":1,"closed":-1,"used":1753402359702,"created":1753402359702,"remoteIdentityKey":"BVI+jo6IaFO7oQxDfZtQVQklG7jGOlP2THVhjfblBLoK"},"_chains":{"Ben1isZbMcmjDYpdj1IThP2FbuKsvrb2u88I0Ml/LOoD":{"chainKey":{"counter":0,"key":"xfCz1j0sa1a5l0alEhVS107hOKT01JnAwVea0ikXgEE="},"chainType":1,"messageKeys":{}}},"pendingPreKey":{"signedKeyId":6,"baseKey":"BS534pOSaLKKr38tsGj4HO/WtRCxaRGdi8dw2n2S609f","preKeyId":3011530}}},"version":"v1"}