{"_sessions":{"BbBgnFGnjnrHnvbiYSUTfE6ptnDnJ9U5XGI4W+oJNPpF":{"registrationId":2130716739,"currentRatchet":{"ephemeralKeyPair":{"pubKey":"BQYZQhkYJfapXabKalrcAcdLitoxa6MpI4OZB0OCzhA1","privKey":"cJPfA72IDmF6KALyFvA4rQgDpxkNJ7sTH2eBsxST/30="},"lastRemoteEphemeralKey":"BQqfXsHDTLknvULEh494I/UbM94yCBG6tBYrqj8YmNU6","previousCounter":0,"rootKey":"rn1FWKAkc6PC94x0NJfSTrNM/2uVbRuVCH6rEXkp/gY="},"indexInfo":{"baseKey":"BbBgnFGnjnrHnvbiYSUTfE6ptnDnJ9U5XGI4W+oJNPpF","baseKeyType":1,"closed":-1,"used":1753402360087,"created":1753402360087,"remoteIdentityKey":"BdcAg4PK0Re+YIrEwXc4XPx5wTkPRKr5GJOan96o38od"},"_chains":{"BQYZQhkYJfapXabKalrcAcdLitoxa6MpI4OZB0OCzhA1":{"chainKey":{"counter":0,"key":"eHxSRylx0Md+Ixst8437o8w1rG3XD27JtozbFwQ8X0Q="},"chainType":1,"messageKeys":{}}},"pendingPreKey":{"signedKeyId":2,"baseKey":"BbBgnFGnjnrHnvbiYSUTfE6ptnDnJ9U5XGI4W+oJNPpF","preKeyId":7288605}}},"version":"v1"}