{"_sessions":{"BXO3OPAvYk4efZns9w8jAEgbashchsNzgux7hzNVTFkp":{"registrationId":685121350,"currentRatchet":{"ephemeralKeyPair":{"pubKey":"BY/PuoC1MD4vSID8nt/oxShuGog6R3o2GJEslScHK6xG","privKey":"iMKvfABmlEaHPgByZAs4EZzUIT6KsKomwFhl6vu07Ec="},"lastRemoteEphemeralKey":"BV/N44PrpYBhVBdSPEzsGnnjEW8q3Yn7DUP6Hc+GRb0N","previousCounter":0,"rootKey":"Ecq1/IcSgDCPH7Dh8voEulaFxwtuGz/vfjjL8Hcl6PA="},"indexInfo":{"baseKey":"BXO3OPAvYk4efZns9w8jAEgbashchsNzgux7hzNVTFkp","baseKeyType":1,"closed":-1,"used":1753402359992,"created":1753402359992,"remoteIdentityKey":"BX0USx4EuwF/ph7QNw6BdzvVapH+qHqU+3uwtLjcLrp8"},"_chains":{"BY/PuoC1MD4vSID8nt/oxShuGog6R3o2GJEslScHK6xG":{"chainKey":{"counter":0,"key":"KmXL70Y0IlF3/6vSo0XF7T/CbOX4S3BOxlUGgyGHWlY="},"chainType":1,"messageKeys":{}}},"pendingPreKey":{"signedKeyId":0,"baseKey":"BXO3OPAvYk4efZns9w8jAEgbashchsNzgux7hzNVTFkp"}}},"version":"v1"}