{"_sessions":{"BRwiZ3IOCNmlFMEOUXvqwmTBNkJoXANYVBwyVwhw54hx":{"registrationId":1455104812,"currentRatchet":{"ephemeralKeyPair":{"pubKey":"BTiZg3MlfmoYPterVlIYlS2szdRB8Z6NL/rNy6ERjz8v","privKey":"+F89ZfSZIkmgO08C+Cj7uFlkknzqDEAjzTvCSZ5340U="},"lastRemoteEphemeralKey":"BbzuWqkQE8+Rk36C4bhOhzBkjb9TuroRJ7+Xcddh1d0l","previousCounter":0,"rootKey":"YeUBUaoyOLkJXm0qQK8qL/jnbE6tH00aDp/xmlqFfCY="},"indexInfo":{"baseKey":"BRwiZ3IOCNmlFMEOUXvqwmTBNkJoXANYVBwyVwhw54hx","baseKeyType":1,"closed":-1,"used":1753402360081,"created":1753402360081,"remoteIdentityKey":"BTOSyEgUYzX1x2s3b1cgW/FQjxHL5U8KbnNI1C2BZXUC"},"_chains":{"BTiZg3MlfmoYPterVlIYlS2szdRB8Z6NL/rNy6ERjz8v":{"chainKey":{"counter":0,"key":"PPAFUGlRQEcG+fi1pV8nd4Hxzmjuvz+XLHxDzqTpOkk="},"chainType":1,"messageKeys":{}}},"pendingPreKey":{"signedKeyId":6,"baseKey":"BRwiZ3IOCNmlFMEOUXvqwmTBNkJoXANYVBwyVwhw54hx","preKeyId":13315953}}},"version":"v1"}