{"_sessions":{"BWkjw9I15gSFRc5nJVs9MQFstcqPE2ravdPDTaTgu1Ii":{"registrationId":1957717424,"currentRatchet":{"ephemeralKeyPair":{"pubKey":"BeM2poQhzomTGmE3vzm9wRqxGXUFD7d14+5/HuUNpqJQ","privKey":"uOsjmmFyZkvLCqEdMeHy625XsEiVbeUNZSsuSjdB2Wk="},"lastRemoteEphemeralKey":"BSFibUqkEtpjC8saaXyBPvpMXlcYWekWfqQ1jEvcqlxi","previousCounter":0,"rootKey":"EFNkyO23qWo9lKsVJ+gACw47CURj0jVzMOo8AfBAj2k="},"indexInfo":{"baseKey":"BWkjw9I15gSFRc5nJVs9MQFstcqPE2ravdPDTaTgu1Ii","baseKeyType":1,"closed":-1,"used":1753402359784,"created":1753402359784,"remoteIdentityKey":"BWJjbLUxOhfaisKJXVsj+GpzoC0+j0EzD+n2UZeh0nw6"},"_chains":{"BeM2poQhzomTGmE3vzm9wRqxGXUFD7d14+5/HuUNpqJQ":{"chainKey":{"counter":0,"key":"6tAaHaoJ4+/l6XR4UDB4SacBeuIVTP7aqxP+CY6VMmg="},"chainType":1,"messageKeys":{}}},"pendingPreKey":{"signedKeyId":18,"baseKey":"BWkjw9I15gSFRc5nJVs9MQFstcqPE2ravdPDTaTgu1Ii","preKeyId":8681792}}},"version":"v1"}