{"_sessions":{"BeynMW0P3N71yj3DSpL6XZZPe0PfF1O8QWBTa28IRz1+":{"registrationId":2059538705,"currentRatchet":{"ephemeralKeyPair":{"pubKey":"BRKr6AbGys4GyU7Vhu+FTO9irzHuQu1TdINpddE4D0Al","privKey":"2AawyZ1gyJy+YjxkEdALpKcizrWYR2FIuF1LXrZUg3A="},"lastRemoteEphemeralKey":"BTn0MgrBXuwka6W536N4Su5Uwqje3jqrCdPbzzK78vUQ","previousCounter":0,"rootKey":"NvtJmtUgKjbY4Ay+mWN9Zb9wHarkKjvoucuaYgd/8Gs="},"indexInfo":{"baseKey":"BeynMW0P3N71yj3DSpL6XZZPe0PfF1O8QWBTa28IRz1+","baseKeyType":1,"closed":-1,"used":1753402360106,"created":1753402360106,"remoteIdentityKey":"BXfw6M08mmthEEBYo4eASwGFOmUWiTXNV4jKUNGN7/oo"},"_chains":{"BRKr6AbGys4GyU7Vhu+FTO9irzHuQu1TdINpddE4D0Al":{"chainKey":{"counter":0,"key":"DTp4BSH2fWZP5e11FMXjekr9SJmmSXrOtKPb+3uOyvY="},"chainType":1,"messageKeys":{}}},"pendingPreKey":{"signedKeyId":7,"baseKey":"BeynMW0P3N71yj3DSpL6XZZPe0PfF1O8QWBTa28IRz1+","preKeyId":1688771}}},"version":"v1"}