{"_sessions":{"BdhnWV4zpouR8hRjS54kOqA7kDwbI4sSMXEg+LTGYwFZ":{"registrationId":1295628898,"currentRatchet":{"ephemeralKeyPair":{"pubKey":"BaL5RKe3Er94DdkSByDGVuzrV+RPs68Zcrxq0qDIfgJF","privKey":"eN4MEW1Nbe6Qeu0Kp+LUBWkf6CG9Hcit/2JsENwadnc="},"lastRemoteEphemeralKey":"BVL7bBdmzOSzFj/+ciFxSz5oGJCgutz3k6Fl+C4VPY0a","previousCounter":0,"rootKey":"q7q9rzWpaJ6esrn/FCElH2b+oX8foe1riAsNSFiLZjw="},"indexInfo":{"baseKey":"BdhnWV4zpouR8hRjS54kOqA7kDwbI4sSMXEg+LTGYwFZ","baseKeyType":1,"closed":-1,"used":1753402360185,"created":1753402360185,"remoteIdentityKey":"BdAhEtgbUyvYSzZBX3KL5bG9Du1aIxc68eVNrt/3MQtf"},"_chains":{"BaL5RKe3Er94DdkSByDGVuzrV+RPs68Zcrxq0qDIfgJF":{"chainKey":{"counter":0,"key":"59cFfIh7nEE9zjZq4D5Fjdhd5qIsCO2A2WOkJ7oEDqc="},"chainType":1,"messageKeys":{}}},"pendingPreKey":{"signedKeyId":2,"baseKey":"BdhnWV4zpouR8hRjS54kOqA7kDwbI4sSMXEg+LTGYwFZ","preKeyId":4015462}}},"version":"v1"}