{"_sessions":{"BXngOg355FXhK0etFQM/1Y/1CC7CL6kIShy79ZEqvb14":{"registrationId":512147995,"currentRatchet":{"ephemeralKeyPair":{"pubKey":"BdrrAPKmtphezdw5mcydD68OG5GmHx5EczgsFNKmJZQs","privKey":"6GTrYDYR5GjynT3S5DlKE7/+pqwveyFzVZO6pQ8ElnI="},"lastRemoteEphemeralKey":"BWImrl7ihdhfMI3GcMoOdTqQYSK7bqYUjJszVxSyjRAB","previousCounter":0,"rootKey":"d3Y223As39/qbJ7tYefa4L2B2+M7uNxUhn5c/Uat048="},"indexInfo":{"baseKey":"BXngOg355FXhK0etFQM/1Y/1CC7CL6kIShy79ZEqvb14","baseKeyType":1,"closed":-1,"used":1753402359787,"created":1753402359787,"remoteIdentityKey":"BZvbaWNuCbX57csXeaIVrPkczvjidWiH1PcrdoFiQPVB"},"_chains":{"BdrrAPKmtphezdw5mcydD68OG5GmHx5EczgsFNKmJZQs":{"chainKey":{"counter":0,"key":"aG1zuWiitN2IPSzlQcsivquS9SZ4i/8ePZ67hfjzHgo="},"chainType":1,"messageKeys":{}}},"pendingPreKey":{"signedKeyId":11,"baseKey":"BXngOg355FXhK0etFQM/1Y/1CC7CL6kIShy79ZEqvb14","preKeyId":1834998}}},"version":"v1"}