{"_sessions":{"BQZDOqsyw3lRSt/RRE1Cy6v6CMcF3BFzmydS9E95/sNn":{"registrationId":1814311375,"currentRatchet":{"ephemeralKeyPair":{"pubKey":"BT5zwGZNOsOHvM+XV2KPfMwcDxg/Keoil3atB7EQiTUv","privKey":"gEQMEbNOpUervctKQxXdwIzRzsR2jMJUEUp8W5vaqFg="},"lastRemoteEphemeralKey":"Bb2eLsca4khkuYHF56jOKQc4mOQH3TmF741iswr4/tMi","previousCounter":0,"rootKey":"bXxZQINGC0qZ9pQbSXZqxyItuLGRLDZMVkb64s2yzs8="},"indexInfo":{"baseKey":"BQZDOqsyw3lRSt/RRE1Cy6v6CMcF3BFzmydS9E95/sNn","baseKeyType":1,"closed":-1,"used":1753402359709,"created":1753402359709,"remoteIdentityKey":"BWaINQqOoUVXDg+1sN1VYIa7Q1BtzylV0UKeqZbT90pP"},"_chains":{"BT5zwGZNOsOHvM+XV2KPfMwcDxg/Keoil3atB7EQiTUv":{"chainKey":{"counter":0,"key":"QBHbv6Pb3mgYQkG49WA0RQrRHnTYAFoFq2RUJewxDxk="},"chainType":1,"messageKeys":{}}},"pendingPreKey":{"signedKeyId":1,"baseKey":"BQZDOqsyw3lRSt/RRE1Cy6v6CMcF3BFzmydS9E95/sNn","preKeyId":2226015}}},"version":"v1"}