{"_sessions":{"BSZkN9uUlylNwPUNodkfkZ3n7hy5TDB/0TO307pdAWd2":{"registrationId":776084262,"currentRatchet":{"ephemeralKeyPair":{"pubKey":"BU8c5BkMiZGI/BO9DhfxF3+ZOb2VMIdUBReODoI/2xpm","privKey":"OFJNWHH0F0P26a+0NEFQbuYnT7ka7nLsQr+kkhytOUc="},"lastRemoteEphemeralKey":"BdTfjzTNg50x3leRvqIkmABUMdh2lkp9f8sO1+Z9A6he","previousCounter":0,"rootKey":"0TibnawFkFa4+Thc1nH0N2UHBX4LkejYI943Vt8ayG8="},"indexInfo":{"baseKey":"BSZkN9uUlylNwPUNodkfkZ3n7hy5TDB/0TO307pdAWd2","baseKeyType":1,"closed":-1,"used":1753402360387,"created":1753402360387,"remoteIdentityKey":"BRpCc9xyoTn+mSWkw6aX9owQljVbw7VnatqJVvMHqdcD"},"_chains":{"BU8c5BkMiZGI/BO9DhfxF3+ZOb2VMIdUBReODoI/2xpm":{"chainKey":{"counter":0,"key":"jVFiEzjRHjF/dKTKABpH+fGzCuuq51QEI0cxbQzXbNc="},"chainType":1,"messageKeys":{}}},"pendingPreKey":{"signedKeyId":5,"baseKey":"BSZkN9uUlylNwPUNodkfkZ3n7hy5TDB/0TO307pdAWd2","preKeyId":2170746}}},"version":"v1"}