{"_sessions":{"Baqh8eHcgjZF55/yivMfT9jkLK1K8d7YpRaaMrUG/NNR":{"registrationId":342445364,"currentRatchet":{"ephemeralKeyPair":{"pubKey":"BRPXXpbDeg6imb0pkt2UMrl2ps1SBXunzzZKrYIQO1xB","privKey":"2NTg9ZEQQRut8kYPitgOmLOdGtpk0QA+8/UjVLcOrHo="},"lastRemoteEphemeralKey":"BYc6wmG8GsWvDyVSwczDS5qP7KB8AeG+iqpVllqygUB0","previousCounter":0,"rootKey":"bb2DSLltcFBO8FrxPHzV8JVnGyyNhKTxPHxOXaZstvI="},"indexInfo":{"baseKey":"Baqh8eHcgjZF55/yivMfT9jkLK1K8d7YpRaaMrUG/NNR","baseKeyType":1,"closed":-1,"used":1753402360189,"created":1753402360189,"remoteIdentityKey":"BTUH1oiaq/ktqc6m3Djj1JyBsNM5BF0GDUAJ76GwL61O"},"_chains":{"BRPXXpbDeg6imb0pkt2UMrl2ps1SBXunzzZKrYIQO1xB":{"chainKey":{"counter":0,"key":"vNJKtcQeDsuj6iLUVNawC/anCXrAd3QtdZ1C8aap/ho="},"chainType":1,"messageKeys":{}}},"pendingPreKey":{"signedKeyId":5,"baseKey":"Baqh8eHcgjZF55/yivMfT9jkLK1K8d7YpRaaMrUG/NNR","preKeyId":11570780}}},"version":"v1"}