{"_sessions":{"BXUYbWuNXynG3huqmj3puLJB8LWlzut9hgiUS5yX0CA7":{"registrationId":535228054,"currentRatchet":{"ephemeralKeyPair":{"pubKey":"BR70g1xdazHAp9r3h1HgeqsU71OMf2bXl+/QPDSUoOtM","privKey":"oA5hIKRdKY0Y6Q3JjjTH/GoQSvjZ1nZPsvloMgnEtFA="},"lastRemoteEphemeralKey":"BdpjoN3lNOIIIx0ZmeHI0ToPEVgS/EL06OljORv4Q01t","previousCounter":0,"rootKey":"ODkM7zzteSMdMa1yFi/RhoEyyKIudqqaFRRCEfE76o4="},"indexInfo":{"baseKey":"BXUYbWuNXynG3huqmj3puLJB8LWlzut9hgiUS5yX0CA7","baseKeyType":1,"closed":-1,"used":1753402359580,"created":1753402359580,"remoteIdentityKey":"BaWoYwzEfBIxo7nanDQqqv1N/4FIxHE4hKtjjWIBr6pd"},"_chains":{"BR70g1xdazHAp9r3h1HgeqsU71OMf2bXl+/QPDSUoOtM":{"chainKey":{"counter":0,"key":"3rbWA101O2DDaeS3bPZbmIL/EvunV1gFaoTw2vn87jQ="},"chainType":1,"messageKeys":{}}},"pendingPreKey":{"signedKeyId":1,"baseKey":"BXUYbWuNXynG3huqmj3puLJB8LWlzut9hgiUS5yX0CA7","preKeyId":9824741}}},"version":"v1"}