{"_sessions":{"BbE16lntkmtihZLVOJ6HjClWHf2SjVYk9IgerYbEAnts":{"registrationId":1861294485,"currentRatchet":{"ephemeralKeyPair":{"pubKey":"BeKy6hs3vHa9bQAc3N2RMotVw5t9p9xgC6zeCeX9+7Av","privKey":"2HMGSAfAOeSjWn12b4SgAEeNcdsp0QA75P2PjYdfPGI="},"lastRemoteEphemeralKey":"Bfy0K5Rhykr5c08qDsLW2A6k/qjpsYclNWTc+132O3Fg","previousCounter":0,"rootKey":"/KbiCtvzj1p8+PioYj5ipwx0gAe6ausjbNcKJB475ns="},"indexInfo":{"baseKey":"BbE16lntkmtihZLVOJ6HjClWHf2SjVYk9IgerYbEAnts","baseKeyType":1,"closed":-1,"used":1753402360275,"created":1753402360275,"remoteIdentityKey":"BWa12z8ApS4Dy87jAfNGpglTL+Xm1Yanl1eLJFNbKGUE"},"_chains":{"BeKy6hs3vHa9bQAc3N2RMotVw5t9p9xgC6zeCeX9+7Av":{"chainKey":{"counter":0,"key":"7kFw1ra++sxdX3f61BJdti2J3M0aVJ4vmD2pIQd7I/c="},"chainType":1,"messageKeys":{}}},"pendingPreKey":{"signedKeyId":0,"baseKey":"BbE16lntkmtihZLVOJ6HjClWHf2SjVYk9IgerYbEAnts","preKeyId":9710278}}},"version":"v1"}