{"_sessions":{"BVpYGzCQZDb+NsCZGYl02lGQqwTGzT5Y0H3F+uTqrHJG":{"registrationId":486313377,"currentRatchet":{"ephemeralKeyPair":{"pubKey":"BXBMvk72uf0yNrsPUtqvZoonGX1U9gu/m9gNaOKJyJV+","privKey":"mFrBDtJTJM0uGlC7rEvoIU9q7SPaVlnjj7JhxUbLGnw="},"lastRemoteEphemeralKey":"BW5aLAWlf+Jvt0Ya7R4wy+nm7YR2Au6T9uLkqrGPAtdb","previousCounter":0,"rootKey":"20l7n+m+iVNxfjXOYUIYlL3QQHFVVOiLa/0mm5kLphw="},"indexInfo":{"baseKey":"BVpYGzCQZDb+NsCZGYl02lGQqwTGzT5Y0H3F+uTqrHJG","baseKeyType":1,"closed":-1,"used":1753402359614,"created":1753402359614,"remoteIdentityKey":"BUE+Wc8SJRYeUcw5/Z27YEWLbj7NMGu/pEHEWQY7vARZ"},"_chains":{"BXBMvk72uf0yNrsPUtqvZoonGX1U9gu/m9gNaOKJyJV+":{"chainKey":{"counter":0,"key":"qOtcglia38aPwf6ucGmenfVtxBn0v/URvyc9CXD6O9I="},"chainType":1,"messageKeys":{}}},"pendingPreKey":{"signedKeyId":15740866,"baseKey":"BVpYGzCQZDb+NsCZGYl02lGQqwTGzT5Y0H3F+uTqrHJG","preKeyId":26980}}},"version":"v1"}