{"_sessions":{"BbJw9lltkewuWuhWW3rCsXCtIp2GmbyQELzPLrJryzML":{"registrationId":170452332,"currentRatchet":{"ephemeralKeyPair":{"pubKey":"BVWkWfYD4ASpe3pGoXcocw0kUUEVr7TLo9AvJ0L9xY1c","privKey":"iF+1xL5kz744bUD0CMyuvQ4+0gPY+xw2acheiUKVtEM="},"lastRemoteEphemeralKey":"BZKBqOniqkxsihzugn/X82HPuJpYSTx1fMLib2wzhoM7","previousCounter":0,"rootKey":"IpHwAyIAe4xw2MDbO2nXvHrgyn3TKu1eb/uRVOM19dI="},"indexInfo":{"baseKey":"BbJw9lltkewuWuhWW3rCsXCtIp2GmbyQELzPLrJryzML","baseKeyType":1,"closed":-1,"used":1753402359812,"created":1753402359812,"remoteIdentityKey":"BVJDSOcaCsVfYy4iQ3KCfDqywIhhW10BYJucoJwbMPkl"},"_chains":{"BVWkWfYD4ASpe3pGoXcocw0kUUEVr7TLo9AvJ0L9xY1c":{"chainKey":{"counter":0,"key":"yfkK+wmdjl0zvKq0q5WSuVOZ7YUEAXdHdXrOVrPwhk8="},"chainType":1,"messageKeys":{}}},"pendingPreKey":{"signedKeyId":3,"baseKey":"BbJw9lltkewuWuhWW3rCsXCtIp2GmbyQELzPLrJryzML","preKeyId":1610898}}},"version":"v1"}