{"_sessions":{"BRvzfP0qhZndqL52SMBeYJCIRWO8iBnS/l66/ZndUN8J":{"registrationId":678963306,"currentRatchet":{"ephemeralKeyPair":{"pubKey":"BZJFv27tu4zRI17I2XmxHT+wcJC6u3GM4DZGKxEerZZ1","privKey":"uDojr32P5mgMRYy3s9eNgqnYyC2UZvGhU971rkVwMFI="},"lastRemoteEphemeralKey":"BWWcpwbTKvRtWPNvnUZjiGjuxVNRLwXr8hPkGQmhHAh5","previousCounter":0,"rootKey":"1CAiDkUXBitDMY7fQL2/7f57ryldSpwX3u1NaSMwKm0="},"indexInfo":{"baseKey":"BRvzfP0qhZndqL52SMBeYJCIRWO8iBnS/l66/ZndUN8J","baseKeyType":1,"closed":-1,"used":1753402360377,"created":1753402360377,"remoteIdentityKey":"BbWXqSaX044DvWUW/gt/cm1HTJj8K7mAZBEi5ytsBLVD"},"_chains":{"BZJFv27tu4zRI17I2XmxHT+wcJC6u3GM4DZGKxEerZZ1":{"chainKey":{"counter":0,"key":"Ks+XppPxzWCWJccicUpmu7OnSP+eDfUqhr84DDfZQ+4="},"chainType":1,"messageKeys":{}}},"pendingPreKey":{"signedKeyId":1,"baseKey":"BRvzfP0qhZndqL52SMBeYJCIRWO8iBnS/l66/ZndUN8J"}}},"version":"v1"}