{"_sessions":{"BTa7MM8EXiSknWoSzWfZiWyrcUxUENQ1wtp2ya4F0XNt":{"registrationId":1317302462,"currentRatchet":{"ephemeralKeyPair":{"pubKey":"BXPb98/ka7AvZ5QwCuUfVtI50t5OiA3wbiRItEc0c+Ei","privKey":"uBVHSaoDgCqgELIsJ512RhnsZcY64DBA4YbmAGuUBFQ="},"lastRemoteEphemeralKey":"BfprCUIHUZgjZdAwDyp9plwuJdYkZQrcdyzfEhaFZfAc","previousCounter":0,"rootKey":"xFoohIfjiwMEdGO+P9ypWaUYdKlkEXyFDsl51UCA2XI="},"indexInfo":{"baseKey":"BTa7MM8EXiSknWoSzWfZiWyrcUxUENQ1wtp2ya4F0XNt","baseKeyType":1,"closed":-1,"used":1753402360284,"created":1753402360284,"remoteIdentityKey":"BSEud+aPJ7slX+HZCzOteWeMVGZ4k4ULwaoa3JNCZYpp"},"_chains":{"BXPb98/ka7AvZ5QwCuUfVtI50t5OiA3wbiRItEc0c+Ei":{"chainKey":{"counter":0,"key":"l/fXWErEpf6DdhQjm4NKXMzX8ie0NNXbmPdfTe7WLTI="},"chainType":1,"messageKeys":{}}},"pendingPreKey":{"signedKeyId":1,"baseKey":"BTa7MM8EXiSknWoSzWfZiWyrcUxUENQ1wtp2ya4F0XNt"}}},"version":"v1"}