{"_sessions":{"BWiUELJZpJLUob5xOVUp5yEeGl2yIgPiCry/Zkh7n9YX":{"registrationId":1547160764,"currentRatchet":{"ephemeralKeyPair":{"pubKey":"BRkDSIsCSH8f3zxgBOi8d4LvUobYx8t6/h+LJXgZJPx0","privKey":"YBFZe/i9iK5mu4GgMS19y4vhZ05L6QIA32Rplshd12Q="},"lastRemoteEphemeralKey":"BSUMx7pvMNYtr6teICOF1Qw9CQD31eoVaQB+l/TiHG0r","previousCounter":0,"rootKey":"KXZ7eoah6e7fv53GJC/vCwBk9ycadM4nHMtSXzQ0ksg="},"indexInfo":{"baseKey":"BWiUELJZpJLUob5xOVUp5yEeGl2yIgPiCry/Zkh7n9YX","baseKeyType":1,"closed":-1,"used":1753402360102,"created":1753402360102,"remoteIdentityKey":"Bep+KZfWMhFZveS6T9DYKUQghyUq3RTBnMVBNB0YUAti"},"_chains":{"BRkDSIsCSH8f3zxgBOi8d4LvUobYx8t6/h+LJXgZJPx0":{"chainKey":{"counter":0,"key":"g1IXb1ol3MQMEziTWApcbX33pQpmEul09/qlmnRdl0M="},"chainType":1,"messageKeys":{}}},"pendingPreKey":{"signedKeyId":2,"baseKey":"BWiUELJZpJLUob5xOVUp5yEeGl2yIgPiCry/Zkh7n9YX","preKeyId":12803428}}},"version":"v1"}