{"_sessions":{"BerldoQ79SI/GRs1+DHAc7ArTsT2A1LsltFaW8QBcB89":{"registrationId":522238295,"currentRatchet":{"ephemeralKeyPair":{"pubKey":"BSTjrQxELtQBCj4Bp1p7nLrFHvA7Ycdtsgb/I7l9YX5i","privKey":"IClkljjLqJxzAKD2L4dwwVuylWS68vm+GtXsWc9DkFo="},"lastRemoteEphemeralKey":"BWOmqb4iJe/iv4upsgvAdYop9FuvoLqYIb2ilfiEy3l1","previousCounter":0,"rootKey":"jY3rdeDpL3uJQxnPWG0ixP4lp24PTPG5Y4HV1NuyjO4="},"indexInfo":{"baseKey":"BerldoQ79SI/GRs1+DHAc7ArTsT2A1LsltFaW8QBcB89","baseKeyType":1,"closed":-1,"used":1753402360273,"created":1753402360273,"remoteIdentityKey":"BS6GTGxNd+fuWvZbiPRRsHNxsTjOVXw5g2Z9mXUxEYkt"},"_chains":{"BSTjrQxELtQBCj4Bp1p7nLrFHvA7Ycdtsgb/I7l9YX5i":{"chainKey":{"counter":0,"key":"qC0sCnO9f2M8PdwHc1Hv08lFFxyi43cNASIiqV4kQYk="},"chainType":1,"messageKeys":{}}},"pendingPreKey":{"signedKeyId":15299265,"baseKey":"BerldoQ79SI/GRs1+DHAc7ArTsT2A1LsltFaW8QBcB89"}}},"version":"v1"}