{"_sessions":{"BQsWjX19hcQcDutgkBqrB4UQUZjQvx4oqjCv6EcEid1B":{"registrationId":138992656,"currentRatchet":{"ephemeralKeyPair":{"pubKey":"Bbij/sUxhCRc/qxPW0X4bSHQMbEIJvUBiN9np5/ptvsn","privKey":"kJof1yAuZ/y/59/Np44Vc+JVit8sScENjcLILlt472U="},"lastRemoteEphemeralKey":"BcI89UnWKlHKr6DR90EwBbDok8qa2GScoQDoI2s2TzYM","previousCounter":0,"rootKey":"3X5N+h13IRQacdKIisKgCnA7UnugND3eSbVhg+tCSvQ="},"indexInfo":{"baseKey":"BQsWjX19hcQcDutgkBqrB4UQUZjQvx4oqjCv6EcEid1B","baseKeyType":1,"closed":-1,"used":1753402360113,"created":1753402360113,"remoteIdentityKey":"BeQfTqxKeu435JFcAwbeD4oA8qB7Rbx8cyTkDGjQnGp7"},"_chains":{"Bbij/sUxhCRc/qxPW0X4bSHQMbEIJvUBiN9np5/ptvsn":{"chainKey":{"counter":0,"key":"+X610nnGa3I4umKlfRDl+qm+GE2X1Og0r2e3oUpP2fE="},"chainType":1,"messageKeys":{}}},"pendingPreKey":{"signedKeyId":1,"baseKey":"BQsWjX19hcQcDutgkBqrB4UQUZjQvx4oqjCv6EcEid1B","preKeyId":933773}}},"version":"v1"}