{"_sessions":{"Beku56/EeQON3YRKkn1M5285LAgzOLVLP9DjC5Fnlx0F":{"registrationId":972852593,"currentRatchet":{"ephemeralKeyPair":{"pubKey":"BTZio1yDzO6jgEOUTEgu9GiburaiulJvKTwj8zF0/mdc","privKey":"aN6HIyc+e1GRXSA0A0KX1vUYhGIVWRlZcz2i0qZsUFY="},"lastRemoteEphemeralKey":"BeT5oCCQMB6MzdNvloKDPhr8F2yaiU1dLMfytfESSSUW","previousCounter":0,"rootKey":"V+8GvqXLuRVftk5sValN+5Bv0pCYE0N4wQ4qCvIVtgY="},"indexInfo":{"baseKey":"Beku56/EeQON3YRKkn1M5285LAgzOLVLP9DjC5Fnlx0F","baseKeyType":1,"closed":-1,"used":1753402360217,"created":1753402360217,"remoteIdentityKey":"BV32b6LRbPuOx7FZnrE56ZGXwH97xczw98qxZWWt3bE+"},"_chains":{"BTZio1yDzO6jgEOUTEgu9GiburaiulJvKTwj8zF0/mdc":{"chainKey":{"counter":0,"key":"WJe0oJ4Svvc3ri1VXpakksVXMYz4lTuCrdskSvXq7NY="},"chainType":1,"messageKeys":{}}},"pendingPreKey":{"signedKeyId":9,"baseKey":"Beku56/EeQON3YRKkn1M5285LAgzOLVLP9DjC5Fnlx0F","preKeyId":4757597}}},"version":"v1"}