{"_sessions":{"BafATYyuOKV6eFqjmQKX7OKwPN0jeHTapxqD3rMmCO0D":{"registrationId":1091180341,"currentRatchet":{"ephemeralKeyPair":{"pubKey":"BW3mYUH25xxPETMvNl/DINpF4PGeTiAqjCEUecXlhSoc","privKey":"aLJAMCA89iD+INLT1wVMTqtevQshsSfkLYNxQTse2ms="},"lastRemoteEphemeralKey":"BVOh72sjU+rgvWqn1mGmWUB3IAySQKEDZlkP/ucZvrBe","previousCounter":0,"rootKey":"JZjEOjLX9f/CtVjOwmosv9wdX+P8TpA2uUTRa8OJN/c="},"indexInfo":{"baseKey":"BafATYyuOKV6eFqjmQKX7OKwPN0jeHTapxqD3rMmCO0D","baseKeyType":1,"closed":-1,"used":1753402360115,"created":1753402360115,"remoteIdentityKey":"BT0Rmsp1OuEL9PH4i/f4Q+yQTyquTiHFeS7nc8HIH80l"},"_chains":{"BW3mYUH25xxPETMvNl/DINpF4PGeTiAqjCEUecXlhSoc":{"chainKey":{"counter":0,"key":"I+9iRcBNSaZobRqP9X0nwM/QtvV61t8cLI4DBeBf1w0="},"chainType":1,"messageKeys":{}}},"pendingPreKey":{"signedKeyId":11,"baseKey":"BafATYyuOKV6eFqjmQKX7OKwPN0jeHTapxqD3rMmCO0D"}}},"version":"v1"}