{"_sessions":{"BcmfWQ+5lHriGTeqS6rZVwyI6s2vG0xGjDzRKjm/ESx3":{"registrationId":1700614392,"currentRatchet":{"ephemeralKeyPair":{"pubKey":"BTd2oaRR5hy1dn+9QnUpOceoHqR2LTrgYoes0q68ZFkn","privKey":"ELWp8K6RRStFSFR3Qu54IcDMm2e3bmzASszeMweQrFc="},"lastRemoteEphemeralKey":"BQsB30l3M+O1JdI2lGAR9VVTdlzsg8n3YnjwJ2xLdyRt","previousCounter":0,"rootKey":"d7cYTw5YagF1gG4TejleuN7ff+doBVV8aRiXVuUUONg="},"indexInfo":{"baseKey":"BcmfWQ+5lHriGTeqS6rZVwyI6s2vG0xGjDzRKjm/ESx3","baseKeyType":1,"closed":-1,"used":1753402360112,"created":1753402360112,"remoteIdentityKey":"BcJLNAkcf3UJSVcdOEuORUiAQEPSns43/E8BNbeWoU9r"},"_chains":{"BTd2oaRR5hy1dn+9QnUpOceoHqR2LTrgYoes0q68ZFkn":{"chainKey":{"counter":0,"key":"KEAevuucdyon7RBMVImzoN8pOaNIPKxntF3nCa14g7I="},"chainType":1,"messageKeys":{}}},"pendingPreKey":{"signedKeyId":25,"baseKey":"BcmfWQ+5lHriGTeqS6rZVwyI6s2vG0xGjDzRKjm/ESx3","preKeyId":8125369}}},"version":"v1"}