{"_sessions":{"BZPub8jyHrbYWuvVts3BAKk+MvhtruQgO6BwqEIH+k9j":{"registrationId":728885440,"currentRatchet":{"ephemeralKeyPair":{"pubKey":"BWP6ZwEmyilzVmaytzsEkiI2cbOFqKOuF3P42K/IWxQE","privKey":"cCs30r9nExaSipCNCNlAmAuAWu6hNw1G8szGMinPpG0="},"lastRemoteEphemeralKey":"BQO016FdIPsFSNyAm/VzRhbH/qE9K2MPXylnV3OrK84B","previousCounter":0,"rootKey":"tbTXZqj1EmbPiayCtY6pFeAeRqL/ZD/aah5iiQeCnww="},"indexInfo":{"baseKey":"BZPub8jyHrbYWuvVts3BAKk+MvhtruQgO6BwqEIH+k9j","baseKeyType":1,"closed":-1,"used":1753402359793,"created":1753402359793,"remoteIdentityKey":"BX9zxbsWqxGyq01iEEMbkQ9foZjIry1jS8by5SF4WMgd"},"_chains":{"BWP6ZwEmyilzVmaytzsEkiI2cbOFqKOuF3P42K/IWxQE":{"chainKey":{"counter":0,"key":"MSDUrxOl3D/yfPZl9wZ7mEo6wYwnY70TuFHKDg9XG1E="},"chainType":1,"messageKeys":{}}},"pendingPreKey":{"signedKeyId":0,"baseKey":"BZPub8jyHrbYWuvVts3BAKk+MvhtruQgO6BwqEIH+k9j","preKeyId":5730799}}},"version":"v1"}