{"_sessions":{"BUYB6Ol9+NjnIomUG9Q/ik2xLaSZO/IHfqTRQWVZqQly":{"registrationId":756600858,"currentRatchet":{"ephemeralKeyPair":{"pubKey":"BRZMEXl24Mk+3VmfgbB8zg+lJxYt5SVT5UlGaCtgEdhB","privKey":"EMAjRWkdvwaV6A6+rq0cm9UjfqRM3WIrarNyx6q9Xn4="},"lastRemoteEphemeralKey":"Be81JL7wHhy8wU7Zi/5G6FbGz4uPlytJAyb3VqYpJeob","previousCounter":0,"rootKey":"ctajvIZP64K6CfpuW+XQK/QYHNR4MrUMK+NX07L9JlY="},"indexInfo":{"baseKey":"BUYB6Ol9+NjnIomUG9Q/ik2xLaSZO/IHfqTRQWVZqQly","baseKeyType":1,"closed":-1,"used":1753402359899,"created":1753402359899,"remoteIdentityKey":"Bb9sYrvSBPXb2REM9PLYPL1gjk90HXMOnuH9EJYtXhZb"},"_chains":{"BRZMEXl24Mk+3VmfgbB8zg+lJxYt5SVT5UlGaCtgEdhB":{"chainKey":{"counter":0,"key":"Idc/8bKZfMqGJjnZgcSLjck+gDQyreVrJ3iZ02iIKmU="},"chainType":1,"messageKeys":{}}},"pendingPreKey":{"signedKeyId":4,"baseKey":"BUYB6Ol9+NjnIomUG9Q/ik2xLaSZO/IHfqTRQWVZqQly","preKeyId":5065628}}},"version":"v1"}