{"_sessions":{"BbDTw9gikKZpZKjtIboZK+GmihlGOA58FN13YWw1GiB8":{"registrationId":603299785,"currentRatchet":{"ephemeralKeyPair":{"pubKey":"BY6mrMYBcNBbo1FWymxQIuOi9mjLXl11VZjP/C7GDhlf","privKey":"yPsGbfX2pmjN3OdKmOWrD+Mtdf+810NqX03n2LIJo1M="},"lastRemoteEphemeralKey":"BXLv1hklW4tA4Lh6ZbnSZw0NzBR3q4E+Ifh9Wl9y5HF/","previousCounter":0,"rootKey":"SbrWDNrjWfCVeEhC/c3PTOLEP0LMO8AwFNqNGwQLex8="},"indexInfo":{"baseKey":"BbDTw9gikKZpZKjtIboZK+GmihlGOA58FN13YWw1GiB8","baseKeyType":1,"closed":-1,"used":1753402360202,"created":1753402360202,"remoteIdentityKey":"BQxRA1sgJJksnADgqXb3Hdq8AlsVD0/1NhqhNAgR/5hJ"},"_chains":{"BY6mrMYBcNBbo1FWymxQIuOi9mjLXl11VZjP/C7GDhlf":{"chainKey":{"counter":0,"key":"IG+R+Qe5g//m2oyIviNjkKI0rtZUjWmmYuajuCW2sdU="},"chainType":1,"messageKeys":{}}},"pendingPreKey":{"signedKeyId":1,"baseKey":"BbDTw9gikKZpZKjtIboZK+GmihlGOA58FN13YWw1GiB8","preKeyId":2116078}}},"version":"v1"}