{"_sessions":{"BbthTZkw4Y5BgBgYWpMrjxUUwOEuQ1rc4XHyNg5VpiAC":{"registrationId":1540296250,"currentRatchet":{"ephemeralKeyPair":{"pubKey":"BWvYYIBp64FlkP0SE6o2mJW+n8NCfG5UZ8MVZ/4Xt0Vb","privKey":"6OB5FQbvBU+xL7tYiROhJiVsbLwjAcPymBdrPQDYrHk="},"lastRemoteEphemeralKey":"BZM7uiLRppdkvII2AKu9b5JAUrEjbrWpt1+m74FdCux7","previousCounter":0,"rootKey":"d39IPih1LpWfgvLSQ7SsQNkyGIlQdIiw9BySly3pKms="},"indexInfo":{"baseKey":"BbthTZkw4Y5BgBgYWpMrjxUUwOEuQ1rc4XHyNg5VpiAC","baseKeyType":1,"closed":-1,"used":1753402359577,"created":1753402359577,"remoteIdentityKey":"BXCUPbRMcbfxZrzqaR+mJZyV8sXVa6sNk8LrCNmCl6tH"},"_chains":{"BWvYYIBp64FlkP0SE6o2mJW+n8NCfG5UZ8MVZ/4Xt0Vb":{"chainKey":{"counter":0,"key":"gVuw/Lo+O1Xj4PQYz19V9RVlngN26QU8ZdbS3TOdodg="},"chainType":1,"messageKeys":{}}},"pendingPreKey":{"signedKeyId":6,"baseKey":"BbthTZkw4Y5BgBgYWpMrjxUUwOEuQ1rc4XHyNg5VpiAC","preKeyId":4057106}}},"version":"v1"}