{"_sessions":{"Bc6nrcyd8QgThk8fxweBpsnCB2GYG7vEbyBMo9OHGD4t":{"registrationId":2077785800,"currentRatchet":{"ephemeralKeyPair":{"pubKey":"BYjJYMbATh7fQ16Sjt1VETX5MBXGp11NXjQYMgFOcz5F","privKey":"iKr6FyOD90nbzapXAhqq/GcS0GPqvvmhVmcOL2wXUX8="},"lastRemoteEphemeralKey":"BSL+3ezN/bU12Hjg0jyzsAhzKJlsw9rJ6DcF9oIsSGw2","previousCounter":0,"rootKey":"DuDvJBGj1QrBLGuXSJtjjTvsfwBIl1yO5pidoqQmMy0="},"indexInfo":{"baseKey":"Bc6nrcyd8QgThk8fxweBpsnCB2GYG7vEbyBMo9OHGD4t","baseKeyType":1,"closed":-1,"used":1753402359675,"created":1753402359675,"remoteIdentityKey":"BboJNGLGlKgUsWiK6fTpY+11OpGnd0YmoFW8IjdKUNUP"},"_chains":{"BYjJYMbATh7fQ16Sjt1VETX5MBXGp11NXjQYMgFOcz5F":{"chainKey":{"counter":0,"key":"d1cAsboj66hzre7mc97vMNdj/r5Nwr7PuRnMPUlb9n4="},"chainType":1,"messageKeys":{}}},"pendingPreKey":{"signedKeyId":2,"baseKey":"Bc6nrcyd8QgThk8fxweBpsnCB2GYG7vEbyBMo9OHGD4t","preKeyId":1322558}}},"version":"v1"}