{"_sessions":{"BdhI37fQZ/zYKzfhXCpgvoxo1bj1gvCWTgboFRaUqmQb":{"registrationId":876441446,"currentRatchet":{"ephemeralKeyPair":{"pubKey":"BXypSVTOQxjpMC9SpB0qWarRLyKTnRFxaHLD+YNmICg7","privKey":"oKjmqYS/dWHdXOqnqS4Htaw5WuN1otc7XDyFou6/X3Q="},"lastRemoteEphemeralKey":"BYJu3igsv2IDfR4A0QqBfjmTvEDpFQwHDr4aSTQolAwz","previousCounter":0,"rootKey":"wUgA2CGvScJXRVpdT885oB26er5LlNfIXc84ucwuBHY="},"indexInfo":{"baseKey":"BdhI37fQZ/zYKzfhXCpgvoxo1bj1gvCWTgboFRaUqmQb","baseKeyType":1,"closed":-1,"used":1753402359591,"created":1753402359591,"remoteIdentityKey":"BY3i6F6SzvduEpnGrxH7vVWr9RQ6DzfQOKxpQm9t7t84"},"_chains":{"BXypSVTOQxjpMC9SpB0qWarRLyKTnRFxaHLD+YNmICg7":{"chainKey":{"counter":0,"key":"PLl96XOHXYu0fuzRMentT11TXC2Aw/Rh59I0ifWbz98="},"chainType":1,"messageKeys":{}}},"pendingPreKey":{"signedKeyId":8,"baseKey":"BdhI37fQZ/zYKzfhXCpgvoxo1bj1gvCWTgboFRaUqmQb","preKeyId":6122067}}},"version":"v1"}