{"_sessions":{"BYH7OKCMP+Ba/5gs4NsaT//FsmyUN1Y/YFe4gtp3ViEz":{"registrationId":426716544,"currentRatchet":{"ephemeralKeyPair":{"pubKey":"BeD4ym33B3cY1pNzL8UHqSZDsNg2EO2WF1j/WQgRiB9K","privKey":"QPrMHjprnVSTzX6AH11eMnPSJQ1CQmxY3L0k34zLwXc="},"lastRemoteEphemeralKey":"BWTzBMBK0o4MsfA5Lkj261E6GX8L24uHZ77xXp5zOCt5","previousCounter":0,"rootKey":"dQVjKEVgUrEfGyRWMVRhOMRrqzGCygGUd14LVzEPJLk="},"indexInfo":{"baseKey":"BYH7OKCMP+Ba/5gs4NsaT//FsmyUN1Y/YFe4gtp3ViEz","baseKeyType":1,"closed":-1,"used":1753402359611,"created":1753402359611,"remoteIdentityKey":"BehO14Awdryg2A5OWNTjB3E0cXLY95bdxg4BniuHrjx1"},"_chains":{"BeD4ym33B3cY1pNzL8UHqSZDsNg2EO2WF1j/WQgRiB9K":{"chainKey":{"counter":0,"key":"pjeCRXWnCdeaMeoIRLY52mwGw8UltJP653ppZVYB5PQ="},"chainType":1,"messageKeys":{}}},"pendingPreKey":{"signedKeyId":10,"baseKey":"BYH7OKCMP+Ba/5gs4NsaT//FsmyUN1Y/YFe4gtp3ViEz","preKeyId":15467852}}},"version":"v1"}