{"_sessions":{"BT7lRRmwqir2e52hBZO/Bpb3dI6z192GsL/XjsXrKPsc":{"registrationId":1507763953,"currentRatchet":{"ephemeralKeyPair":{"pubKey":"BQlANTXnI6hPccJuIF73qMA+rT6lVLYgmj0GlIZk2Itg","privKey":"4Bym8m8cftH3LkT7lY/xsGC1ldJ7zTJUpNJGOcDCUWQ="},"lastRemoteEphemeralKey":"BS4B14lXUUxiQpBsYs4FCM22yfO2xy7UlqnGru7uhCBj","previousCounter":0,"rootKey":"tDGGgkrpYkwXi3P4op+Fwrz+Rg0e375XK5yeQTZig1E="},"indexInfo":{"baseKey":"BT7lRRmwqir2e52hBZO/Bpb3dI6z192GsL/XjsXrKPsc","baseKeyType":1,"closed":-1,"used":1753402360294,"created":1753402360294,"remoteIdentityKey":"Bdd/sTqaSmOZ+xiQWLgzQajxwa4sA4F0LMRIUGmf3y9S"},"_chains":{"BQlANTXnI6hPccJuIF73qMA+rT6lVLYgmj0GlIZk2Itg":{"chainKey":{"counter":0,"key":"L9hQgDuScjN1vn/vSJzm6EXkP6beH91zdmbUJ23W6sQ="},"chainType":1,"messageKeys":{}}},"pendingPreKey":{"signedKeyId":0,"baseKey":"BT7lRRmwqir2e52hBZO/Bpb3dI6z192GsL/XjsXrKPsc"}}},"version":"v1"}