{"_sessions":{"BUZGgIAgGtXcksx9X2RU2EilEoa91CYjaOU59yQNSi5V":{"registrationId":1827923375,"currentRatchet":{"ephemeralKeyPair":{"pubKey":"Bfd0Ib9BkyULaLqSItXUDefmAF8qs4yvu67PdmsauCAY","privKey":"2O6Hn6W9QprkfbByIPF/RQMO1B4akblgRX/mS4DvX1A="},"lastRemoteEphemeralKey":"BWwh1VV9K0UQUGDltUHDpTFewDHqEHOsFJUDtWPVj/FU","previousCounter":0,"rootKey":"lmmioZoIInv5RDeU/+HhV4V8U1ln7SEkjS6tYu5MIFA="},"indexInfo":{"baseKey":"BUZGgIAgGtXcksx9X2RU2EilEoa91CYjaOU59yQNSi5V","baseKeyType":1,"closed":-1,"used":1753402360001,"created":1753402360001,"remoteIdentityKey":"BXafZo1gGvhJJmMLTBF2/+0BKEYO0kqqXIIJYy8YM8AB"},"_chains":{"Bfd0Ib9BkyULaLqSItXUDefmAF8qs4yvu67PdmsauCAY":{"chainKey":{"counter":0,"key":"ztRgDNVwFaRL6KZafCpsizsU+xqmRUfEqD9S2FaTwWs="},"chainType":1,"messageKeys":{}}},"pendingPreKey":{"signedKeyId":2,"baseKey":"BUZGgIAgGtXcksx9X2RU2EilEoa91CYjaOU59yQNSi5V","preKeyId":12875917}}},"version":"v1"}