{"_sessions":{"BQXO2nMrdn4E9A/Dt1QkZMclmTbFNHYFSu7nIPYSMEp+":{"registrationId":7541,"currentRatchet":{"ephemeralKeyPair":{"pubKey":"BdAbXnYLVcNrb+ADt8maAsfIhRzePFn91KFXSmoY7Bd7","privKey":"cADuZLkivvu1cyCP5EbW9NaiJjBIpJqhBWcOneDhNn8="},"lastRemoteEphemeralKey":"BYhsBHWXRCYRzNyuxN7zro3Ev3ICJVWdM3Ox4OjheogR","previousCounter":0,"rootKey":"HyxRYU1GMbLOZxRuH4/tbt3o51fQEMBv37UmjXB4Zkc="},"indexInfo":{"baseKey":"BQXO2nMrdn4E9A/Dt1QkZMclmTbFNHYFSu7nIPYSMEp+","baseKeyType":1,"closed":-1,"used":1753402359404,"created":1753402359404,"remoteIdentityKey":"BS52BKHZ4VisDzi2N0Fc3pKIvpOHeQWQv5OnOtZFYAM9"},"_chains":{"BdAbXnYLVcNrb+ADt8maAsfIhRzePFn91KFXSmoY7Bd7":{"chainKey":{"counter":0,"key":"DqY5dio6m+b49gFiJXK3pTckQWIq7MfZuvspWfpX/2M="},"chainType":1,"messageKeys":{}}},"pendingPreKey":{"signedKeyId":1,"baseKey":"BQXO2nMrdn4E9A/Dt1QkZMclmTbFNHYFSu7nIPYSMEp+","preKeyId":1551}}},"version":"v1"}