{"_sessions":{"BSjXiSanDP8QNut8fMgLSa/E7R2yUW91uw56TaAI3Lka":{"registrationId":746036402,"currentRatchet":{"ephemeralKeyPair":{"pubKey":"BTP9hQRSI6MJbQHy+Rt5ar0hGzOZGGkoZ+/DkIwCQgR6","privKey":"sOT7C+5bwtHVCM3C8blAmEvrxIosFoJIBwe59tayPEM="},"lastRemoteEphemeralKey":"BeKRrC7yFzOqB5jkSkcjTfRh6mNoivOPSrfe7fIbFWUM","previousCounter":0,"rootKey":"tOkpHhlbL8+kVPBE3aLSmOuQ5bWKBiYrDsfTmx2XUvg="},"indexInfo":{"baseKey":"BSjXiSanDP8QNut8fMgLSa/E7R2yUW91uw56TaAI3Lka","baseKeyType":1,"closed":-1,"used":1753402360006,"created":1753402360006,"remoteIdentityKey":"Bb+sTnv7dmzX5KrqAAmTuWJ/6izAU+Uq7wiJRBXi6A5R"},"_chains":{"BTP9hQRSI6MJbQHy+Rt5ar0hGzOZGGkoZ+/DkIwCQgR6":{"chainKey":{"counter":0,"key":"XcQxfIqhiJlWnjveCIUJdg8haKhuB4+9msnG9dBTd2E="},"chainType":1,"messageKeys":{}}},"pendingPreKey":{"signedKeyId":0,"baseKey":"BSjXiSanDP8QNut8fMgLSa/E7R2yUW91uw56TaAI3Lka","preKeyId":14190267}}},"version":"v1"}