{"_sessions":{"BbxkKfYZnT2xhdr6Z6oC8jCH+kjAic28QS8yqq+5s7Rq":{"registrationId":635650095,"currentRatchet":{"ephemeralKeyPair":{"pubKey":"BZVUo76+l6WEa81DmZRmNF5t0RsGSrwNjNfgh+HP/Wt/","privKey":"OE1OPqGYYmQTJCVeeW6LoAUOzEBHABzfC8vr0cuxVGY="},"lastRemoteEphemeralKey":"BTSnoYQYeQAwzYeYPFKnwvkZwL0Sa2RZ7CqGdueLwwoL","previousCounter":0,"rootKey":"7YtfYiTHylITu26I0JhNiehENeN4MZsMuxMnNmRJMZ4="},"indexInfo":{"baseKey":"BbxkKfYZnT2xhdr6Z6oC8jCH+kjAic28QS8yqq+5s7Rq","baseKeyType":1,"closed":-1,"used":1753402360211,"created":1753402360211,"remoteIdentityKey":"BaGJsHHl4cP/Z3cNJ/b7kDV0StqFEXabBolpBmKb60tn"},"_chains":{"BZVUo76+l6WEa81DmZRmNF5t0RsGSrwNjNfgh+HP/Wt/":{"chainKey":{"counter":0,"key":"rSwSHrR55RKhfXao3sQQgxO2vgtBagC2vaZ3Js9cXHc="},"chainType":1,"messageKeys":{}}},"pendingPreKey":{"signedKeyId":1,"baseKey":"BbxkKfYZnT2xhdr6Z6oC8jCH+kjAic28QS8yqq+5s7Rq","preKeyId":6830530}}},"version":"v1"}