{"_sessions":{"BZ8Sy0bXRuxLylRDlC77OLjICjcx+L3m1vUQfTs0ko8K":{"registrationId":1437209868,"currentRatchet":{"ephemeralKeyPair":{"pubKey":"BeiKO1NFVaqW8Jy9CD9UPNRJ9JYNPaRmAxrD7W2HVvYd","privKey":"sIkJD/5ONY4HOxH9v807+vlYRmhgbaT5sxVmTZ6DXFw="},"lastRemoteEphemeralKey":"BSF0j5NqPjMWcgaaHHfe+VElBHZXwa1W6fJysweE77IW","previousCounter":0,"rootKey":"kg0pru8pGp5nPPe5+/XjKRS08tMWo6EGtEiEe3HoosQ="},"indexInfo":{"baseKey":"BZ8Sy0bXRuxLylRDlC77OLjICjcx+L3m1vUQfTs0ko8K","baseKeyType":1,"closed":-1,"used":1753402359476,"created":1753402359476,"remoteIdentityKey":"BbMh7/Tg+LrdMT+Zylt+FYrUtaj2OMDCDFpsaE+V9WtX"},"_chains":{"BeiKO1NFVaqW8Jy9CD9UPNRJ9JYNPaRmAxrD7W2HVvYd":{"chainKey":{"counter":0,"key":"bhJ0tndI1i37ocWp9cNxJuXSOac7756L7l246Bt19cU="},"chainType":1,"messageKeys":{}}},"pendingPreKey":{"signedKeyId":0,"baseKey":"BZ8Sy0bXRuxLylRDlC77OLjICjcx+L3m1vUQfTs0ko8K","preKeyId":13031403}}},"version":"v1"}