{"_sessions":{"BSVHtGv5iyaZkuswqGts2FLRUW54DQshxUvrMwJzJKNd":{"registrationId":272110160,"currentRatchet":{"ephemeralKeyPair":{"pubKey":"BVf3nOsdMY4FPafxvghuDrtDRecsUE1c3SbC1DA1Li8L","privKey":"0MzRCQr9kMUdR29RMWkvLZdq6c41hGf0PASzIRM3JWQ="},"lastRemoteEphemeralKey":"BZ8i3F3DdRHlTr2EFjqz5sn1ndITCojM2chJj4dfNHts","previousCounter":0,"rootKey":"otvWvs9siq7rcGPuiH2kv33jtbcFe6G+TM8kYK2EVgc="},"indexInfo":{"baseKey":"BSVHtGv5iyaZkuswqGts2FLRUW54DQshxUvrMwJzJKNd","baseKeyType":1,"closed":-1,"used":1753402359717,"created":1753402359717,"remoteIdentityKey":"BapWO6pY8j/hXy2rD5vxvdm6UZlch9vGDdnt57nXqOdI"},"_chains":{"BVf3nOsdMY4FPafxvghuDrtDRecsUE1c3SbC1DA1Li8L":{"chainKey":{"counter":0,"key":"nWI3BhKlVNpEwNwuC4oINsiauPY/gqAdprXjsMd6fuE="},"chainType":1,"messageKeys":{}}},"pendingPreKey":{"signedKeyId":0,"baseKey":"BSVHtGv5iyaZkuswqGts2FLRUW54DQshxUvrMwJzJKNd","preKeyId":1282082}}},"version":"v1"}