{"_sessions":{"BeI0LoiKmvp/tUIGsrTVUYPMUwrXGTqzqzPVOlkFbrVd":{"registrationId":34007950,"currentRatchet":{"ephemeralKeyPair":{"pubKey":"BevSPUs/qQrTePGapdHoE+W/DSwVE5UTwT13vP2/NKsl","privKey":"UMZU4oezA/wFNt70qDniOWHcu9INRVuAxwj9utqoFVw="},"lastRemoteEphemeralKey":"BfxjWuL2QRtyeF4p3HZzTh87zThXvCaeqGwzeIa2OMxG","previousCounter":0,"rootKey":"AssP9FDH3BAHVj379F+d37abeCuMdNNH63yimfAvt/w="},"indexInfo":{"baseKey":"BeI0LoiKmvp/tUIGsrTVUYPMUwrXGTqzqzPVOlkFbrVd","baseKeyType":1,"closed":-1,"used":1753402359597,"created":1753402359597,"remoteIdentityKey":"BdjSBom8SQCksHcA6+eLSGuKylEOr/BTbW3I1VIGYRI/"},"_chains":{"BevSPUs/qQrTePGapdHoE+W/DSwVE5UTwT13vP2/NKsl":{"chainKey":{"counter":0,"key":"7zxDk+g6pxk5ra5UtquE6LDiLLc1E6ckPLYUew4DPlQ="},"chainType":1,"messageKeys":{}}},"pendingPreKey":{"signedKeyId":3,"baseKey":"BeI0LoiKmvp/tUIGsrTVUYPMUwrXGTqzqzPVOlkFbrVd","preKeyId":5625161}}},"version":"v1"}