{"_sessions":{"BWYeYRQU/zXL+uBeRFnvPCU+oNa+ifJYTiz8/+BqkYo5":{"registrationId":1265439552,"currentRatchet":{"ephemeralKeyPair":{"pubKey":"BcofZQ4a8ZSQTdk3Cz60YivfZQbF2UB0TRwFmT5KJUce","privKey":"uKSJXdl30Y3J+rryn4JsxAA7v106nLJSvI1nn0T5fGY="},"lastRemoteEphemeralKey":"Bbz3umZFdUg4MZBHJ6smUMDCV08pXZCh6ngZk35HXvJP","previousCounter":0,"rootKey":"WM9gMPl++f/bnYdhh3wi5PfUdGaPWzNz3l+0vBx5NHY="},"indexInfo":{"baseKey":"BWYeYRQU/zXL+uBeRFnvPCU+oNa+ifJYTiz8/+BqkYo5","baseKeyType":1,"closed":-1,"used":1753402359520,"created":1753402359520,"remoteIdentityKey":"Basfl496HcZO89E+CANqgcWbdfavnHBS6ZuYCJhgC7tV"},"_chains":{"BcofZQ4a8ZSQTdk3Cz60YivfZQbF2UB0TRwFmT5KJUce":{"chainKey":{"counter":0,"key":"acF3JZ2QfPNY3AfpM8Rciv4PJXb63Gq40OAUfmYpxds="},"chainType":1,"messageKeys":{}}},"pendingPreKey":{"signedKeyId":17,"baseKey":"BWYeYRQU/zXL+uBeRFnvPCU+oNa+ifJYTiz8/+BqkYo5","preKeyId":5240976}}},"version":"v1"}