{"_sessions":{"BaHbkzC/PF/OPc44wsPL0eBO9XehC81HiYPZrKemOb9R":{"registrationId":1095171132,"currentRatchet":{"ephemeralKeyPair":{"pubKey":"BRHlGE6lxYDOeSYcMi5SdmBmQuTRthNALPbvOpSvjRom","privKey":"8BmNPi90WgC6BC0IV6aO1pzXRpYqxFvXuwMMOZ9xXHI="},"lastRemoteEphemeralKey":"BYgDyQZ3FaBKJXUlfnU/ukoPo503ngR58FtoUAIr/4Qz","previousCounter":0,"rootKey":"ZX8xwzuoHVxuwRT5ClfOR5IWlZDHnTUM80x1BDZfzR4="},"indexInfo":{"baseKey":"BaHbkzC/PF/OPc44wsPL0eBO9XehC81HiYPZrKemOb9R","baseKeyType":1,"closed":-1,"used":1753402359884,"created":1753402359884,"remoteIdentityKey":"BdGaXG12HPBNQsYehhJXpV4UPVxBqMWgFmnGsFVLRihF"},"_chains":{"BRHlGE6lxYDOeSYcMi5SdmBmQuTRthNALPbvOpSvjRom":{"chainKey":{"counter":0,"key":"34Rvt4CdnzjK6GiAvyNNMtlFeSd203T5/x11EEBF/ew="},"chainType":1,"messageKeys":{}}},"pendingPreKey":{"signedKeyId":18,"baseKey":"BaHbkzC/PF/OPc44wsPL0eBO9XehC81HiYPZrKemOb9R","preKeyId":3959950}}},"version":"v1"}