{"_sessions":{"BXkFFWIKjqJApXRvDzhAkMKaqc1t8A+Yf3dCqP5h29Ab":{"registrationId":4,"currentRatchet":{"ephemeralKeyPair":{"pubKey":"BU9Qa1deQcO6kwjnitjNJ/PjsDuzT+7tUSRaoRMrnncq","privKey":"SOkyZMYdDlylta9pStUR1RnrtxmWjlEJq0whbzElAWo="},"lastRemoteEphemeralKey":"BbPbnOwESitGbbe3SZPstp5RNTjpu6fc5kN+f1+uHOtY","previousCounter":0,"rootKey":"rNpir/V+Do8Mac6KfIE6FB1GQS541+baDS6+p/Qh5rM="},"indexInfo":{"baseKey":"BXkFFWIKjqJApXRvDzhAkMKaqc1t8A+Yf3dCqP5h29Ab","baseKeyType":1,"closed":-1,"used":1753402359201,"created":1753402359201,"remoteIdentityKey":"BX2x+o1TirsVSmqC6NWi3eldTpSxdnixHojiFWr/qn9w"},"_chains":{"BU9Qa1deQcO6kwjnitjNJ/PjsDuzT+7tUSRaoRMrnncq":{"chainKey":{"counter":0,"key":"hD3t0lUC5PUi2zs4AEEBt6VQgSQIzIa7HBSYtkhD2Q8="},"chainType":1,"messageKeys":{}}},"pendingPreKey":{"signedKeyId":1,"baseKey":"BXkFFWIKjqJApXRvDzhAkMKaqc1t8A+Yf3dCqP5h29Ab"}}},"version":"v1"}