{"_sessions":{"BQi6nWIAYTe4Zg08zo7SVcJ60C6kdU12RL3qT7TQMYhe":{"registrationId":1585311442,"currentRatchet":{"ephemeralKeyPair":{"pubKey":"BX4Cw8TH+NF+Rj9w0inp4GJ9UqhlNjp0lxxOPimFF0F2","privKey":"CO5zX2Gm9ueELeRrLDzVs8m+2I+AdmLhDb8CKO3Zt3w="},"lastRemoteEphemeralKey":"BfKgZsWaYAqD1TLTAP0p3Qc4YDLhlHeHWYsJ7gg8kNUF","previousCounter":0,"rootKey":"grFKTjpHMDGhnBM/XpeVkhMnBH+sl2tk7vtJsNIxXcw="},"indexInfo":{"baseKey":"BQi6nWIAYTe4Zg08zo7SVcJ60C6kdU12RL3qT7TQMYhe","baseKeyType":1,"closed":-1,"used":1753402359109,"created":1753402359109,"remoteIdentityKey":"BXLDMU35fH5HR8vp3Jcu09GvsdEALTbFBTpGSgaLeWUf"},"_chains":{"BX4Cw8TH+NF+Rj9w0inp4GJ9UqhlNjp0lxxOPimFF0F2":{"chainKey":{"counter":0,"key":"krePz38V/0nHg3z64sNGFYICtWOrDQGo/g/5/WQAghs="},"chainType":1,"messageKeys":{}}},"pendingPreKey":{"signedKeyId":1,"baseKey":"BQi6nWIAYTe4Zg08zo7SVcJ60C6kdU12RL3qT7TQMYhe"}}},"version":"v1"}