{"_sessions":{"BbcYnfFWRGbwf/eb3bHefP78MpIvchPAo/0GA0P0ZU0j":{"registrationId":2048910470,"currentRatchet":{"ephemeralKeyPair":{"pubKey":"BY2/LbppNxUy11G91i8hX9W8BXBATrkiWxWxHLlr4XRp","privKey":"oPElhFqKY59d/i16Jf3wAXmaxPWYjng9wVdeHoJTB3Y="},"lastRemoteEphemeralKey":"BedzEP+cDO+ULQ1PjPbfdV7FUG+s4Nw1jTcstK5/0Rtc","previousCounter":0,"rootKey":"w8NaEx8Q/j52NGyV1lBqPXNR7uJm614eyWikYKAY/k8="},"indexInfo":{"baseKey":"BbcYnfFWRGbwf/eb3bHefP78MpIvchPAo/0GA0P0ZU0j","baseKeyType":1,"closed":-1,"used":1753402360308,"created":1753402360308,"remoteIdentityKey":"BT5Zr7xmfq/lPFbPq08haA2ifpDDoJYYHUJNK3PNjh0C"},"_chains":{"BY2/LbppNxUy11G91i8hX9W8BXBATrkiWxWxHLlr4XRp":{"chainKey":{"counter":0,"key":"WzLcBHn4Uc3XbdxESwNnfJzGvghnI2a32yq7v/HtO3w="},"chainType":1,"messageKeys":{}}},"pendingPreKey":{"signedKeyId":1,"baseKey":"BbcYnfFWRGbwf/eb3bHefP78MpIvchPAo/0GA0P0ZU0j","preKeyId":5588484}}},"version":"v1"}