{"_sessions":{"BQvFLvIKDRoYdrLX6JKCJM44FfmMLQqDOvhWsDlxMOht":{"registrationId":1038802536,"currentRatchet":{"ephemeralKeyPair":{"pubKey":"BaNp7yoBdOmW/8Xh1Rb8qmUPYw4RWgBHyv5HXHhyNeQI","privKey":"QBZbc/ltyQrCSeqYHgbunZSL64uVOHXDcdO7Gj0mHmA="},"lastRemoteEphemeralKey":"BSevLVWeuAHFY7jLOiJQGRjfxOlJWH5c+DtRW7TC/cAo","previousCounter":0,"rootKey":"X0f1SJqGTQUgSK0HB58o2G9qvhWQxjjCqwfoMIi1w48="},"indexInfo":{"baseKey":"BQvFLvIKDRoYdrLX6JKCJM44FfmMLQqDOvhWsDlxMOht","baseKeyType":1,"closed":-1,"used":1753402359773,"created":1753402359773,"remoteIdentityKey":"BaX9hvaqwKbl9SajlbsOR/4Cv6R0XpSRjCOpJWO/NK1T"},"_chains":{"BaNp7yoBdOmW/8Xh1Rb8qmUPYw4RWgBHyv5HXHhyNeQI":{"chainKey":{"counter":0,"key":"NkH0aWA+5eY8Hs1MhFniMnAi+84N3LwAsot9HsV9RGw="},"chainType":1,"messageKeys":{}}},"pendingPreKey":{"signedKeyId":0,"baseKey":"BQvFLvIKDRoYdrLX6JKCJM44FfmMLQqDOvhWsDlxMOht","preKeyId":120034}}},"version":"v1"}