{"_sessions":{"BbR/F+zfr/Uno92fxVwnRW6mIFXmdBpV7rmhMWExjlti":{"registrationId":990489438,"currentRatchet":{"ephemeralKeyPair":{"pubKey":"Ba+pb2mooo0V6SSicmizqbCwD66MCCvrRwFBo36s/nw4","privKey":"yIfPB9/7OE3/BuC86QPLEw1kodlRJH2NLExKluzEJmc="},"lastRemoteEphemeralKey":"BSS8+CFtTuZfoOAs7N6TVPU08R0xkSJe9EWkYqqLE01e","previousCounter":0,"rootKey":"PtN1LV7b1bxJKvDH0lMg0CY7+OWnIuXNTyIagiYKORQ="},"indexInfo":{"baseKey":"BbR/F+zfr/Uno92fxVwnRW6mIFXmdBpV7rmhMWExjlti","baseKeyType":1,"closed":-1,"used":1753402359913,"created":1753402359913,"remoteIdentityKey":"BcJwDsfyWCuijxJ+92G2Ekl05zp9OMMqken+2yYh0egh"},"_chains":{"Ba+pb2mooo0V6SSicmizqbCwD66MCCvrRwFBo36s/nw4":{"chainKey":{"counter":0,"key":"Xxluu1L+3gVjaGM8zrSbE5H0aWL58nyzDGyVbS4UD4s="},"chainType":1,"messageKeys":{}}},"pendingPreKey":{"signedKeyId":0,"baseKey":"BbR/F+zfr/Uno92fxVwnRW6mIFXmdBpV7rmhMWExjlti","preKeyId":3801411}}},"version":"v1"}