{"_sessions":{"BaXoh6Dx5LtIk2rg2VNsQYOsOHu7X1zBUpgMgfKjOjI1":{"registrationId":1488736478,"currentRatchet":{"ephemeralKeyPair":{"pubKey":"BeFo0I+6P474GjFxnZnJdElGDhp7ie1wHNPD5cTYX/se","privKey":"EOJKHxGGECN4C/SUIPG97hzWYGogjjEry7fkEdRvkG4="},"lastRemoteEphemeralKey":"BV+4V5WubZ5FQX0/1M19UaJmqby5O75Ozj6wWJfZ5xVC","previousCounter":0,"rootKey":"GMoi/mOvqDN/z88AhOjK37rvz/hTu4E1pbWVYR2+8mk="},"indexInfo":{"baseKey":"BaXoh6Dx5LtIk2rg2VNsQYOsOHu7X1zBUpgMgfKjOjI1","baseKeyType":1,"closed":-1,"used":1753402359816,"created":1753402359816,"remoteIdentityKey":"BclqGiX9PNhJaDiab38C62TVjzfigP921BX0QRbG2+ob"},"_chains":{"BeFo0I+6P474GjFxnZnJdElGDhp7ie1wHNPD5cTYX/se":{"chainKey":{"counter":0,"key":"8uOV0LkYZO6D1qk5hFDMsUZnQ37CIfgVPLgE4oiqLv8="},"chainType":1,"messageKeys":{}}},"pendingPreKey":{"signedKeyId":2,"baseKey":"BaXoh6Dx5LtIk2rg2VNsQYOsOHu7X1zBUpgMgfKjOjI1"}}},"version":"v1"}