{"_sessions":{"BSjcmLkXVRlqDvCvJgw64z/2/0iPVTIRg87pV+mZuu1N":{"registrationId":458161510,"currentRatchet":{"ephemeralKeyPair":{"pubKey":"Bad7Abf0eiOqJ9ea473SMYMZDeJNYY4QV2v8fgOPCUoL","privKey":"oN6ILk3DtKliynRxwlUSNxthQWBi3tzBXpShMxWNv00="},"lastRemoteEphemeralKey":"BTI6SMsnuTMYqVs/Is9NzVN7B+qkLQw3A0V5Sn8Eslto","previousCounter":0,"rootKey":"lCE7b9zAhmryPeetZP1GZHbGShyptcu/5Fu6c7Yzs8A="},"indexInfo":{"baseKey":"BSjcmLkXVRlqDvCvJgw64z/2/0iPVTIRg87pV+mZuu1N","baseKeyType":1,"closed":-1,"used":1753402359511,"created":1753402359511,"remoteIdentityKey":"BUeGMRIAlV92XrJ5NkYchROG1xyDmzRGZYw+gZ0frg9o"},"_chains":{"Bad7Abf0eiOqJ9ea473SMYMZDeJNYY4QV2v8fgOPCUoL":{"chainKey":{"counter":0,"key":"rBvNK5/2XKBsNRiqoOV8WpLnA74a1dVlHs313AhX0Yw="},"chainType":1,"messageKeys":{}}},"pendingPreKey":{"signedKeyId":14,"baseKey":"BSjcmLkXVRlqDvCvJgw64z/2/0iPVTIRg87pV+mZuu1N","preKeyId":4416309}}},"version":"v1"}