{"_sessions":{"BS4bj561E9CEcGFYBkeVqhep3zSpEgowHnp8TdAVogIl":{"registrationId":1389855137,"currentRatchet":{"ephemeralKeyPair":{"pubKey":"BRuzYXYo9lWYntJhYhuhPJgeXEGtKNSHNGyEelABICdc","privKey":"yP2vgMhKzaGJCdnqFs02QND5ayIkcUAWR8oBZgfLT3A="},"lastRemoteEphemeralKey":"Be5knWucvIvbw98VlG7yw76QNAV3ufsaVcR2bSRrp1wZ","previousCounter":0,"rootKey":"fJ7oW9qlHtOkBZ28lRM/fMyiz5irPyqjxDy9YaqA0MU="},"indexInfo":{"baseKey":"BS4bj561E9CEcGFYBkeVqhep3zSpEgowHnp8TdAVogIl","baseKeyType":1,"closed":-1,"used":1753402359606,"created":1753402359606,"remoteIdentityKey":"BdhxxfoauUZGY+C37SPiXNcKxdfkQ4+q9S0Q+cFteUoT"},"_chains":{"BRuzYXYo9lWYntJhYhuhPJgeXEGtKNSHNGyEelABICdc":{"chainKey":{"counter":0,"key":"2TP6HgQfO+Sb+nnoiMn4q8JJkwCsE85EHK+kCvFEH20="},"chainType":1,"messageKeys":{}}},"pendingPreKey":{"signedKeyId":2,"baseKey":"BS4bj561E9CEcGFYBkeVqhep3zSpEgowHnp8TdAVogIl","preKeyId":10845219}}},"version":"v1"}