{"_sessions":{"BWnf4M2UJi9JNZOihRimC7GmKOIwkglt99dbWy3la5kl":{"registrationId":1049205282,"currentRatchet":{"ephemeralKeyPair":{"pubKey":"BcMeMiRrODTm+vqK6Jfv5/xkDXw9rv2ecIA0anfOS/Y8","privKey":"SN6OyoW8qE/7avdeh3OvwjQyzYq2n6MNvDj+F5ZdiGQ="},"lastRemoteEphemeralKey":"BVw7pi6INiolXlcpegLL/EuZi5AaigHpjToQlWBRNOoJ","previousCounter":0,"rootKey":"47aE9iOeCqDZzSd3NDkd1chbYn+Hr9RljbXMdM0f5x8="},"indexInfo":{"baseKey":"BWnf4M2UJi9JNZOihRimC7GmKOIwkglt99dbWy3la5kl","baseKeyType":1,"closed":-1,"used":1753402359700,"created":1753402359700,"remoteIdentityKey":"BT+o2WToArbF/SVFnVUsS1IeopEX0KVnzBV0LjIqAYcd"},"_chains":{"BcMeMiRrODTm+vqK6Jfv5/xkDXw9rv2ecIA0anfOS/Y8":{"chainKey":{"counter":0,"key":"pJGTc8RjdFY/5c+Qz8XjBkpQXMaiZxlYZyBeAVPegvg="},"chainType":1,"messageKeys":{}}},"pendingPreKey":{"signedKeyId":2,"baseKey":"BWnf4M2UJi9JNZOihRimC7GmKOIwkglt99dbWy3la5kl","preKeyId":7888131}}},"version":"v1"}