{"_sessions":{"BUP+vFNJwqnyKOgSHatLrUG+NsMqVrsAtIckww4jbOYZ":{"registrationId":770955272,"currentRatchet":{"ephemeralKeyPair":{"pubKey":"BUh42X/JqS9cxwaBmWyobWhuaBU+kN6wwx1v8Af4/Nd+","privKey":"GMa4wCs7v+S+HuLMbehIrB8RSFBcAkwiM8WwOm8SmV4="},"lastRemoteEphemeralKey":"BWT1lap4N0rKEd81Zh6ZihfjctK0x6jsRMJ6y0CAz3Vt","previousCounter":0,"rootKey":"IdG4qTigDb8Xx7PetcLZMgiynwLTIdOFM8LegnwCu04="},"indexInfo":{"baseKey":"BUP+vFNJwqnyKOgSHatLrUG+NsMqVrsAtIckww4jbOYZ","baseKeyType":1,"closed":-1,"used":1753402359587,"created":1753402359587,"remoteIdentityKey":"BabgD9WzqInFmy2Je71f0XZq+9n76y1LUGwwcCAnfhkh"},"_chains":{"BUh42X/JqS9cxwaBmWyobWhuaBU+kN6wwx1v8Af4/Nd+":{"chainKey":{"counter":0,"key":"SSHQygJ7d+AmpbQo7sbl4MUT+kRPsR1xm82dJBsKNHw="},"chainType":1,"messageKeys":{}}},"pendingPreKey":{"signedKeyId":38,"baseKey":"BUP+vFNJwqnyKOgSHatLrUG+NsMqVrsAtIckww4jbOYZ"}}},"version":"v1"}