{"_sessions":{"BZxLZcOQv1lDPwJjnGpw7QwceRG/7LYvNcYhPIlQzp5F":{"registrationId":1425274700,"currentRatchet":{"ephemeralKeyPair":{"pubKey":"BenoCv9ZBJTupyxY4T13UcIq6zAit4IEsv3F8QlHurlV","privKey":"6NIdhITxH/qiylrlRIXNSIflo73h2vLCMdm2DG2qZkM="},"lastRemoteEphemeralKey":"BcugA6PLgTu0y5kjjyOvfNq4/kL1u9k0QFHR5l7rjwkn","previousCounter":0,"rootKey":"0lRAww3qtjSGiqohxZog7Qq/xM3G8CABdemztTqy7+c="},"indexInfo":{"baseKey":"BZxLZcOQv1lDPwJjnGpw7QwceRG/7LYvNcYhPIlQzp5F","baseKeyType":1,"closed":-1,"used":1753402359978,"created":1753402359978,"remoteIdentityKey":"Bee22bGHZJhM3rCN2PPXrFCCq6nmbUyM4paQix/omo1Y"},"_chains":{"BenoCv9ZBJTupyxY4T13UcIq6zAit4IEsv3F8QlHurlV":{"chainKey":{"counter":0,"key":"BsY5E6FGBnDNSjQvoYRSyaN/WcNnLuTi/DBTmoi7SAs="},"chainType":1,"messageKeys":{}}},"pendingPreKey":{"signedKeyId":11,"baseKey":"BZxLZcOQv1lDPwJjnGpw7QwceRG/7LYvNcYhPIlQzp5F","preKeyId":462857}}},"version":"v1"}