{"_sessions":{"BcaYG2Wgtm+pJ2jvGbk3oQNrbyXGvAzhwQy2UVSR0cQN":{"registrationId":930096512,"currentRatchet":{"ephemeralKeyPair":{"pubKey":"BZCiZsZrMiiQhqQkqiou7PR3aqANZtkfkx90urh3Uuku","privKey":"SLxAgl8wYcfggI9BReZl83XPEG9aZSa9tRBJCqSoMHI="},"lastRemoteEphemeralKey":"BTcmxleIgRACklCexHOEXaPPRu8O1jDI+IDxCAD8SZ5F","previousCounter":0,"rootKey":"HwRJVy57ndsSv8SNc8d/5Ej2vXR4BaD7I4zIhf5MReU="},"indexInfo":{"baseKey":"BcaYG2Wgtm+pJ2jvGbk3oQNrbyXGvAzhwQy2UVSR0cQN","baseKeyType":1,"closed":-1,"used":1753402359617,"created":1753402359617,"remoteIdentityKey":"BXlOrSbpLRFwrD3yrXDvrSq3Fi3xwJx6P7vODkhY84d3"},"_chains":{"BZCiZsZrMiiQhqQkqiou7PR3aqANZtkfkx90urh3Uuku":{"chainKey":{"counter":0,"key":"tUv2VShW2xhtkRPkGw0S9OBnn7matFrTyRoJOk4EJEo="},"chainType":1,"messageKeys":{}}},"pendingPreKey":{"signedKeyId":0,"baseKey":"BcaYG2Wgtm+pJ2jvGbk3oQNrbyXGvAzhwQy2UVSR0cQN","preKeyId":1776920}}},"version":"v1"}