{"_sessions":{"BRgozQfSWivHxwqV2yGDOayIYyTkkw1+RhmA459mOexL":{"registrationId":511792636,"currentRatchet":{"ephemeralKeyPair":{"pubKey":"BVqgBKjpg/40q2JSVaCEHMmKO7KRz3I1lHLwwN+JOCRM","privKey":"uO9la8+ogmL24SxhFG0bIROHhYLnPjJxpsnj5A6WnG0="},"lastRemoteEphemeralKey":"BZAxD7uvbjkyU0AP8crxOLwpW3O5PoPyFdYTkQcq3Qgx","previousCounter":0,"rootKey":"nDh0J86c8htMP4Q9sm0mK4ocuxCwTxn48Ohgd1yib/8="},"indexInfo":{"baseKey":"BRgozQfSWivHxwqV2yGDOayIYyTkkw1+RhmA459mOexL","baseKeyType":1,"closed":-1,"used":1753402359703,"created":1753402359703,"remoteIdentityKey":"BewuPmvpfXxzQeJ7JIY6gxuyvpX4iOJZZLhmyJKblaFR"},"_chains":{"BVqgBKjpg/40q2JSVaCEHMmKO7KRz3I1lHLwwN+JOCRM":{"chainKey":{"counter":0,"key":"3ou4RkZxg8i6mIfaSYehmoYkV7iI4kWlCbFY/MT4pn0="},"chainType":1,"messageKeys":{}}},"pendingPreKey":{"signedKeyId":1,"baseKey":"BRgozQfSWivHxwqV2yGDOayIYyTkkw1+RhmA459mOexL","preKeyId":10316065}}},"version":"v1"}