{"_sessions":{"Bcv281wQfXd+BdSYE/Yo4XNlkC2o/oNAFKQ4Q1xWI4lT":{"registrationId":1312197571,"currentRatchet":{"ephemeralKeyPair":{"pubKey":"BVKBKRhEw4VlOBzvkhwFq9PLmMJlONFv0fPkuEdn14oG","privKey":"iLaVx9+ieDJrkbTU/Vtz+IgmUQkpYUewAMerzaf2yHY="},"lastRemoteEphemeralKey":"BbNi79E3qLBedcgW7T+aS42KaFdNALDZqRoEn7oWcFte","previousCounter":0,"rootKey":"pf5sJDG6BJnTUHd70bBZzq68xLFvH5rzygwbO4gpI1M="},"indexInfo":{"baseKey":"Bcv281wQfXd+BdSYE/Yo4XNlkC2o/oNAFKQ4Q1xWI4lT","baseKeyType":1,"closed":-1,"used":1753402359880,"created":1753402359880,"remoteIdentityKey":"BV7ZUwa0+K9E7C0QEkyNdnXiAU89nPBi+CJy7nrduboe"},"_chains":{"BVKBKRhEw4VlOBzvkhwFq9PLmMJlONFv0fPkuEdn14oG":{"chainKey":{"counter":0,"key":"sbbh+XbzsdED4ifbydwsIDNIcj42YpwOuMs1l1/j5Rc="},"chainType":1,"messageKeys":{}}},"pendingPreKey":{"signedKeyId":0,"baseKey":"Bcv281wQfXd+BdSYE/Yo4XNlkC2o/oNAFKQ4Q1xWI4lT","preKeyId":15683782}}},"version":"v1"}