{"_sessions":{"BTWNy96JlZClfizrBP/ZQOUQF8QwfOW7lC+zTz3FChou":{"registrationId":1565515517,"currentRatchet":{"ephemeralKeyPair":{"pubKey":"BUdxaxlbNjyXGsZQfZa6kq2eZnNTEhO8Kp7t2B+vPeoi","privKey":"yPjQh2Gl4wljJpS4JuTETAlY/mwa8ecDa/FoCtcwyUQ="},"lastRemoteEphemeralKey":"BZ72RJtqXWt+lsmt8Q7XCfWimMPt5D5Q4EDBfmZmPksI","previousCounter":0,"rootKey":"TLLHWfu+hAcWReW1pLXWj9t8K7VjHsA0f9IMI5oyGaI="},"indexInfo":{"baseKey":"BTWNy96JlZClfizrBP/ZQOUQF8QwfOW7lC+zTz3FChou","baseKeyType":1,"closed":-1,"used":1753402359715,"created":1753402359715,"remoteIdentityKey":"BeAhaPkmZJufaGHpVYSIGFxdW5oU1zN2p7A31F7Zs4E5"},"_chains":{"BUdxaxlbNjyXGsZQfZa6kq2eZnNTEhO8Kp7t2B+vPeoi":{"chainKey":{"counter":0,"key":"kFVFoOFCGPM8hyjp7q9jLeytZ9mQ4MrCRjwjbQQQNwQ="},"chainType":1,"messageKeys":{}}},"pendingPreKey":{"signedKeyId":3,"baseKey":"BTWNy96JlZClfizrBP/ZQOUQF8QwfOW7lC+zTz3FChou","preKeyId":13923884}}},"version":"v1"}