{"_sessions":{"BSPsO4sHqb3kKRBfHc+heLQTNVRnU8UJrO29ldHR6iUG":{"registrationId":1375582504,"currentRatchet":{"ephemeralKeyPair":{"pubKey":"BS2OjCo7uoI5ZHhoeT4S6d9EN/ecZ//wNwm7bIMbD2td","privKey":"qJ690orqN6TL7UNmoy0BqpQMH1EqvQTUY+qxb/3ee3Q="},"lastRemoteEphemeralKey":"BTYumO4CsLi8jNq1XenKUULW/9myuD45FfdWyuBW0yRP","previousCounter":0,"rootKey":"ScfGgukGDphv5rVjSiHU/Ja2eRdUOjFcJOcIyhU45h0="},"indexInfo":{"baseKey":"BSPsO4sHqb3kKRBfHc+heLQTNVRnU8UJrO29ldHR6iUG","baseKeyType":1,"closed":-1,"used":1753402359707,"created":1753402359707,"remoteIdentityKey":"BTydzaZoqYzpbcmyq1TxXEBbX1WxFSmENaNpXYD/6IQ8"},"_chains":{"BS2OjCo7uoI5ZHhoeT4S6d9EN/ecZ//wNwm7bIMbD2td":{"chainKey":{"counter":0,"key":"LBGDm/C0jx5DHW6xvBScrBwGIvSN5gHtecrJSuo8YUI="},"chainType":1,"messageKeys":{}}},"pendingPreKey":{"signedKeyId":30,"baseKey":"BSPsO4sHqb3kKRBfHc+heLQTNVRnU8UJrO29ldHR6iUG","preKeyId":14861403}}},"version":"v1"}