{"_sessions":{"BUwwUwS9BBOl5vgQG7I15hlgjSRx8mShATjGjFRhzptv":{"registrationId":1782856937,"currentRatchet":{"ephemeralKeyPair":{"pubKey":"BUodUTAWP/Iy8pzE0ctUMdaXk90gSkupnOpmTADQ5z5g","privKey":"kCc0tbPc6ZpoxIpP9vLWQ+2yH65EB9IBojs9NcEKT08="},"lastRemoteEphemeralKey":"BSIPGeFJEHk0EEom69Qe7t9ojSUcVMme3beeKjLe7aQU","previousCounter":0,"rootKey":"vTMKUMDFBzkW/MyYCfr7U+XzRZpkwi9QXMYW3zqeZAo="},"indexInfo":{"baseKey":"BUwwUwS9BBOl5vgQG7I15hlgjSRx8mShATjGjFRhzptv","baseKeyType":1,"closed":-1,"used":1753402360097,"created":1753402360097,"remoteIdentityKey":"BR0qM6NqxJYGW1xXDgM1+002XVN91asjJbW4FGHBkLod"},"_chains":{"BUodUTAWP/Iy8pzE0ctUMdaXk90gSkupnOpmTADQ5z5g":{"chainKey":{"counter":0,"key":"UGj7Wc8ejO+NGOu1BHjMxcOMskfqVHVjHTZ7SpcvWqw="},"chainType":1,"messageKeys":{}}},"pendingPreKey":{"signedKeyId":1,"baseKey":"BUwwUwS9BBOl5vgQG7I15hlgjSRx8mShATjGjFRhzptv","preKeyId":5532031}}},"version":"v1"}