{"_sessions":{"BTqWopK7RX99z8c7lpq4hGXH+YyWKp5Al7mVPdt8mmhJ":{"registrationId":1852959616,"currentRatchet":{"ephemeralKeyPair":{"pubKey":"BR7fPVViKGvNdb2Nias5Wpg7bZk8AGlON6s98uZZyhNN","privKey":"SEEzVCC0SyV7w/eV53Fwcq0oZX5y/A6ukXD38gwt8F4="},"lastRemoteEphemeralKey":"BQxHlnRZOtrRC/quFt08ds/3eEcPo/So9ySXmm+3Ju56","previousCounter":0,"rootKey":"acpL1j2H/bZUJ7h1sluTdk9qYNusTFNImA2OCxMypkI="},"indexInfo":{"baseKey":"BTqWopK7RX99z8c7lpq4hGXH+YyWKp5Al7mVPdt8mmhJ","baseKeyType":1,"closed":-1,"used":1753402359694,"created":1753402359694,"remoteIdentityKey":"BXy2Dr8RxAWwREu8oiHY96l0m5PZrXK59UJxbuJxEwJf"},"_chains":{"BR7fPVViKGvNdb2Nias5Wpg7bZk8AGlON6s98uZZyhNN":{"chainKey":{"counter":0,"key":"REnE5HKPuDu7cXuk8Js5idE1b5HD+pFrid4U3fHYQzg="},"chainType":1,"messageKeys":{}}},"pendingPreKey":{"signedKeyId":5,"baseKey":"BTqWopK7RX99z8c7lpq4hGXH+YyWKp5Al7mVPdt8mmhJ","preKeyId":2313767}}},"version":"v1"}