{"_sessions":{"BWQ7MSkIta7/VHnPlc/ItUq3qN0Amv3Hu1TUWrX5PCFn":{"registrationId":1727179229,"currentRatchet":{"ephemeralKeyPair":{"pubKey":"BcsCBTunqciX0Z+lHEJgFTZYEdjZAw196QPyoQobaiAX","privKey":"cGsATUbaFg1vmykpVloYKI94XcVvV3VMNB8OAxFiHkI="},"lastRemoteEphemeralKey":"BVlqrB43anH2TKTUhIiNbTLkHE+tGLkZcb5EcEvRKHAV","previousCounter":0,"rootKey":"1V9nvShZ9OR4KR6K2H+EqqECdWnjTzG+c5RGVVyjhpw="},"indexInfo":{"baseKey":"BWQ7MSkIta7/VHnPlc/ItUq3qN0Amv3Hu1TUWrX5PCFn","baseKeyType":1,"closed":-1,"used":1753402359515,"created":1753402359515,"remoteIdentityKey":"BYHCHWrWvZPustMdgj1kJj8d0hDHeXDjkdRmGVb/JTxi"},"_chains":{"BcsCBTunqciX0Z+lHEJgFTZYEdjZAw196QPyoQobaiAX":{"chainKey":{"counter":0,"key":"sD0IAe3tX1hKr6coMar6j0HJdrCfEs+r3E/XTfLctuU="},"chainType":1,"messageKeys":{}}},"pendingPreKey":{"signedKeyId":18,"baseKey":"BWQ7MSkIta7/VHnPlc/ItUq3qN0Amv3Hu1TUWrX5PCFn"}}},"version":"v1"}