{"_sessions":{"BVllCpIIhiiHcae3MxV9PqlKWa/mT6snzqMVKe/wNPIQ":{"registrationId":1947571772,"currentRatchet":{"ephemeralKeyPair":{"pubKey":"BU1eAyni+W04gOGnRF6dJZJtLHwe/bVMo+zL5HNvzBs2","privKey":"QOvjzwyqak6zRf3MqUM052UtX1SSNTrUtFW8bIVd2mY="},"lastRemoteEphemeralKey":"BcBEapUUhlFap4hJkVkRUfD62h2C9v9n1sEkDNRIzZwA","previousCounter":0,"rootKey":"XgYjAvDZKBSEZH4IkBzj9Vxj+MDISMMg0iOxfiEhw4U="},"indexInfo":{"baseKey":"BVllCpIIhiiHcae3MxV9PqlKWa/mT6snzqMVKe/wNPIQ","baseKeyType":1,"closed":-1,"used":1753402359500,"created":1753402359500,"remoteIdentityKey":"BfCu59MWvW5tTDsjn8Ny9aWMod8AtCz36CWJq4aB8s5m"},"_chains":{"BU1eAyni+W04gOGnRF6dJZJtLHwe/bVMo+zL5HNvzBs2":{"chainKey":{"counter":0,"key":"dXaNz/dhKphPeMu9Z9Rr66EFtR/45D0Z2Q9+QdEcsXo="},"chainType":1,"messageKeys":{}}},"pendingPreKey":{"signedKeyId":2,"baseKey":"BVllCpIIhiiHcae3MxV9PqlKWa/mT6snzqMVKe/wNPIQ"}}},"version":"v1"}