{"_sessions":{"BasVTqrUmHjMy3BKaH359pOBzrhXHqGD0HUbSB5exqpI":{"registrationId":1374194157,"currentRatchet":{"ephemeralKeyPair":{"pubKey":"BWN2xCw7+rzUpDW1PcAlhfvcaYPfEGM69Fb3CAuc4lwo","privKey":"WANAzqJYiES4LatsTxyLJGVvMnLlHslXUkOi+hAQQVY="},"lastRemoteEphemeralKey":"BeF8JXGgMqYDjMXZMVlna+hPmuA5GNCR6A/3iByvEQFG","previousCounter":0,"rootKey":"UxjiDNWjHGF3d9WY05OFqszCRUndQgRe2Rfe9j1re/M="},"indexInfo":{"baseKey":"BasVTqrUmHjMy3BKaH359pOBzrhXHqGD0HUbSB5exqpI","baseKeyType":1,"closed":-1,"used":1753402359780,"created":1753402359780,"remoteIdentityKey":"BfkxsKH81wjn/gnXpdkMgkVo3fv8kO/N84p7SLCXSqNk"},"_chains":{"BWN2xCw7+rzUpDW1PcAlhfvcaYPfEGM69Fb3CAuc4lwo":{"chainKey":{"counter":0,"key":"6rJUSzFGp4qsGyE/Byrhcyw8DVis7CYyUNHcdtV40RU="},"chainType":1,"messageKeys":{}}},"pendingPreKey":{"signedKeyId":3,"baseKey":"BasVTqrUmHjMy3BKaH359pOBzrhXHqGD0HUbSB5exqpI","preKeyId":13357162}}},"version":"v1"}