{"_sessions":{"BSz+Hfilt7H5ZZ/0rYANdy6yOFIIXkhOqRg3Um6hORs/":{"registrationId":304,"currentRatchet":{"ephemeralKeyPair":{"pubKey":"BeIO3d1W3scGR6uKaMxy/ExfJxVoyvUgcb3fTmtgH2QQ","privKey":"IBzk7Lh0b8ncUpqM/XFqaABzHd6bAeVVP5HuhDUcv1A="},"lastRemoteEphemeralKey":"Bdur0GUVgR64j+9sk3a9/gNfUIdU+zep9dg9gssdPJk0","previousCounter":0,"rootKey":"Ug9RaGs7e2OyHA6+KC/m+8RFKlFCX/iUh5IzbtFg1gA="},"indexInfo":{"baseKey":"BSz+Hfilt7H5ZZ/0rYANdy6yOFIIXkhOqRg3Um6hORs/","baseKeyType":1,"closed":-1,"used":1753402358994,"created":1753402358994,"remoteIdentityKey":"BZGvQrTNN6QIp1mHRy4JC1ciYHXrxj/h3nNTzfGfWEoR"},"_chains":{"BeIO3d1W3scGR6uKaMxy/ExfJxVoyvUgcb3fTmtgH2QQ":{"chainKey":{"counter":0,"key":"kUnuQgzPMK/HgEYw1U1tK4m1s0y7JhkVCeASdhr0EEc="},"chainType":1,"messageKeys":{}}},"pendingPreKey":{"signedKeyId":1,"baseKey":"BSz+Hfilt7H5ZZ/0rYANdy6yOFIIXkhOqRg3Um6hORs/"}}},"version":"v1"}