{"_sessions":{"BZujtbP0d9pWEFEPOFvTP6KrJ9HaK+LqKHBoqsoa5dIO":{"registrationId":1607802802,"currentRatchet":{"ephemeralKeyPair":{"pubKey":"BXn7fB6boFpD257QC0/9FMic48TkfejU5wC2YdhJ1C5D","privKey":"qJ3v/i+Ca9daFJs6Pf/aHB1XTP/mMKAqEYiURXt1E3w="},"lastRemoteEphemeralKey":"BZhCf0wioXro5XhJS8EAp6fgIPfHzgXaQt2HsaT3hl4k","previousCounter":0,"rootKey":"PvhHnzzuDzf4xQe8t65TDo7p+lqiGnaZayXY24dUQa0="},"indexInfo":{"baseKey":"BZujtbP0d9pWEFEPOFvTP6KrJ9HaK+LqKHBoqsoa5dIO","baseKeyType":1,"closed":-1,"used":1753402359889,"created":1753402359889,"remoteIdentityKey":"BVLQhV1KxbistXrmdkGKC/UCRfRN8s56F5CaGxejmRET"},"_chains":{"BXn7fB6boFpD257QC0/9FMic48TkfejU5wC2YdhJ1C5D":{"chainKey":{"counter":0,"key":"3wVWhE0Duiy0MlLg5luIpomR2WApct6JEvpAyRdiIdc="},"chainType":1,"messageKeys":{}}},"pendingPreKey":{"signedKeyId":10,"baseKey":"BZujtbP0d9pWEFEPOFvTP6KrJ9HaK+LqKHBoqsoa5dIO","preKeyId":2273704}}},"version":"v1"}