{"_sessions":{"BU20Eaf8Sz9ggrJoR0GOAc2c+xZ8GWGo9f08KtiEBn4c":{"registrationId":598148059,"currentRatchet":{"ephemeralKeyPair":{"pubKey":"BT1LMIpwQSh6Zj8NT0EmD4hwXjraRiDWhQGU3Ps/PL4P","privKey":"GAPsl6i1KUFtXEExziuKVJQlbPXOBc5BEs4YlD3UHnw="},"lastRemoteEphemeralKey":"BXt036kCWZ+T5DwDybSDpjDuLciz+XhdKUW+cJGSowJS","previousCounter":0,"rootKey":"pp0BFUNFek6WuC/8gFfm9OAz3ZrHBzhmbeS7RSaegu4="},"indexInfo":{"baseKey":"BU20Eaf8Sz9ggrJoR0GOAc2c+xZ8GWGo9f08KtiEBn4c","baseKeyType":1,"closed":-1,"used":1753402360396,"created":1753402360396,"remoteIdentityKey":"BZ+w96ucd2rJhEkCDuZ6kCIuauhWaqWflL4qvnY4O7F4"},"_chains":{"BT1LMIpwQSh6Zj8NT0EmD4hwXjraRiDWhQGU3Ps/PL4P":{"chainKey":{"counter":0,"key":"iFigQLDecSkRIIrxAH5whRvXO2n7bWeAfyqQkXPBPmk="},"chainType":1,"messageKeys":{}}},"pendingPreKey":{"signedKeyId":2,"baseKey":"BU20Eaf8Sz9ggrJoR0GOAc2c+xZ8GWGo9f08KtiEBn4c","preKeyId":7241705}}},"version":"v1"}