{"_sessions":{"BaK5kM/87Jt7SsxOKNHNqhknONE53FnhnjpBG8Sa9XIm":{"registrationId":2109485826,"currentRatchet":{"ephemeralKeyPair":{"pubKey":"BX+pKP+Id69hdWMo0bI2PBci3dxBPoh0qHS4LowiTwR0","privKey":"wBeA6iw8UphMANRwy0rO48ZRY5smGWKcdu2pidYEukM="},"lastRemoteEphemeralKey":"BeiGS9Vw+/w8x8cyKw3cfLEtAbommQQPAfodp6hURT1o","previousCounter":0,"rootKey":"Qc0JagaojYBhdG4PJ74tlmvFQJafXjXkQmcyFppOfxw="},"indexInfo":{"baseKey":"BaK5kM/87Jt7SsxOKNHNqhknONE53FnhnjpBG8Sa9XIm","baseKeyType":1,"closed":-1,"used":1753402359575,"created":1753402359575,"remoteIdentityKey":"BfWMoJuLSwujZDjAmHDEsDdKByHndEjBf/eAup26rq9B"},"_chains":{"BX+pKP+Id69hdWMo0bI2PBci3dxBPoh0qHS4LowiTwR0":{"chainKey":{"counter":0,"key":"u1YYvg/9l7060eEn7DRovmBnE57mUbu4/8XD9A71VSk="},"chainType":1,"messageKeys":{}}},"pendingPreKey":{"signedKeyId":0,"baseKey":"BaK5kM/87Jt7SsxOKNHNqhknONE53FnhnjpBG8Sa9XIm","preKeyId":8647553}}},"version":"v1"}