{"_sessions":{"BQ+6wxWRTlB6RXH3p6u3x25pvZLfgVmw/+isFHPi4Zsq":{"registrationId":1018233829,"currentRatchet":{"ephemeralKeyPair":{"pubKey":"BevV5CoKX6paFhSeXSxqKc/+29HKtXyV84H8wnxdAXFb","privKey":"MHcZmy/UDhHlGtW0uK++rgtsScaRvda1eIRaDgYXhmk="},"lastRemoteEphemeralKey":"BbOoko6NjNKlLerIBjBqWssXwxWQOKxHxDgxHPZ2q/BU","previousCounter":0,"rootKey":"iL4luIfzuo0yOyfN+VBwF/42p6oQwmlJ1iE6nsQsR3I="},"indexInfo":{"baseKey":"BQ+6wxWRTlB6RXH3p6u3x25pvZLfgVmw/+isFHPi4Zsq","baseKeyType":1,"closed":-1,"used":1753402359888,"created":1753402359888,"remoteIdentityKey":"BYqAmzkh4XwKe8Xg9uPaPOWqIpawCcSX+lZT2krB27o9"},"_chains":{"BevV5CoKX6paFhSeXSxqKc/+29HKtXyV84H8wnxdAXFb":{"chainKey":{"counter":0,"key":"MYjBqp5sELG6b8iggeVWaQPxIDEUPWojmfho8XHMSgU="},"chainType":1,"messageKeys":{}}},"pendingPreKey":{"signedKeyId":1,"baseKey":"BQ+6wxWRTlB6RXH3p6u3x25pvZLfgVmw/+isFHPi4Zsq","preKeyId":5552788}}},"version":"v1"}