{"_sessions":{"BYA4rPmqzX9BxLvFslJ59bpMUQ95qrQBdStRHidW3TVt":{"registrationId":83224481,"currentRatchet":{"ephemeralKeyPair":{"pubKey":"BXfo9j8nI1huVXGfew8SyYIq0cnv8cL6MaGi/y6cqiVZ","privKey":"eLUwyfvT/cFgF6DH2yxzYe0hLWOmoh7h/wEGNQxqFWs="},"lastRemoteEphemeralKey":"BTXYrSm5km4CW4iTjFzeUCY/lVjpFXCfVnZBPVpOmk8/","previousCounter":0,"rootKey":"VI0O677qrPLCfokQ0hpp3qdexnY4wRbqQ5I0i9hcuMA="},"indexInfo":{"baseKey":"BYA4rPmqzX9BxLvFslJ59bpMUQ95qrQBdStRHidW3TVt","baseKeyType":1,"closed":-1,"used":1753402360400,"created":1753402360400,"remoteIdentityKey":"BZp0qZFclL4tBMnVy8bzxt/9ePEPfcwO3Af/7JyopG00"},"_chains":{"BXfo9j8nI1huVXGfew8SyYIq0cnv8cL6MaGi/y6cqiVZ":{"chainKey":{"counter":0,"key":"YlelXkBkDG3cKuCW/7cnkN/BQPRiWxQEsaJWWj6Hqu4="},"chainType":1,"messageKeys":{}}},"pendingPreKey":{"signedKeyId":4,"baseKey":"BYA4rPmqzX9BxLvFslJ59bpMUQ95qrQBdStRHidW3TVt","preKeyId":1150330}}},"version":"v1"}