{"_sessions":{"BZwPOSpIFwGCJfDIoUvdiRg/pZYVk7036AeNQsuciqtG":{"registrationId":198819654,"currentRatchet":{"ephemeralKeyPair":{"pubKey":"BdlAnIFxutl13dH45TFiiXiGfH8SpZjOUgI1FIQum2oS","privKey":"wGM6b6H5AOaouRQbPQ5AQgpgxrwftlcZK2vpeAKMhWI="},"lastRemoteEphemeralKey":"BSNzIevRHvinT4tzSWg7dhXHskQiqgEoGI3tAmZ2qFoa","previousCounter":0,"rootKey":"Z9/twJE9CqOvb2hfKNqt/PgP22Zz8RuGQOFQLB3/doc="},"indexInfo":{"baseKey":"BZwPOSpIFwGCJfDIoUvdiRg/pZYVk7036AeNQsuciqtG","baseKeyType":1,"closed":-1,"used":1753402359782,"created":1753402359782,"remoteIdentityKey":"Bdh03aGMczgnpRctAYICToM+5cBXM1mv84+xAdF8bXIL"},"_chains":{"BdlAnIFxutl13dH45TFiiXiGfH8SpZjOUgI1FIQum2oS":{"chainKey":{"counter":0,"key":"+4tteGE6u136m+5VYnR2JmBnUZHALre3fjmVo9D5mP4="},"chainType":1,"messageKeys":{}}},"pendingPreKey":{"signedKeyId":1,"baseKey":"BZwPOSpIFwGCJfDIoUvdiRg/pZYVk7036AeNQsuciqtG","preKeyId":12309634}}},"version":"v1"}