{"_sessions":{"BZXMvgCY7eM2k4VQE1KrUOAzAxrMxHOxhlJujKi5hw01":{"registrationId":2041949149,"currentRatchet":{"ephemeralKeyPair":{"pubKey":"BYCXoFypKonlgDHhqACJjjr+NelLk6COlVaPOiVezPth","privKey":"IEoTJ6Inwr6YzwEj6xJ3dK8FD2W8NSk2x24XzxGP0Fg="},"lastRemoteEphemeralKey":"BbVKMrno7aGfqio2XwYsxCVX2suHrCUx1TnBHrblON4E","previousCounter":0,"rootKey":"DhoUXM7UzkSMIhPNwtpQnknvaGEWUlotuO3eMqI7wTw="},"indexInfo":{"baseKey":"BZXMvgCY7eM2k4VQE1KrUOAzAxrMxHOxhlJujKi5hw01","baseKeyType":1,"closed":-1,"used":1753402360290,"created":1753402360290,"remoteIdentityKey":"BbhE4ADUyAjW/sIxmKZoedty1IOij/0dsXIMgL+7n4ch"},"_chains":{"BYCXoFypKonlgDHhqACJjjr+NelLk6COlVaPOiVezPth":{"chainKey":{"counter":0,"key":"u6a/vpGso+4IAXoyc30M+nA85mlWkWie5bxyoodr9Hw="},"chainType":1,"messageKeys":{}}},"pendingPreKey":{"signedKeyId":0,"baseKey":"BZXMvgCY7eM2k4VQE1KrUOAzAxrMxHOxhlJujKi5hw01","preKeyId":14713632}}},"version":"v1"}