{"_sessions":{"BRg0CcSco00ps1ytbz3Tgf3EweeTMafKu2cew9aLLGJt":{"registrationId":1980772898,"currentRatchet":{"ephemeralKeyPair":{"pubKey":"BcUkEB/XYf5TKC7lPU7NUd+3893YyZxdhYpeNGFQNPQ6","privKey":"yAquEPXP3Ucs8txSaUnvrvRAEJ26UlH1MRHfSlKNV3c="},"lastRemoteEphemeralKey":"BbGJyaBsCbqLOslXFWcCJQj2vecqNN3M6xjC7WBB1lg3","previousCounter":0,"rootKey":"cgJH+jXan2Ku7ptpazIkmwBO3a2U9Du4Kfaz093Ytwg="},"indexInfo":{"baseKey":"BRg0CcSco00ps1ytbz3Tgf3EweeTMafKu2cew9aLLGJt","baseKeyType":1,"closed":-1,"used":1753402360120,"created":1753402360120,"remoteIdentityKey":"BVBzBOFWj1CqIIm2qMlNs9YeVW776RdKnEce021PtE8V"},"_chains":{"BcUkEB/XYf5TKC7lPU7NUd+3893YyZxdhYpeNGFQNPQ6":{"chainKey":{"counter":0,"key":"2OrnTygRAnuWOZSohSYBUaHZlF2otVQx0mh3r5Y0f5w="},"chainType":1,"messageKeys":{}}},"pendingPreKey":{"signedKeyId":7716675,"baseKey":"BRg0CcSco00ps1ytbz3Tgf3EweeTMafKu2cew9aLLGJt","preKeyId":44271}}},"version":"v1"}