{"_sessions":{"Bbkmi3SAvoRga0VV0qcJtBEhN220C4O/2dthfAqttlQW":{"registrationId":636653568,"currentRatchet":{"ephemeralKeyPair":{"pubKey":"BX11BfLeg/gHHYNdiEN94jvkf42r7sjIj75dT9JOLYpn","privKey":"sJwQTVSIwFmWfRsXIYs3T8MV+Qbt8AX8rSDItYGLLUs="},"lastRemoteEphemeralKey":"Bd5Xl3BcHwQqThyVhdnc1fWcgYD9yESnnQvsBgK9Buso","previousCounter":0,"rootKey":"vOjrE9ARUxTQupzpJq1KIBp3CQy1aJc2xFEer2kMx2I="},"indexInfo":{"baseKey":"Bbkmi3SAvoRga0VV0qcJtBEhN220C4O/2dthfAqttlQW","baseKeyType":1,"closed":-1,"used":1753402359907,"created":1753402359907,"remoteIdentityKey":"BeAWjvZQQydAuQ17/as0VZXpIzdZ6tktNfDXmVRRfsdS"},"_chains":{"BX11BfLeg/gHHYNdiEN94jvkf42r7sjIj75dT9JOLYpn":{"chainKey":{"counter":0,"key":"SxBTVRsRrbJE/PfUfua5Cvr8dMbxPRowJHWx/RydXMg="},"chainType":1,"messageKeys":{}}},"pendingPreKey":{"signedKeyId":36,"baseKey":"Bbkmi3SAvoRga0VV0qcJtBEhN220C4O/2dthfAqttlQW","preKeyId":3623663}}},"version":"v1"}