{"_sessions":{"BW1YzGfRM69lYBlej8CGVataegHvXjm57ulPlBV60khF":{"registrationId":1814347165,"currentRatchet":{"ephemeralKeyPair":{"pubKey":"Bav5xHhO38vL8mTzc8h3K/Xt6XrmTzBMQhGBzKZn7x5h","privKey":"AFVwdlvHsoZn0/NUag5sW6zY8bGMKp8cmqa6/BqR2lo="},"lastRemoteEphemeralKey":"BYh3R6b4zlZrartB73J1QU5DzeZsDhbxA9adPSYmX7pl","previousCounter":0,"rootKey":"YK7c1zZMlp2FSZ+8Hv83Oq+QVCjP5pdS9sBwkmJpMjE="},"indexInfo":{"baseKey":"BW1YzGfRM69lYBlej8CGVataegHvXjm57ulPlBV60khF","baseKeyType":1,"closed":-1,"used":1753402360279,"created":1753402360279,"remoteIdentityKey":"BT3cgqDBDsFeur1bZBCQJ8UAo4fbsByBtt/0sG0sIkYP"},"_chains":{"Bav5xHhO38vL8mTzc8h3K/Xt6XrmTzBMQhGBzKZn7x5h":{"chainKey":{"counter":0,"key":"RLliiUovsD4Avg6Zl1KLNN7IvuvS/FgQlwQxP6Aoeec="},"chainType":1,"messageKeys":{}}},"pendingPreKey":{"signedKeyId":12,"baseKey":"BW1YzGfRM69lYBlej8CGVataegHvXjm57ulPlBV60khF","preKeyId":8561706}}},"version":"v1"}