{"_sessions":{"BSfTayMM4So4YUlI1aiAR1t6xlWsUtnZwaB1Yb/XMEB2":{"registrationId":109207203,"currentRatchet":{"ephemeralKeyPair":{"pubKey":"Bes+OoWZ7UOl1hkZzlOcfuQgxgYBkbxGTLb4edLE6G9a","privKey":"eDCxAWQGoHvrdH6sof+NxHQ83rkSaqGXXiVi2VoZUEI="},"lastRemoteEphemeralKey":"BUNuzVkPlz5FMqR8cZ/VgLomc0PDovoeKW2aeN87U9Nl","previousCounter":0,"rootKey":"NNV7f9ZQ0JfnyrxDi1dq2OGuxagO6OgKAk8DVJGb5Dk="},"indexInfo":{"baseKey":"BSfTayMM4So4YUlI1aiAR1t6xlWsUtnZwaB1Yb/XMEB2","baseKeyType":1,"closed":-1,"used":1753402359682,"created":1753402359682,"remoteIdentityKey":"BXvHJW8giPA96grG2N5Mqu4h89TJRW5RUIX+VvSWBXRn"},"_chains":{"Bes+OoWZ7UOl1hkZzlOcfuQgxgYBkbxGTLb4edLE6G9a":{"chainKey":{"counter":0,"key":"gTGKF0+YBhWT4YcZyuWhWohw3aLAuXpk3T8LY65ywek="},"chainType":1,"messageKeys":{}}},"pendingPreKey":{"signedKeyId":1,"baseKey":"BSfTayMM4So4YUlI1aiAR1t6xlWsUtnZwaB1Yb/XMEB2","preKeyId":12351858}}},"version":"v1"}