{"_sessions":{"BZS4Vgl1m0TYddU7xm2mVkNxYiqFCitSQoPh6GXBgqRH":{"registrationId":204172753,"currentRatchet":{"ephemeralKeyPair":{"pubKey":"BcKQ5P2VeygARcmuRJbcTM91GuHnFemarMvvQulpB0Uf","privKey":"kNd3UJBdANm+QeNB2m1wZcL9wJ1zE9GRTViOAu+At28="},"lastRemoteEphemeralKey":"BfDyTmXV/nJoLUheSDc7Fd3SC4DWO+A0MP6FgYx+MlZy","previousCounter":0,"rootKey":"MD40pP3jeEqVuek6PQ26avVbgPsVjexY0CpLKMCM29Y="},"indexInfo":{"baseKey":"BZS4Vgl1m0TYddU7xm2mVkNxYiqFCitSQoPh6GXBgqRH","baseKeyType":1,"closed":-1,"used":1753402359774,"created":1753402359774,"remoteIdentityKey":"BVzFA1EpXFsr+s3y1elLfZmdwuaNRRfJDE8fPzsKJowx"},"_chains":{"BcKQ5P2VeygARcmuRJbcTM91GuHnFemarMvvQulpB0Uf":{"chainKey":{"counter":0,"key":"jjG/FFJnj+8ELjzE0vmVxyPtPvQ/jTmicGwHG8ybRac="},"chainType":1,"messageKeys":{}}},"pendingPreKey":{"signedKeyId":17,"baseKey":"BZS4Vgl1m0TYddU7xm2mVkNxYiqFCitSQoPh6GXBgqRH","preKeyId":13619808}}},"version":"v1"}