{"_sessions":{"BS2wRfr+iMAtGsXJfMrTsuUvbfeiDCncpvg5Eswf8Uc2":{"registrationId":321377849,"currentRatchet":{"ephemeralKeyPair":{"pubKey":"BdDL70+7skH+54pJbjBMD8aOw1SPUgVhFsLAbN20/aJH","privKey":"CEWiS255t149o4wfYUJzP84Ujrn8Ibx2ISBsqb9k0UM="},"lastRemoteEphemeralKey":"BTdo9zzQZKvFR8cFOUFQuCWtiSBym/+67y0h0OX6925Y","previousCounter":0,"rootKey":"3C4uXHKFasFFCfZ5/A+ecmyG0f1GhnQMQDkf03YyWhg="},"indexInfo":{"baseKey":"BS2wRfr+iMAtGsXJfMrTsuUvbfeiDCncpvg5Eswf8Uc2","baseKeyType":1,"closed":-1,"used":1753402359518,"created":1753402359518,"remoteIdentityKey":"BWF62rKj8mOnFVo9gCLhq/nhZHXUa4LvfryiXbm82tp+"},"_chains":{"BdDL70+7skH+54pJbjBMD8aOw1SPUgVhFsLAbN20/aJH":{"chainKey":{"counter":0,"key":"H2dloka3XRJocQEtfol8I5egPRAJVmBVM7CJodo5Roo="},"chainType":1,"messageKeys":{}}},"pendingPreKey":{"signedKeyId":25,"baseKey":"BS2wRfr+iMAtGsXJfMrTsuUvbfeiDCncpvg5Eswf8Uc2","preKeyId":12900566}}},"version":"v1"}