{"_sessions":{"Bc+bbJ12UaPlVLJFC8cLiFpotfyb2IZnbmBkRu5bOUo+":{"registrationId":141302995,"currentRatchet":{"ephemeralKeyPair":{"pubKey":"BXI+bOQOfdZf/sufbD7NP36SjadhF2mQR7GpXKoL2Pcx","privKey":"AMRAYSKU/3+PV+4zhqimxCfhLBoSnhuE5L2Gz18WLFg="},"lastRemoteEphemeralKey":"BWfaasQnh6E1tSn4k2PTOnR7RT3n9D+Hthk0gIOY7pA+","previousCounter":0,"rootKey":"m4QFDoc32yWQmDljCkRypj6SnSGBuVvTpX7VSJwPE1Q="},"indexInfo":{"baseKey":"Bc+bbJ12UaPlVLJFC8cLiFpotfyb2IZnbmBkRu5bOUo+","baseKeyType":1,"closed":-1,"used":1753402360110,"created":1753402360110,"remoteIdentityKey":"Bald/9UMYznvdjjVc4IhCL47sUr+4vryDZwQEyc21O9E"},"_chains":{"BXI+bOQOfdZf/sufbD7NP36SjadhF2mQR7GpXKoL2Pcx":{"chainKey":{"counter":0,"key":"64nNk84ylwr1tFe67gCNDwenZDCbVwWTLBR+tEbxyo8="},"chainType":1,"messageKeys":{}}},"pendingPreKey":{"signedKeyId":6,"baseKey":"Bc+bbJ12UaPlVLJFC8cLiFpotfyb2IZnbmBkRu5bOUo+","preKeyId":5312719}}},"version":"v1"}