{"_sessions":{"BSpPGU5wlASUxgM8MbpHw2MiMItNnoTraryHl7MGs4lA":{"registrationId":1363230090,"currentRatchet":{"ephemeralKeyPair":{"pubKey":"BbLMgmNsoPsQkZD2l7vYsi1wYmw6V7wHNpZPdFV+F4Va","privKey":"eP8c3nHQHBfnvrP51MGBgB2Gk7TTTNgI1vUWw65y1lo="},"lastRemoteEphemeralKey":"BZkeVsDlQVOLihq1OfplLvpzuqmtA1uvjarHLU2L/txZ","previousCounter":0,"rootKey":"blCp+aPDAuK3d/fUcbTuoUcAOsadH2uMHTg73ngf6dc="},"indexInfo":{"baseKey":"BSpPGU5wlASUxgM8MbpHw2MiMItNnoTraryHl7MGs4lA","baseKeyType":1,"closed":-1,"used":1753402359904,"created":1753402359904,"remoteIdentityKey":"BbyfXX2ICws9XNunNV48yXvmblf5njpy/79/x1ymWFUv"},"_chains":{"BbLMgmNsoPsQkZD2l7vYsi1wYmw6V7wHNpZPdFV+F4Va":{"chainKey":{"counter":0,"key":"VinYyxT7Gk0iJvbMjvVPZsiWLxK+hq+nDQ/saXAXCYY="},"chainType":1,"messageKeys":{}}},"pendingPreKey":{"signedKeyId":7,"baseKey":"BSpPGU5wlASUxgM8MbpHw2MiMItNnoTraryHl7MGs4lA","preKeyId":4807445}}},"version":"v1"}