{"_sessions":{"BVa7ZFxkMbjqQ3WZKRQRrGqDnF4xo2y8kiu8veKnLFtL":{"registrationId":876528673,"currentRatchet":{"ephemeralKeyPair":{"pubKey":"BWnK/UMbmjWOkJTStc8KyCD+WAwf4DOpzbNnEyoyVZRx","privKey":"4NWb9/pl3C0EsV63hCnkxhG5xMQE0HfL3+Vyx7Oyy3I="},"lastRemoteEphemeralKey":"BbhdiiAE4398qXXuaTQPHLGHintXRCIml8fUA9Audbgp","previousCounter":0,"rootKey":"8/RYhMjFhPiNY28TGPb4Yx4sZRtaKpX8GBX1bd5LwbE="},"indexInfo":{"baseKey":"BVa7ZFxkMbjqQ3WZKRQRrGqDnF4xo2y8kiu8veKnLFtL","baseKeyType":1,"closed":-1,"used":1753402359789,"created":1753402359789,"remoteIdentityKey":"BQJzee2OjVykbFV3uIxQ/7xnNU4AUBIfZU2wT79ZA0g2"},"_chains":{"BWnK/UMbmjWOkJTStc8KyCD+WAwf4DOpzbNnEyoyVZRx":{"chainKey":{"counter":0,"key":"t2+ED/gFfzJuHM+ObN3+sSNDw1EnjZRRLs+PAOx3Yos="},"chainType":1,"messageKeys":{}}},"pendingPreKey":{"signedKeyId":6,"baseKey":"BVa7ZFxkMbjqQ3WZKRQRrGqDnF4xo2y8kiu8veKnLFtL","preKeyId":3351243}}},"version":"v1"}