{"_sessions":{"Bez4wvRTcpVNoTNxDhBXl2d6uJwutQWiUkdsiiDnwwMj":{"registrationId":2063322497,"currentRatchet":{"ephemeralKeyPair":{"pubKey":"BUlYXJZLGcpNO39KaKsZsTuggldyWAY1KUzGEAzQAfA2","privKey":"WD75SlAjvTqDZ7lKs0mtPMHM07pQCoxalr3Dsb/bdlE="},"lastRemoteEphemeralKey":"BR+E6qcsgYvvVCrPV0odYk0iZilqjPwcuR6uKGWWF3dJ","previousCounter":0,"rootKey":"/Nepc9dijOL3cmZrR2u6XJzmlmTvsfEAl9ZgzcW2xYk="},"indexInfo":{"baseKey":"Bez4wvRTcpVNoTNxDhBXl2d6uJwutQWiUkdsiiDnwwMj","baseKeyType":1,"closed":-1,"used":1753402360374,"created":1753402360374,"remoteIdentityKey":"BWHOsovq/EApZdd+2+9vO/c17uKOefKYD2wy7XYB5l80"},"_chains":{"BUlYXJZLGcpNO39KaKsZsTuggldyWAY1KUzGEAzQAfA2":{"chainKey":{"counter":0,"key":"rQJho8+o57VPe0uFbYYjTOV6C6DaNobhqCvUc67LeJ4="},"chainType":1,"messageKeys":{}}},"pendingPreKey":{"signedKeyId":8,"baseKey":"Bez4wvRTcpVNoTNxDhBXl2d6uJwutQWiUkdsiiDnwwMj"}}},"version":"v1"}