{"_sessions":{"BTr249vCtE5XigCmEeZDAXFbe/et9gZTDb609ttmNaBq":{"registrationId":425862047,"currentRatchet":{"ephemeralKeyPair":{"pubKey":"BcABrCXg7jSlBSivXbkzH0/w+OBF/AEDlsj01tOobwkf","privKey":"CHGt6yoJ1g4pzN5OI+FNdwX9/Uud1Gql7QUrep+y3lA="},"lastRemoteEphemeralKey":"BVpXfZjFNcukRarKJ30PKbVyAA/ICw2+2ExvsMeIexU+","previousCounter":0,"rootKey":"bBfp3LeWYjOHq7ZzcDIcvOoBCZ03mzY4Af6SHfwgsOg="},"indexInfo":{"baseKey":"BTr249vCtE5XigCmEeZDAXFbe/et9gZTDb609ttmNaBq","baseKeyType":1,"closed":-1,"used":1753402360094,"created":1753402360094,"remoteIdentityKey":"BccE/X8KPfJlVfF8iwp8Pztlfy3WIfWVjC46MCgakv8P"},"_chains":{"BcABrCXg7jSlBSivXbkzH0/w+OBF/AEDlsj01tOobwkf":{"chainKey":{"counter":0,"key":"61c3PSCLX5LNXWSSjZuDoU6aqXHsIKS6JELvLLvYNtg="},"chainType":1,"messageKeys":{}}},"pendingPreKey":{"signedKeyId":2,"baseKey":"BTr249vCtE5XigCmEeZDAXFbe/et9gZTDb609ttmNaBq","preKeyId":1034908}}},"version":"v1"}