{"_sessions":{"Bd9f+LMfMeizGpGcbgL115j1bpw+dhl3uWfCMD7alWQ+":{"registrationId":1361417839,"currentRatchet":{"ephemeralKeyPair":{"pubKey":"BSumTnuO8YstzdaqmAUa4cugD+kdIlU/ML/jXC/5VtFA","privKey":"ALP2PXSz3LbIwhNr2O0LDipOdG7w45F5Y1VhGKADgF8="},"lastRemoteEphemeralKey":"Ba6IlOyWTRsDglpY7PMPvwj9YBTkUFHDEajZvUcq304Z","previousCounter":0,"rootKey":"A38Ca/RZbrBojC4QUvtbe5ZR+9OsG9+jtc+0Z98GH7k="},"indexInfo":{"baseKey":"Bd9f+LMfMeizGpGcbgL115j1bpw+dhl3uWfCMD7alWQ+","baseKeyType":1,"closed":-1,"used":1753402359918,"created":1753402359918,"remoteIdentityKey":"BY2M0K+2f/kTt9b7huAxePAXT+eGpr6Ei/VwZEV9eUIV"},"_chains":{"BSumTnuO8YstzdaqmAUa4cugD+kdIlU/ML/jXC/5VtFA":{"chainKey":{"counter":0,"key":"eH2KseDcOuNUKfd0T5qcFX12ge1uQv4reLTlDfqrSaA="},"chainType":1,"messageKeys":{}}},"pendingPreKey":{"signedKeyId":15,"baseKey":"Bd9f+LMfMeizGpGcbgL115j1bpw+dhl3uWfCMD7alWQ+"}}},"version":"v1"}