{"_sessions":{"BTO+2qQwO8p8+svNQyOw68L5dwB96sqP5CcZhwPb+/x1":{"registrationId":433884921,"currentRatchet":{"ephemeralKeyPair":{"pubKey":"BYOKQtYLhoZMv5g/frDaqGq/g0eXNAg3LPIdoy+ai6hB","privKey":"KFeRpIv/LFsA4pzp/tWe034oxVDI+zNkH27MhGtQdUI="},"lastRemoteEphemeralKey":"BTbv8JiHGEelF6+cAzg5ZhLJjrTI4hxFqn26lpIa6kUC","previousCounter":0,"rootKey":"VPd0+wswCZ9iYh3teNh2hB8t+7gpI5kP8AO4O0p4DzA="},"indexInfo":{"baseKey":"BTO+2qQwO8p8+svNQyOw68L5dwB96sqP5CcZhwPb+/x1","baseKeyType":2,"closed":-1,"used":1753401496437,"created":1753401496437,"remoteIdentityKey":"BWJaLRSmsSAuXeCcVBmeDvEhehJS+mhnO9vg7yPZKG1+"},"_chains":{"BTbv8JiHGEelF6+cAzg5ZhLJjrTI4hxFqn26lpIa6kUC":{"chainKey":{"counter":0,"key":"+x5NwmpOhlBAoGUxWcmGsptZObYtuNrkrbiNNxdHRB0="},"chainType":2,"messageKeys":{}},"BYOKQtYLhoZMv5g/frDaqGq/g0eXNAg3LPIdoy+ai6hB":{"chainKey":{"counter":-1,"key":"Brmwz7wXM8HSiFxdLh6ecyDUy0JJ2w2wHZ3FPDTg2Wk="},"chainType":1,"messageKeys":{}}}}},"version":"v1"}