{"_sessions":{"BfglkABxKVyjUXtwL5PisoVPQ6rgUkYFyw9zPC4J1Gx2":{"registrationId":978457299,"currentRatchet":{"ephemeralKeyPair":{"pubKey":"Bd/6+t24PHWZTb6Od8Igyi4SMaaWy/XSVA66B++QnJ0p","privKey":"IK2Gq5cZwYJbul/E6ndHyT25sw20okSOX/Yk9s/lFEE="},"lastRemoteEphemeralKey":"BemUUL0fZc7W1EWyqdZz5FcnywoN3+rSAIFcDYfbUTBS","previousCounter":0,"rootKey":"Clpe0xXBdZr3/ZsF4VvkiFZG3Aumc16kIn/I9HWeb64="},"indexInfo":{"baseKey":"BfglkABxKVyjUXtwL5PisoVPQ6rgUkYFyw9zPC4J1Gx2","baseKeyType":1,"closed":-1,"used":1753402359909,"created":1753402359909,"remoteIdentityKey":"Bb3osNV56diZhJojlP3oIPflFZqGE3tOrf53C4iEtodl"},"_chains":{"Bd/6+t24PHWZTb6Od8Igyi4SMaaWy/XSVA66B++QnJ0p":{"chainKey":{"counter":0,"key":"GhW8C/utGHRpAcJgog/q3ymnItJeXhs9wtab38Ezaho="},"chainType":1,"messageKeys":{}}},"pendingPreKey":{"signedKeyId":7,"baseKey":"BfglkABxKVyjUXtwL5PisoVPQ6rgUkYFyw9zPC4J1Gx2","preKeyId":8975478}}},"version":"v1"}