{"_sessions":{"BbU8oPcENhiNbwrupOJllcTOnwqEkFQuBMa9nCc1j71f":{"registrationId":1636068118,"currentRatchet":{"ephemeralKeyPair":{"pubKey":"BXkx+/Z/xM0C1HuwgjQ18GeSXoGgOzUIvl6uaA9yaJYB","privKey":"uJXc8O/Da/8SyKP1IA6/6VdTkPZX7TKosZGQBAMa8kc="},"lastRemoteEphemeralKey":"BUecBfdWFwGB3m58bJRagCt/0wdRTdv1q0q5/Jg1pq8G","previousCounter":0,"rootKey":"JCf3Z92SRsakOg5Ver8lRubyBNoh2QcvaXx1Fym9z4Y="},"indexInfo":{"baseKey":"BbU8oPcENhiNbwrupOJllcTOnwqEkFQuBMa9nCc1j71f","baseKeyType":1,"closed":-1,"used":1753402360090,"created":1753402360090,"remoteIdentityKey":"BSTqZqv3nwN5pDpwXg0Y4rsSN6CS3wwlgC/GD/PKvAI9"},"_chains":{"BXkx+/Z/xM0C1HuwgjQ18GeSXoGgOzUIvl6uaA9yaJYB":{"chainKey":{"counter":0,"key":"I75D3R+bct4Sz6CLH05e9dHlDXHx5MZ9yRCYvgt2BO8="},"chainType":1,"messageKeys":{}}},"pendingPreKey":{"signedKeyId":4,"baseKey":"BbU8oPcENhiNbwrupOJllcTOnwqEkFQuBMa9nCc1j71f","preKeyId":6989204}}},"version":"v1"}