{"_sessions":{"BXrRBzqo7sDb3qgLvApcGld3e3Eg9ilvqC9A07qCLlId":{"registrationId":1750416171,"currentRatchet":{"ephemeralKeyPair":{"pubKey":"BfkLvt0xFgBOd2LbWuT4zMgcq9qJtT5pBjDVdQwjOcdd","privKey":"OKL33kVm86z040XQubEt3L5B22LFjf8uTuYuJK2RA3I="},"lastRemoteEphemeralKey":"BUG+zXyyNcuFUojywDjFu8i7dH0ovegH6+v5wF0yhKdV","previousCounter":0,"rootKey":"aCXRB8D2GDQ6+Abj5YAgy7zG39si5FnrD1b3QgmO23U="},"indexInfo":{"baseKey":"BXrRBzqo7sDb3qgLvApcGld3e3Eg9ilvqC9A07qCLlId","baseKeyType":1,"closed":-1,"used":1753402360398,"created":1753402360398,"remoteIdentityKey":"BaQ8ybRm9XIfo7b0lrwxzcc2COp20wHf01deQXSJ6wo9"},"_chains":{"BfkLvt0xFgBOd2LbWuT4zMgcq9qJtT5pBjDVdQwjOcdd":{"chainKey":{"counter":0,"key":"tYBGuym1DCtUXBiL6sJ8SbEaJi2MRfrVBBAjRbGvTYs="},"chainType":1,"messageKeys":{}}},"pendingPreKey":{"signedKeyId":2,"baseKey":"BXrRBzqo7sDb3qgLvApcGld3e3Eg9ilvqC9A07qCLlId","preKeyId":7918975}}},"version":"v1"}