{"_sessions":{"BTqp7dezQWCLYc4kHoX/mQPhFisRTd4InOmFjblkYnwC":{"registrationId":719805505,"currentRatchet":{"ephemeralKeyPair":{"pubKey":"BSwAm1coBED7RUNHRog0ZajpKn2TxRyPRUZ3wRqI700u","privKey":"8LwEj4ki2jeT5TMTHG7BrU8KHHVesd9zTLbF7Amqs2A="},"lastRemoteEphemeralKey":"Bcz0LZ65TEBZg09Cbu8eC7dp+s4cBknzByfv0c48BJZ2","previousCounter":0,"rootKey":"CKsg+cH4UGOkBc6Ef9hEfxYhS+dYr63zkoX4dePPHjQ="},"indexInfo":{"baseKey":"BTqp7dezQWCLYc4kHoX/mQPhFisRTd4InOmFjblkYnwC","baseKeyType":1,"closed":-1,"used":1753402360220,"created":1753402360220,"remoteIdentityKey":"BdPEB5G1JggBt7HUwo1E/5S0vJuvyOFMuAu0wLmvOJZk"},"_chains":{"BSwAm1coBED7RUNHRog0ZajpKn2TxRyPRUZ3wRqI700u":{"chainKey":{"counter":0,"key":"BkUIKSkd/TvAdlHvctjEIscAlFKV/P6wB1tu/Y+3PrA="},"chainType":1,"messageKeys":{}}},"pendingPreKey":{"signedKeyId":2,"baseKey":"BTqp7dezQWCLYc4kHoX/mQPhFisRTd4InOmFjblkYnwC","preKeyId":6225423}}},"version":"v1"}