{"_sessions":{"BTVJHE+Upze5qLzX/w834ElvoZUaXGftSjoqlUxFrE0v":{"registrationId":336207369,"currentRatchet":{"ephemeralKeyPair":{"pubKey":"BXylB2UtJ/yzf46Qn1ejkG5eB/Z6pulLktoMNTwJNoFl","privKey":"6KVHJM0TDCujPVDs/Q23tW/Rp06XAlYEmFXKj3IrWlo="},"lastRemoteEphemeralKey":"BSyd1tNEsxPHeWbt21F0/xcTUuRYx8pNqF5C2Ie1vRMq","previousCounter":0,"rootKey":"M0FTKXnRXDQU063fTDjtjeewvsRqCWR4x3mncYeNINA="},"indexInfo":{"baseKey":"BTVJHE+Upze5qLzX/w834ElvoZUaXGftSjoqlUxFrE0v","baseKeyType":1,"closed":-1,"used":1753402360108,"created":1753402360108,"remoteIdentityKey":"BTbM64XV54uPyf7HFZN5rliBIGsyNK+EcGpnRbW9Dbdt"},"_chains":{"BXylB2UtJ/yzf46Qn1ejkG5eB/Z6pulLktoMNTwJNoFl":{"chainKey":{"counter":0,"key":"AAqfLubkrPySh4p+q12sClD2PSMmBw3hn5L/QG6Dfh8="},"chainType":1,"messageKeys":{}}},"pendingPreKey":{"signedKeyId":3,"baseKey":"BTVJHE+Upze5qLzX/w834ElvoZUaXGftSjoqlUxFrE0v","preKeyId":6885793}}},"version":"v1"}