{"_sessions":{"BTES/NUjrP3n/UR8XQKVgfiTQRunD3M8VQu/UUp4DWEV":{"registrationId":1967307804,"currentRatchet":{"ephemeralKeyPair":{"pubKey":"BZ7gYLMc7mN+ssia8YcG+p6QzcWcJZqOT0XnVKfhx4pg","privKey":"+KJ/PR7lbCyY0KdlliLqTSiDcUlYEQohuD/TH3wDb2k="},"lastRemoteEphemeralKey":"BaTLU0ioGcq2/69vCh8MWRZpK/jhuiUlCPvYVSEFUZwC","previousCounter":0,"rootKey":"cmdc16NC8JgC24ENXxLqgJfbRoD7oJr5pYTCpq6hfZI="},"indexInfo":{"baseKey":"BTES/NUjrP3n/UR8XQKVgfiTQRunD3M8VQu/UUp4DWEV","baseKeyType":1,"closed":-1,"used":1753402360390,"created":1753402360390,"remoteIdentityKey":"Bc0dCRQD1WQ+1yLBQecDqO1VtFbMgktnNpehfrHLdPAA"},"_chains":{"BZ7gYLMc7mN+ssia8YcG+p6QzcWcJZqOT0XnVKfhx4pg":{"chainKey":{"counter":0,"key":"U/+qRVkAok2MA+c10nG1dfiht9yABWGSZLPMm/yxbhA="},"chainType":1,"messageKeys":{}}},"pendingPreKey":{"signedKeyId":0,"baseKey":"BTES/NUjrP3n/UR8XQKVgfiTQRunD3M8VQu/UUp4DWEV","preKeyId":7654095}}},"version":"v1"}