{"_sessions":{"BafZUR8IQPK29ZnbwA5QuCPmlh1xDmiQEb5YFYmhCrlv":{"registrationId":268994186,"currentRatchet":{"ephemeralKeyPair":{"pubKey":"BWgjYEUy22V8IPk2AvjfBl+3uwXbBTx2UPoSDINpqU4e","privKey":"KHm8KDW3rO4Zp5dDeozE5CF6CF3ho6PF7ODoHjX2RWM="},"lastRemoteEphemeralKey":"BcgEluzkZQqurrNxsBubjRwMNODzWuvyKGJt4OhX3+Ff","previousCounter":0,"rootKey":"kcHkB4+67ioboxm/O+o4sQQu44etadt47bZ2xJIY0mI="},"indexInfo":{"baseKey":"BafZUR8IQPK29ZnbwA5QuCPmlh1xDmiQEb5YFYmhCrlv","baseKeyType":1,"closed":-1,"used":1753402359906,"created":1753402359906,"remoteIdentityKey":"BbizTlLzQxRh3iB4iwVBxd2KQx2mSy9oCaNHvoqEmZdf"},"_chains":{"BWgjYEUy22V8IPk2AvjfBl+3uwXbBTx2UPoSDINpqU4e":{"chainKey":{"counter":0,"key":"stmqSfgxtFgLpVvlAcufKLTIICYifeZxwNDakHViwkU="},"chainType":1,"messageKeys":{}}},"pendingPreKey":{"signedKeyId":2,"baseKey":"BafZUR8IQPK29ZnbwA5QuCPmlh1xDmiQEb5YFYmhCrlv","preKeyId":8478465}}},"version":"v1"}