{"_sessions":{"BT5BQVUIFauqNc2ZoxKtGdnbrSFnruy8qH3HDSgoOkdM":{"registrationId":132,"currentRatchet":{"ephemeralKeyPair":{"pubKey":"BWY8QKAs6WLJk3Aih2b/B/4bzCzz3wgSIZZgdOb0zzE+","privKey":"6I6nA+awSdJAIz090uU336QTvHJC2VeSEr63cqevhHw="},"lastRemoteEphemeralKey":"BYsFWraxfiyv+n3GzCZArWayx0vWz/pshXrAtk6X9OVC","previousCounter":0,"rootKey":"5/9kDc/gxvJjV5JjsfFVjk8PKCU1s8USfRubuS6rVnQ="},"indexInfo":{"baseKey":"BT5BQVUIFauqNc2ZoxKtGdnbrSFnruy8qH3HDSgoOkdM","baseKeyType":1,"closed":-1,"used":1753402359406,"created":1753402359406,"remoteIdentityKey":"BWAIIyvMQP5OsDyolOopEGnVU4YLAbMJhb0U/IgSHL51"},"_chains":{"BWY8QKAs6WLJk3Aih2b/B/4bzCzz3wgSIZZgdOb0zzE+":{"chainKey":{"counter":0,"key":"pKNqFRe4+HqoqZ4qTdmNNJ2lPwsAX0LVbsoaqB7fLuw="},"chainType":1,"messageKeys":{}}},"pendingPreKey":{"signedKeyId":1,"baseKey":"BT5BQVUIFauqNc2ZoxKtGdnbrSFnruy8qH3HDSgoOkdM"}}},"version":"v1"}