{"_sessions":{"BdbgAKZIuXjq8sUuWuDvKjLDm4oJ//cE+pDTZvxsjjYv":{"registrationId":1840598547,"currentRatchet":{"ephemeralKeyPair":{"pubKey":"BS6ce9Ez0qoaK1FvL8etCFj8+ZfrVUeJ3MKDTn36RXAf","privKey":"iFKiC14M4ouxb9BHJIERPwTQFM34uvYU6nqjJ7kPom8="},"lastRemoteEphemeralKey":"Bb6QGbt12MdPTwbt77M4fkR5BN92pIPUGLd4re+O1YYl","previousCounter":0,"rootKey":"vVC9Ha6wHWRgx8Pkm/42V0832Hb9Zjfji8vIofx7xrg="},"indexInfo":{"baseKey":"BdbgAKZIuXjq8sUuWuDvKjLDm4oJ//cE+pDTZvxsjjYv","baseKeyType":1,"closed":-1,"used":1753402359687,"created":1753402359687,"remoteIdentityKey":"BfAUE0gJf8EwMmOU6mdf956avjhzqoYWSyY7pKHCvvco"},"_chains":{"BS6ce9Ez0qoaK1FvL8etCFj8+ZfrVUeJ3MKDTn36RXAf":{"chainKey":{"counter":0,"key":"Mul32F8FZDPX5ezfe3BPfiAF64XMsOtKJRN7XBFwlbk="},"chainType":1,"messageKeys":{}}},"pendingPreKey":{"signedKeyId":3,"baseKey":"BdbgAKZIuXjq8sUuWuDvKjLDm4oJ//cE+pDTZvxsjjYv","preKeyId":8842276}}},"version":"v1"}