{"_sessions":{"BW6Yty7aCh7gzryyO2pzpJW9dmL2AOGWoqXQg1zcOP1P":{"registrationId":562524375,"currentRatchet":{"ephemeralKeyPair":{"pubKey":"BdKrBZmoyhujG6Qx8mpubSEAW7Ouh3UihbYla0qF0fQf","privKey":"uHwp555MSr0R/Ld6CdfyLt26RwcAVrk8YI4JoWowuVA="},"lastRemoteEphemeralKey":"BcjPhXOStrtfPXKfQk0aD++OimHIhxrCv9ByqcZHB813","previousCounter":0,"rootKey":"mWPhL+2qm3oCLon2WCl9IOBgamkGcpE9z3wUuhSxdGo="},"indexInfo":{"baseKey":"BW6Yty7aCh7gzryyO2pzpJW9dmL2AOGWoqXQg1zcOP1P","baseKeyType":1,"closed":-1,"used":1753402360376,"created":1753402360376,"remoteIdentityKey":"BZsLhlVqwDbHqoyAKA79xItnTUwjgLT2z/Ufz3+QDQBA"},"_chains":{"BdKrBZmoyhujG6Qx8mpubSEAW7Ouh3UihbYla0qF0fQf":{"chainKey":{"counter":0,"key":"cFTrcd1EvtWjjSjCbTBHM470nYH8Nl3tGiGKiLAtdeY="},"chainType":1,"messageKeys":{}}},"pendingPreKey":{"signedKeyId":0,"baseKey":"BW6Yty7aCh7gzryyO2pzpJW9dmL2AOGWoqXQg1zcOP1P","preKeyId":16705184}}},"version":"v1"}