{"_sessions":{"BVthnEWchXXdy/uCFhZjmwSrPk1NAf7xIic03/38rGZf":{"registrationId":371801239,"currentRatchet":{"ephemeralKeyPair":{"pubKey":"BSrnhBdMGO4WF3IB/TapgcNm5UE9eYpfyEU6GkX9okFp","privKey":"6Bitn6Lo6Q8KMn//ZVwb1sB6RoMm19ff47IgFwkj324="},"lastRemoteEphemeralKey":"BWm3yct6+XxEgp2M6J0RdA0TaPKrr7FkBbOVDtZb9oVt","previousCounter":0,"rootKey":"P8/cD1pUQo1EFke+lP9aPLkkhfa1NTx7QSQnP/ZXJCg="},"indexInfo":{"baseKey":"BVthnEWchXXdy/uCFhZjmwSrPk1NAf7xIic03/38rGZf","baseKeyType":1,"closed":-1,"used":1753402359881,"created":1753402359881,"remoteIdentityKey":"BSRC1BPWTtsT1ZjMCbHL6XYQ1m5zjwXPL0ld0jwyrFkW"},"_chains":{"BSrnhBdMGO4WF3IB/TapgcNm5UE9eYpfyEU6GkX9okFp":{"chainKey":{"counter":0,"key":"9z+WMAdpk1LBbsOKun8tKBTz5wilUrMqehvgGxIo7Rc="},"chainType":1,"messageKeys":{}}},"pendingPreKey":{"signedKeyId":15,"baseKey":"BVthnEWchXXdy/uCFhZjmwSrPk1NAf7xIic03/38rGZf","preKeyId":13556046}}},"version":"v1"}