{"_sessions":{"BeehcEfxhosPfSsqHCAB8lKRpdlkV8e5WGBwjGn5Lw4Y":{"registrationId":812532920,"currentRatchet":{"ephemeralKeyPair":{"pubKey":"BbOgyFkBf1Ne7ifzyo4zSECjWOowjnQ5a8hXJhtV8BVW","privKey":"II9FFUajD1vQzfF4W18VCuP5co1WNhz/ya5hDpOQW38="},"lastRemoteEphemeralKey":"BYVXNh4Nxrpsg5jaPm+Kl5BNveBfUZFuhFl5Im+moKMb","previousCounter":0,"rootKey":"LX7cZYPeB5oRpijXmazVOJutPxtuABA52XyPmJ0k2GI="},"indexInfo":{"baseKey":"BeehcEfxhosPfSsqHCAB8lKRpdlkV8e5WGBwjGn5Lw4Y","baseKeyType":1,"closed":-1,"used":1753402360317,"created":1753402360317,"remoteIdentityKey":"BV/EIozpX9xbwdOfwcia/U9uLSh6ggTaTTCrPqO6o+kh"},"_chains":{"BbOgyFkBf1Ne7ifzyo4zSECjWOowjnQ5a8hXJhtV8BVW":{"chainKey":{"counter":0,"key":"GWpJsD3fCDeHY54cFUhkr7fiz0j0vgB/sMUvBq54MuU="},"chainType":1,"messageKeys":{}}},"pendingPreKey":{"signedKeyId":0,"baseKey":"BeehcEfxhosPfSsqHCAB8lKRpdlkV8e5WGBwjGn5Lw4Y","preKeyId":4445033}}},"version":"v1"}