{"_sessions":{"BQ/eAhG7l6kA1g2d3a5ViHtpX+L6/PudDbeqVGzOz8sE":{"registrationId":284258408,"currentRatchet":{"ephemeralKeyPair":{"pubKey":"BYYz3kKwTW7v27Ntfl8Mon7Rps3neyyB6SNlDRY+EcRT","privKey":"YHKhax3a38e216D3zreC3f/XL7REadLlc/DR73hVrH8="},"lastRemoteEphemeralKey":"BY1IPVc9a9qhjOy+BswSBjU6K1VzYvZHUeGjxlNOaCFb","previousCounter":0,"rootKey":"2MuI6ArNRQT8sc7uFyw6c7gwvyp4sisiSLDPsjT+TyA="},"indexInfo":{"baseKey":"BQ/eAhG7l6kA1g2d3a5ViHtpX+L6/PudDbeqVGzOz8sE","baseKeyType":1,"closed":-1,"used":1753402359807,"created":1753402359807,"remoteIdentityKey":"BRK6UB0gSeS9U5eLtfGpSymt+tDf7pk2iVBsT3oqhVYi"},"_chains":{"BYYz3kKwTW7v27Ntfl8Mon7Rps3neyyB6SNlDRY+EcRT":{"chainKey":{"counter":0,"key":"oySSdJB51XE8nqHhR03LS+XmKsQtVySY3hIsTdlcYvk="},"chainType":1,"messageKeys":{}}},"pendingPreKey":{"signedKeyId":1,"baseKey":"BQ/eAhG7l6kA1g2d3a5ViHtpX+L6/PudDbeqVGzOz8sE","preKeyId":11274498}}},"version":"v1"}