{"_sessions":{"BXzcVG8n3DibMT88c+I800gguwffERdsBpdXrA7H1/wF":{"registrationId":15593963,"currentRatchet":{"ephemeralKeyPair":{"pubKey":"BTClqfglNU2IOlq4LRe9c28gfhaWGLDAVN/JrSVpujt2","privKey":"cFxnKI7YxC3L38vo5BiMLNFAVcRtFhyxHRTcuimLJWU="},"lastRemoteEphemeralKey":"BT8Gd+EOwNJdWzogj6fCGwIgbBg76PfWo5m34ccncB9D","previousCounter":0,"rootKey":"IEs+AKRabFUdopLek9ldrJ0xBjt0BrbzLnlLNY6YkPc="},"indexInfo":{"baseKey":"BXzcVG8n3DibMT88c+I800gguwffERdsBpdXrA7H1/wF","baseKeyType":1,"closed":-1,"used":1753402360214,"created":1753402360214,"remoteIdentityKey":"Bf8yISpDv+MC7WHWN1wYZkLPpkL7v3htRZ0xiCHLWrc/"},"_chains":{"BTClqfglNU2IOlq4LRe9c28gfhaWGLDAVN/JrSVpujt2":{"chainKey":{"counter":0,"key":"z4jlgQFI2gAgek3Sj1i1ocylXfd6IS6fDEDLHQgLbIM="},"chainType":1,"messageKeys":{}}},"pendingPreKey":{"signedKeyId":2,"baseKey":"BXzcVG8n3DibMT88c+I800gguwffERdsBpdXrA7H1/wF","preKeyId":939131}}},"version":"v1"}