{"_sessions":{"BShyt4q23jgZY6tFzmTzrZ/Pnbd0Y1oaE1Plv5BZqPIR":{"registrationId":143,"currentRatchet":{"ephemeralKeyPair":{"pubKey":"BcPnpz+GIfpfi4f2wm/tW47DzxvfC+FW0K/ElojCgmFS","privKey":"SBfPvQBaCqzz+XX0ju+MVVJk6u7C9XS5kEqzCYiUC1k="},"lastRemoteEphemeralKey":"BbmFl4A3zBlQAxA/BAAiPvClE4i696UaTzF7sTeNVcEt","previousCounter":0,"rootKey":"ssSFL/2uY3tP6PTjzuk44pjWYKU75OjgN2voA4Z6r3o="},"indexInfo":{"baseKey":"BShyt4q23jgZY6tFzmTzrZ/Pnbd0Y1oaE1Plv5BZqPIR","baseKeyType":1,"closed":-1,"used":1753402359388,"created":1753402359388,"remoteIdentityKey":"BTkG2K7/36CltjCCDPSbgLlhv9DXvjme4ROQmmlcH6YP"},"_chains":{"BcPnpz+GIfpfi4f2wm/tW47DzxvfC+FW0K/ElojCgmFS":{"chainKey":{"counter":0,"key":"oQf1ULcr5B+Q9m3DwAilmGSaYwNjGjmUGIuieStj15I="},"chainType":1,"messageKeys":{}}},"pendingPreKey":{"signedKeyId":1,"baseKey":"BShyt4q23jgZY6tFzmTzrZ/Pnbd0Y1oaE1Plv5BZqPIR"}}},"version":"v1"}