{"_sessions":{"BQlDB2uMLpblNgYfLQBrg53CVjUX7UZreE+RFvAryMUb":{"registrationId":1296729155,"currentRatchet":{"ephemeralKeyPair":{"pubKey":"BYZMUFwIDuXRcCazcKhkRLIKvG5QaBsyVGYbLA+ztEBH","privKey":"QByH7yjI3OB00mYxjCVbdL8t0IC9TO2sXncwxjZJWU4="},"lastRemoteEphemeralKey":"BWgTZN5K9AIeAr+wf/6lQ4zkAoxXuBqav9UROEy1kqZx","previousCounter":0,"rootKey":"V8cjOI+n3fB5g942IBeEjJmfKz1ciE90owo2rqCX1PE="},"indexInfo":{"baseKey":"BQlDB2uMLpblNgYfLQBrg53CVjUX7UZreE+RFvAryMUb","baseKeyType":1,"closed":-1,"used":1753402359609,"created":1753402359609,"remoteIdentityKey":"BUOElgK4ipcxpTu3ouJpR2/FojDqOpkeJDuNZBijN2oN"},"_chains":{"BYZMUFwIDuXRcCazcKhkRLIKvG5QaBsyVGYbLA+ztEBH":{"chainKey":{"counter":0,"key":"fReMcf0z9OYqJhe1kfQtXVqu6RQJNmwkB6WvYJbxZt4="},"chainType":1,"messageKeys":{}}},"pendingPreKey":{"signedKeyId":9,"baseKey":"BQlDB2uMLpblNgYfLQBrg53CVjUX7UZreE+RFvAryMUb","preKeyId":9543516}}},"version":"v1"}