{"_sessions":{"BVsYLQNpJCVB0W5V4z9oD2uHsjydrysPSnO1mbU/rEQC":{"registrationId":1973480940,"currentRatchet":{"ephemeralKeyPair":{"pubKey":"BYNz+L+cT582qC8FDFZS+ZkujSIGHxI9caYcUf2W5IIe","privKey":"0JwSzVfNglcap9UU3KhQDmYpYLou3g9t/vb9PlUyeXk="},"lastRemoteEphemeralKey":"BT/Cz0g7SKodEb/xv68ffJ8aUcm9ZBfAlpjPhbaPWLwX","previousCounter":0,"rootKey":"u6rn++stM4Uhedzw3K+XOa5tQwQQFXC7JK2LbWnlHB4="},"indexInfo":{"baseKey":"BVsYLQNpJCVB0W5V4z9oD2uHsjydrysPSnO1mbU/rEQC","baseKeyType":2,"closed":-1,"used":1753401416131,"created":1753401416131,"remoteIdentityKey":"BWbPtcEbb+R6mCJbJRI1WzAsUUm3aT3RQxijg3vLPQZX"},"_chains":{"BT/Cz0g7SKodEb/xv68ffJ8aUcm9ZBfAlpjPhbaPWLwX":{"chainKey":{"counter":0,"key":"F2SEmJnbmyC0sbDcAMo2UAA2sEklRsU+1EmlwVLrgvo="},"chainType":2,"messageKeys":{}},"BYNz+L+cT582qC8FDFZS+ZkujSIGHxI9caYcUf2W5IIe":{"chainKey":{"counter":0,"key":"jMjolf816A2UcO+L8osV6NAjyuZ/ibHWEAFwRFJ0Pdg="},"chainType":1,"messageKeys":{}}}}},"version":"v1"}