{"_sessions":{"BYCsZ09AMeR8k//yQ+k6nfpchbptkSrU5/G+JBpbe39W":{"registrationId":2063478183,"currentRatchet":{"ephemeralKeyPair":{"pubKey":"BYJS+Zgz/UqGm3FN6X71jBaKeT2Xl6b+4gBA3KBupb8f","privKey":"IJLJpwN0RPvUzcgwU6xOsOXH0evU7a+yKDEAHlqIFGc="},"lastRemoteEphemeralKey":"BSHvKgF6DzwShjZGi9bFidY5jMEZ7DUBjX0i8EdszQFJ","previousCounter":0,"rootKey":"jVDt35pmvcPvc6+rUFL92K3kYM7DO6iqDGegeohgVvo="},"indexInfo":{"baseKey":"BYCsZ09AMeR8k//yQ+k6nfpchbptkSrU5/G+JBpbe39W","baseKeyType":1,"closed":-1,"used":1753402360173,"created":1753402360173,"remoteIdentityKey":"BQb4Q280SFPUN4KBw/Vh4cjxf55NYx+RllOra3jGh3MA"},"_chains":{"BYJS+Zgz/UqGm3FN6X71jBaKeT2Xl6b+4gBA3KBupb8f":{"chainKey":{"counter":0,"key":"nGEb4Chqe6loC81sXJS97M3pkiD8tiXqavwy2fyavUw="},"chainType":1,"messageKeys":{}}},"pendingPreKey":{"signedKeyId":1,"baseKey":"BYCsZ09AMeR8k//yQ+k6nfpchbptkSrU5/G+JBpbe39W","preKeyId":4223953}}},"version":"v1"}