{"_sessions":{"BXpggbXRxc96davzzCbT1DUPGH2RsyvvNDTu7HpEddl3":{"registrationId":1730214083,"currentRatchet":{"ephemeralKeyPair":{"pubKey":"Ba6Dr53eUyepnROoRwbPTY737WbsRoE87Ote3DeKIfRF","privKey":"mP0CHYBLlH7LfzwiWi2gMGTFOE528KpIosaHH7LOxn4="},"lastRemoteEphemeralKey":"Bfv5g3+GbkZqIks1vH5Tg8/QvAbmliz00SeX1uWNcFx7","previousCounter":0,"rootKey":"0ltdQwarLzkU8cg9hrJ8u+9kA/uNeH8Hazb/z+dXe6Y="},"indexInfo":{"baseKey":"BXpggbXRxc96davzzCbT1DUPGH2RsyvvNDTu7HpEddl3","baseKeyType":1,"closed":-1,"used":1753402360079,"created":1753402360079,"remoteIdentityKey":"BQEXHBdefX0LkVItKbHawW8WGKDom5yEyoyz9kfWZtQH"},"_chains":{"Ba6Dr53eUyepnROoRwbPTY737WbsRoE87Ote3DeKIfRF":{"chainKey":{"counter":0,"key":"gPI5i/YFK+jqRV2TOOpQQZ3dY/oNc+ohpc75UOhR5Wk="},"chainType":1,"messageKeys":{}}},"pendingPreKey":{"signedKeyId":16,"baseKey":"BXpggbXRxc96davzzCbT1DUPGH2RsyvvNDTu7HpEddl3","preKeyId":12568966}}},"version":"v1"}