{"_sessions":{"BUcwT5emvad1OrtzMPPQHCDGVzQTUso32GgM0qFTsWY4":{"registrationId":975197574,"currentRatchet":{"ephemeralKeyPair":{"pubKey":"BSu+Fj19mxFdkFCwVump/DbLjTpNKrza51VspVFW11wi","privKey":"eFn8ZaKpoETErmjhsQmSAu3DZMlFIDRAUXCw3ovr+08="},"lastRemoteEphemeralKey":"Bd1ZodwhInwqrLDUD0kHRtwnosCPsTD0sZ4PLRkj62Rt","previousCounter":0,"rootKey":"dWZCXA60YsgC/G9EhJsnWHgfw2SAhjCncGPOVbUpsnY="},"indexInfo":{"baseKey":"BUcwT5emvad1OrtzMPPQHCDGVzQTUso32GgM0qFTsWY4","baseKeyType":1,"closed":-1,"used":1753402360401,"created":1753402360401,"remoteIdentityKey":"BTpxaxGXD3s8Zo51J2pwZV52h+v3rYu8+rsP+ruVO8p/"},"_chains":{"BSu+Fj19mxFdkFCwVump/DbLjTpNKrza51VspVFW11wi":{"chainKey":{"counter":0,"key":"CYM7Ri1zWsK0YnNj1xdytA4dEqfULuHZVsBl45whb8E="},"chainType":1,"messageKeys":{}}},"pendingPreKey":{"signedKeyId":0,"baseKey":"BUcwT5emvad1OrtzMPPQHCDGVzQTUso32GgM0qFTsWY4","preKeyId":340489}}},"version":"v1"}