{"_sessions":{"BXjw/eyCWIa2C0RdP5zq1yBNi7wmbTYodCU/Aq+coZZS":{"registrationId":360731451,"currentRatchet":{"ephemeralKeyPair":{"pubKey":"BVu4GIysXeZftxqu5Vnbs8/nSVheSNRZbXYF3RJzuYoR","privKey":"QD6RGn6XMJTcls0BlDt9jSkN92pbsxUjOKrMZ8O5A08="},"lastRemoteEphemeralKey":"Bc7CZuz8RVp618o6/phcgtyZtuje+YCtvFrNN/M2PMJI","previousCounter":0,"rootKey":"Wc5TNRtrBZhjmsOCCxhMCYJzv4kw3wEoRjbOT2FDr9k="},"indexInfo":{"baseKey":"BXjw/eyCWIa2C0RdP5zq1yBNi7wmbTYodCU/Aq+coZZS","baseKeyType":1,"closed":-1,"used":1753402360200,"created":1753402360200,"remoteIdentityKey":"BSHOz6I4oPsLY8Uy/zcYa6P19vJwy5PR0fJNL4bLDVFX"},"_chains":{"BVu4GIysXeZftxqu5Vnbs8/nSVheSNRZbXYF3RJzuYoR":{"chainKey":{"counter":0,"key":"P0F2hDipQE6WvS7rQ//cQGSRHLZidzwAYv6i0CdXO1A="},"chainType":1,"messageKeys":{}}},"pendingPreKey":{"signedKeyId":10,"baseKey":"BXjw/eyCWIa2C0RdP5zq1yBNi7wmbTYodCU/Aq+coZZS","preKeyId":10494861}}},"version":"v1"}