{"_sessions":{"Bd+DB3JA2ToUOV/54cm0Aw23eMKwASsJonD99DmW/XJo":{"registrationId":1854801928,"currentRatchet":{"ephemeralKeyPair":{"pubKey":"BbhDR6uOpjD9mGbyaltG+BZjqt2V16eLrhQ//r+BVYBY","privKey":"MG0Tpc2o9tgwF0xlKlccEI5/W2QobmH1ngelMqcst0w="},"lastRemoteEphemeralKey":"BYZTorijYLGN+toMD9flw0CTNl5OFZS2r7hQdOLgLXd4","previousCounter":0,"rootKey":"QPS7buaNh4XdhDPctSxLAjQXWMihKffdo+fDEW6OqAM="},"indexInfo":{"baseKey":"Bd+DB3JA2ToUOV/54cm0Aw23eMKwASsJonD99DmW/XJo","baseKeyType":1,"closed":-1,"used":1753402360192,"created":1753402360192,"remoteIdentityKey":"BUI4HFcrqEZtBzBrUjNV0Aqy191VwnrcvjZOh6IGx7VG"},"_chains":{"BbhDR6uOpjD9mGbyaltG+BZjqt2V16eLrhQ//r+BVYBY":{"chainKey":{"counter":0,"key":"3twOBcxbUWIXGh2+IyyHrmpBxudZY1AjaW9mLRQYU14="},"chainType":1,"messageKeys":{}}},"pendingPreKey":{"signedKeyId":6,"baseKey":"Bd+DB3JA2ToUOV/54cm0Aw23eMKwASsJonD99DmW/XJo","preKeyId":1907036}}},"version":"v1"}