{"_sessions":{"BQWxKrcvopRDjINqsvhFHcOzKguPJAZ3YoC+cuxCDc5C":{"registrationId":1806432823,"currentRatchet":{"ephemeralKeyPair":{"pubKey":"BbDutfnSw2F+4k8HAdu4lNZBDYrD+gpG4xSilFBlDhRR","privKey":"YLWBzeg3haAow3SMCmnQss221sxV8yOpAMmg6ING804="},"lastRemoteEphemeralKey":"BVtZI7TqbOQcPEuJeTHy84k54QjtIOkWtCFsZZVOAHoR","previousCounter":0,"rootKey":"HfCaSlYXJS8FSoz87xY3Z/X1Ma7prhNXDBSA47sTdIk="},"indexInfo":{"baseKey":"BQWxKrcvopRDjINqsvhFHcOzKguPJAZ3YoC+cuxCDc5C","baseKeyType":1,"closed":-1,"used":1753402359778,"created":1753402359778,"remoteIdentityKey":"BakWxa74K7bri5nClmK0X8djUqSXf2JPLNs/urGJzms/"},"_chains":{"BbDutfnSw2F+4k8HAdu4lNZBDYrD+gpG4xSilFBlDhRR":{"chainKey":{"counter":0,"key":"AWAWLQeu2ETqlingY4o8sSFYIgB2XJX6jVciWVrO52o="},"chainType":1,"messageKeys":{}}},"pendingPreKey":{"signedKeyId":7,"baseKey":"BQWxKrcvopRDjINqsvhFHcOzKguPJAZ3YoC+cuxCDc5C","preKeyId":14386134}}},"version":"v1"}