{"_sessions":{"BXB/PyMaK/tMvPyoOKt+d30vYfEHnT05v3p6iXU66d1p":{"registrationId":2102506758,"currentRatchet":{"ephemeralKeyPair":{"pubKey":"Bbnx9TnuLnoISy+nDI/VPae6DZO5IF921MZC3uekywdI","privKey":"8DhboYHaGxqxmrTrKg4UKauN1vgro32pGh+YPmuaSkw="},"lastRemoteEphemeralKey":"BWihBnHP7bRZ7L1wBFq2Px/qbmE03FVZI3iczam4A5Z6","previousCounter":0,"rootKey":"WwLtekwsq693PaeZh7fN0323x9W31AZ9d9IAn0z06Lk="},"indexInfo":{"baseKey":"BXB/PyMaK/tMvPyoOKt+d30vYfEHnT05v3p6iXU66d1p","baseKeyType":1,"closed":-1,"used":1753402359896,"created":1753402359896,"remoteIdentityKey":"BeYqyLzB5ok4RPHFqTfmV9JHuUXu8QBknmIGXQseuRML"},"_chains":{"Bbnx9TnuLnoISy+nDI/VPae6DZO5IF921MZC3uekywdI":{"chainKey":{"counter":0,"key":"ze6yL6tSOo2O/ASK3NbS8hqkAoYIOJhgq7inSkzwLVs="},"chainType":1,"messageKeys":{}}},"pendingPreKey":{"signedKeyId":1,"baseKey":"BXB/PyMaK/tMvPyoOKt+d30vYfEHnT05v3p6iXU66d1p"}}},"version":"v1"}