{"_sessions":{"BTKlwOMoJSGJ9NGBLMuOO0CnLw2e+7HnzgZO8rqY5+pw":{"registrationId":233601174,"currentRatchet":{"ephemeralKeyPair":{"pubKey":"BflhsWXQX2AcGoV5Ldb7xK8nt092lvRdM/KdcTXU7Gwt","privKey":"8Krh3ROJWRt/ugrGTcXF9NxIwS425XOyli08tjhTqXQ="},"lastRemoteEphemeralKey":"BePt/jW+WX7KMPQmaWjQmqAs/Mk1OCtQ99klQYGffYUV","previousCounter":0,"rootKey":"5k7ANUOwKwjDq/l2S03zDzlodqbhDjM6Sr/8b8lnteY="},"indexInfo":{"baseKey":"BTKlwOMoJSGJ9NGBLMuOO0CnLw2e+7HnzgZO8rqY5+pw","baseKeyType":1,"closed":-1,"used":1753402359673,"created":1753402359673,"remoteIdentityKey":"BWj6QI7cSB9w55FHQfL3n5BtDOqdluEuvJzKsXhhsg5W"},"_chains":{"BflhsWXQX2AcGoV5Ldb7xK8nt092lvRdM/KdcTXU7Gwt":{"chainKey":{"counter":0,"key":"UkNhXhmV2EyWj52pCauusUV7ljhq2dWzNt+E3D1f+88="},"chainType":1,"messageKeys":{}}},"pendingPreKey":{"signedKeyId":1,"baseKey":"BTKlwOMoJSGJ9NGBLMuOO0CnLw2e+7HnzgZO8rqY5+pw","preKeyId":13769043}}},"version":"v1"}