{"_sessions":{"BVUCKNoVbIOc1uTx7+nj6N6CdXI1RvCFtS7aNuqfRF8m":{"registrationId":61920882,"currentRatchet":{"ephemeralKeyPair":{"pubKey":"BRz9oURItTF6n+w9lhtx5rDNe+bdltmY2KBpBOfW5+Yk","privKey":"QHWpFB6Sjq3g/jtE54IN0L9pHN0aD+SRdZW9jPIgEVk="},"lastRemoteEphemeralKey":"Bev2OqF+Liy3hGRK6NYzzDeXIKM2hFvfvSNrmBL/oCFo","previousCounter":0,"rootKey":"dvukNZyvI+tDhYJEMQDpUEC8Yq58hLRqtE6Hn+JNP0M="},"indexInfo":{"baseKey":"BVUCKNoVbIOc1uTx7+nj6N6CdXI1RvCFtS7aNuqfRF8m","baseKeyType":1,"closed":-1,"used":1753402359894,"created":1753402359894,"remoteIdentityKey":"BcN0BGo+ys8ovKNNV3+0Hv2WDJs0CMWyaNyKuLnAHOA2"},"_chains":{"BRz9oURItTF6n+w9lhtx5rDNe+bdltmY2KBpBOfW5+Yk":{"chainKey":{"counter":0,"key":"T4aQFJw8WYKqU0WMqNEF57UlPcQiU/iQUUNzXSvfPLk="},"chainType":1,"messageKeys":{}}},"pendingPreKey":{"signedKeyId":12,"baseKey":"BVUCKNoVbIOc1uTx7+nj6N6CdXI1RvCFtS7aNuqfRF8m","preKeyId":14417617}}},"version":"v1"}