{"_sessions":{"BY6A9UuKHRQezsKJSpMMUpPLcEDMutfhkr5Gm3Hq+iEy":{"registrationId":2101939881,"currentRatchet":{"ephemeralKeyPair":{"pubKey":"BSgxKDH8/WaEGQjcmoqB6YOqBsa/eRkJ0Qnj6RQlLkst","privKey":"GGZdlS5iQvr8gB4tAJ/mTYsnC8AP6acegt9UVVWhfUM="},"lastRemoteEphemeralKey":"BYZjlOvpLAN5ChMCbizrnL3g9z6BkXDIZV2I1MR9hIlL","previousCounter":0,"rootKey":"UcEk3T4MRL2nhp00doytF7LPNnnH9O2nmqzAinjPewY="},"indexInfo":{"baseKey":"BY6A9UuKHRQezsKJSpMMUpPLcEDMutfhkr5Gm3Hq+iEy","baseKeyType":1,"closed":-1,"used":1753402359189,"created":1753402359189,"remoteIdentityKey":"BY+Jp7LlTFnZqXqpWcZ+Xa6g/47DwgchkLVx5ww45itz"},"_chains":{"BSgxKDH8/WaEGQjcmoqB6YOqBsa/eRkJ0Qnj6RQlLkst":{"chainKey":{"counter":0,"key":"jZRkG2M3tPHGvuawwH5nIqaVYgsavxonesYT64qBUUA="},"chainType":1,"messageKeys":{}}},"pendingPreKey":{"signedKeyId":1,"baseKey":"BY6A9UuKHRQezsKJSpMMUpPLcEDMutfhkr5Gm3Hq+iEy"}}},"version":"v1"}