{"_sessions":{"BeBIoi5/YWeVH9bh6x7uFtYu1EbqooiHs6X2M7MswOw6":{"registrationId":12258,"currentRatchet":{"ephemeralKeyPair":{"pubKey":"BYgcWXw5j7qMN2bgCCXt+aNHI6kCf4Vp2HN+FyofgidO","privKey":"EMmjw64K0CSPe3+q5OI7sPSfeEtzZmzDIKi5sI+QLFw="},"lastRemoteEphemeralKey":"BbPLspu4RzECDgFLCIeyC8/XD7pugzpB6cDhkkYuxbFA","previousCounter":0,"rootKey":"yPNRzLNXZPMcx4PSEqp1IAIr7iXF391a9+/dLQi2WOU="},"indexInfo":{"baseKey":"BeBIoi5/YWeVH9bh6x7uFtYu1EbqooiHs6X2M7MswOw6","baseKeyType":1,"closed":-1,"used":1753402359074,"created":1753402359074,"remoteIdentityKey":"BTyeNGSqGYLdmQDB66DhPHUcMs1FWV4VuxpFsbE3JdZQ"},"_chains":{"BYgcWXw5j7qMN2bgCCXt+aNHI6kCf4Vp2HN+FyofgidO":{"chainKey":{"counter":0,"key":"BYycma5bob52AwRn6gy9Eme8reLsJZn3gnQhmOCJrn4="},"chainType":1,"messageKeys":{}}},"pendingPreKey":{"signedKeyId":1,"baseKey":"BeBIoi5/YWeVH9bh6x7uFtYu1EbqooiHs6X2M7MswOw6"}}},"version":"v1"}