{"_sessions":{"Babr2kvXwdzQPhDgHsBeErjkobnpHYqxbng3f7RRMEpW":{"registrationId":424424786,"currentRatchet":{"ephemeralKeyPair":{"pubKey":"BVU7EFq2WLENd78FmmsesejNBkb1VLjuEmoGH0cfvfBo","privKey":"8KknQ68nzqViFz9YcZst30wrkaODHEESa1UeKGgwU1Y="},"lastRemoteEphemeralKey":"BROF7lfktofE+3fmy6bFYhJi3QcgsubuhC8POdIR871/","previousCounter":0,"rootKey":"8QMUvVZZnQYOf0d39FR0/lGB2+9sO+3vwBFSNcbiQ8g="},"indexInfo":{"baseKey":"Babr2kvXwdzQPhDgHsBeErjkobnpHYqxbng3f7RRMEpW","baseKeyType":1,"closed":-1,"used":1753402359820,"created":1753402359820,"remoteIdentityKey":"BVXRTBL9tk3PPTH8Ve6UND2HB1OOGYqI1YDM6zBX5WNa"},"_chains":{"BVU7EFq2WLENd78FmmsesejNBkb1VLjuEmoGH0cfvfBo":{"chainKey":{"counter":0,"key":"Li9gmjfrs7JUkHxVkHJXExg/noK+sA1fGe9oKpDrteg="},"chainType":1,"messageKeys":{}}},"pendingPreKey":{"signedKeyId":11,"baseKey":"Babr2kvXwdzQPhDgHsBeErjkobnpHYqxbng3f7RRMEpW","preKeyId":16472772}}},"version":"v1"}