{"_sessions":{"BfJC5fXRNgt4K2dQt+9Ak92BL8+lP8FvBAw2zZDSjJsy":{"registrationId":954571130,"currentRatchet":{"ephemeralKeyPair":{"pubKey":"BXzDAB+PE2jzvXsHH+7lePEOEiwKM1ikJKErT3EzoDgP","privKey":"2Mjw9MOVn+uxHNYlL8BcaBxjDkvo4O4WqfsnwTdbYXg="},"lastRemoteEphemeralKey":"BTSxNLDx7HM+NR2HzNhdMQ5ybgDBmZoKnGcAD8EqDYQp","previousCounter":0,"rootKey":"kSpeC+b9eU4lenHfHCoF6rkAh6R+0oD96925v+tlXPQ="},"indexInfo":{"baseKey":"BfJC5fXRNgt4K2dQt+9Ak92BL8+lP8FvBAw2zZDSjJsy","baseKeyType":1,"closed":-1,"used":1753402359418,"created":1753402359418,"remoteIdentityKey":"BSmMaLsetKeNHwb9MTexirUsRbb+hdJuu1J1Mxcc7gtW"},"_chains":{"BXzDAB+PE2jzvXsHH+7lePEOEiwKM1ikJKErT3EzoDgP":{"chainKey":{"counter":0,"key":"BhCjK1mI4ODuGWd7YcCnOdJFSjvwG4UHV2MjJMiVThQ="},"chainType":1,"messageKeys":{}}},"pendingPreKey":{"signedKeyId":0,"baseKey":"BfJC5fXRNgt4K2dQt+9Ak92BL8+lP8FvBAw2zZDSjJsy","preKeyId":14138544}}},"version":"v1"}