{"_sessions":{"Bfj4F3Xf5MZCZ0w4744Bg7qqZHqWOTGEJ+5C1CuuxM4K":{"registrationId":235033742,"currentRatchet":{"ephemeralKeyPair":{"pubKey":"BaR7gvpaoyXJZm7b3Q0kjgr6rQuvTtVJFjauc+gnIRIK","privKey":"sDd2bEjhbKCM4cajkwXRqK5ax6vmcX/CFNEfmpbNT2g="},"lastRemoteEphemeralKey":"BZqa9AzW73Zxeh+1cNwUdH4nC/ZwHW0S2VxbL2Onq4Rd","previousCounter":0,"rootKey":"8SYxYoVCFjXQSO6Y4IxVhL/897DM3uiyezdBJXmJsNY="},"indexInfo":{"baseKey":"Bfj4F3Xf5MZCZ0w4744Bg7qqZHqWOTGEJ+5C1CuuxM4K","baseKeyType":1,"closed":-1,"used":1753402360392,"created":1753402360392,"remoteIdentityKey":"BVzXWP+EEk5iuG5DLcTVhIi8TaS02T/G5Y6wYz4K82ZU"},"_chains":{"BaR7gvpaoyXJZm7b3Q0kjgr6rQuvTtVJFjauc+gnIRIK":{"chainKey":{"counter":0,"key":"BqTlk9LoGC/DFesR56GDEhrWlzv/VxoHlTR9cR9kJ94="},"chainType":1,"messageKeys":{}}},"pendingPreKey":{"signedKeyId":0,"baseKey":"Bfj4F3Xf5MZCZ0w4744Bg7qqZHqWOTGEJ+5C1CuuxM4K","preKeyId":13741413}}},"version":"v1"}