{"_sessions":{"BbxO23ZJnwQCT2/F8y0OfbzGBOa1Pty/e4QtThQWGvBs":{"registrationId":369213296,"currentRatchet":{"ephemeralKeyPair":{"pubKey":"BZLaEJJjOsu8CQG1fQ9WHDKtB7wmPH2Pz3uSMLZhaUo9","privKey":"YHCJMFekgBFe7hJA1dOLIcCnBvrElcicxYnV7gxmekI="},"lastRemoteEphemeralKey":"BdrcVjKhpCAT3OA7WpgYeYbWn+1cSk8rTXrXv41cdw8b","previousCounter":0,"rootKey":"I7WxqRmHoyK36jr47cJkx0Xy0j0fQtcbdgfrHZeeSSQ="},"indexInfo":{"baseKey":"BbxO23ZJnwQCT2/F8y0OfbzGBOa1Pty/e4QtThQWGvBs","baseKeyType":1,"closed":-1,"used":1753402359898,"created":1753402359898,"remoteIdentityKey":"BcM+NRd7GwEczO4E3pbIEQ/QQSc2HA6p4ST4UDLk40MX"},"_chains":{"BZLaEJJjOsu8CQG1fQ9WHDKtB7wmPH2Pz3uSMLZhaUo9":{"chainKey":{"counter":0,"key":"g709DmNy0Zb1vnlr2KWc98pSLf4ZGanfhcTWqi/GRp0="},"chainType":1,"messageKeys":{}}},"pendingPreKey":{"signedKeyId":0,"baseKey":"BbxO23ZJnwQCT2/F8y0OfbzGBOa1Pty/e4QtThQWGvBs","preKeyId":6245945}}},"version":"v1"}