{"_sessions":{"BS80TfuYaOVC5pfQrB33Y7yDnbykqj+maru9OjDDwlQn":{"registrationId":201406738,"currentRatchet":{"ephemeralKeyPair":{"pubKey":"Bb7ZRqmZPxslB/CbPL8OUxStrrFaZPj9LsUfH+PmK1ht","privKey":"mBOUVm6oTmtJEqBbw/cdbaKBb6SbPFvS22Pvj5pPZFM="},"lastRemoteEphemeralKey":"BTHgfFdsfzOg9LyORq8mSrqHezv5desuTrG+Bokh4hEz","previousCounter":0,"rootKey":"Ml0WprwqCvU20f708056H7PmY9Z3zcMOT42btVILWu4="},"indexInfo":{"baseKey":"BS80TfuYaOVC5pfQrB33Y7yDnbykqj+maru9OjDDwlQn","baseKeyType":1,"closed":-1,"used":1753402360180,"created":1753402360180,"remoteIdentityKey":"BarGRiPJF7NGwFfwijVnytQnR/Md+AbFPtq1ExQ6lxNJ"},"_chains":{"Bb7ZRqmZPxslB/CbPL8OUxStrrFaZPj9LsUfH+PmK1ht":{"chainKey":{"counter":0,"key":"dkCR/yme6q50CZYm1ze/n1hUcbdMeaFMy+u/USkXN0s="},"chainType":1,"messageKeys":{}}},"pendingPreKey":{"signedKeyId":13,"baseKey":"BS80TfuYaOVC5pfQrB33Y7yDnbykqj+maru9OjDDwlQn","preKeyId":11472840}}},"version":"v1"}