{"_sessions":{"BWM1fSM/vNBSBXrIWisOJvJfL/WGjXNWH6YCl8SAwZ1q":{"registrationId":1828628697,"currentRatchet":{"ephemeralKeyPair":{"pubKey":"Bbh2J9bUOfa4ng3beYv+IMhB8ev3vK2Ly0FMGZ1R/gBu","privKey":"MJLUPo/N1dmMwy1sub7bArKmkbb7vuVnFXhcsdl29VY="},"lastRemoteEphemeralKey":"BZ+S7/H/Z/DuB1Zy2mfeWfVecC1nGchKnE9Kek5YRl9u","previousCounter":0,"rootKey":"1jMh/4r2oJnh6tDX35MzS9/dzu0ioobhRw27oFn68G8="},"indexInfo":{"baseKey":"BWM1fSM/vNBSBXrIWisOJvJfL/WGjXNWH6YCl8SAwZ1q","baseKeyType":1,"closed":-1,"used":1753402360014,"created":1753402360014,"remoteIdentityKey":"BXdl4oB6U38WteUfTm6+qJA11TyX19qih85RdMWfCMc2"},"_chains":{"Bbh2J9bUOfa4ng3beYv+IMhB8ev3vK2Ly0FMGZ1R/gBu":{"chainKey":{"counter":0,"key":"C1dCwEwuxMMGdWFAN+1mIPPEWXqt1tV0g030iiSUt7g="},"chainType":1,"messageKeys":{}}},"pendingPreKey":{"signedKeyId":1,"baseKey":"BWM1fSM/vNBSBXrIWisOJvJfL/WGjXNWH6YCl8SAwZ1q","preKeyId":4945183}}},"version":"v1"}