{"_sessions":{"Bf7B16fMiw/w8FEWXyOo6vZwky2W+/CMCDav86q0xkVK":{"registrationId":498456729,"currentRatchet":{"ephemeralKeyPair":{"pubKey":"BYvbpU6jhv4ZTWQjQyKCC17HgbtsnL7+S8iEe5XalmEe","privKey":"oFlHhZYr44iO8QdTIKKECZLkKAthB5drd4K1rUkiZko="},"lastRemoteEphemeralKey":"BVnAmk7rmI0tuHtmvCKqSVU3YYNVsRXngHtE092gGpQm","previousCounter":0,"rootKey":"eaVh72WinKXEP61VYtA9/GxTMHCEXHrspWxk+6Hlnt4="},"indexInfo":{"baseKey":"Bf7B16fMiw/w8FEWXyOo6vZwky2W+/CMCDav86q0xkVK","baseKeyType":1,"closed":-1,"used":1753402359976,"created":1753402359976,"remoteIdentityKey":"BXjoyv76jrt+EWJmvG2PcES6OvmFOiD6iPHeOd0s+8p4"},"_chains":{"BYvbpU6jhv4ZTWQjQyKCC17HgbtsnL7+S8iEe5XalmEe":{"chainKey":{"counter":0,"key":"WGFdm/ZsIJLmRELF1wEKzIya5KUp9T7w5sLwJSDMqZ8="},"chainType":1,"messageKeys":{}}},"pendingPreKey":{"signedKeyId":2,"baseKey":"Bf7B16fMiw/w8FEWXyOo6vZwky2W+/CMCDav86q0xkVK","preKeyId":9229366}}},"version":"v1"}