{"_sessions":{"BXf8iwJSadAdWz9Cob8bDjj58kbNFQ/MPXJU94TkQb4T":{"registrationId":640595224,"currentRatchet":{"ephemeralKeyPair":{"pubKey":"Bf0ahZOhhPKvHeb1Uy5PmZ/taUdPgCArvTpiFWUB0SYw","privKey":"4AcNbFVDLHjvCkVZNbHOpUlLds6SWKAt5ZPFacnJLFA="},"lastRemoteEphemeralKey":"BQcNOo3s9bgHEfcd00/ZTcHbtOJkc3s6g8tIk0xptO1G","previousCounter":0,"rootKey":"MsttkeqyF8LzDFPyJThiFUY/BOIVLmMeiYVViDWnibs="},"indexInfo":{"baseKey":"BXf8iwJSadAdWz9Cob8bDjj58kbNFQ/MPXJU94TkQb4T","baseKeyType":1,"closed":-1,"used":1753402359802,"created":1753402359802,"remoteIdentityKey":"BfYjUzvEt+OI1XLNC4oSxrok2nD7j3eIaxHCA1v8PGRA"},"_chains":{"Bf0ahZOhhPKvHeb1Uy5PmZ/taUdPgCArvTpiFWUB0SYw":{"chainKey":{"counter":0,"key":"SKYCck76TULx+jw/mXpLU6oCEp7lEAMl+2N7NMLgeOc="},"chainType":1,"messageKeys":{}}},"pendingPreKey":{"signedKeyId":6,"baseKey":"BXf8iwJSadAdWz9Cob8bDjj58kbNFQ/MPXJU94TkQb4T","preKeyId":11630370}}},"version":"v1"}