{"_sessions":{"BXDF2yVS8ekMxuWoAxSiu3QKY/ipxzHaJDxKc1UCQ/Eu":{"registrationId":46195429,"currentRatchet":{"ephemeralKeyPair":{"pubKey":"BWWZC2eU6UIK0HdD6eA0MmT8R0idKr6xubZaql4zuu19","privKey":"4LlHF8r730tgmqfhEw9ePMJkEgoTdnBD0NyaBRuuo1o="},"lastRemoteEphemeralKey":"BYmY0qjLkSBPSMmLOsxuYY9xcOyKO9MxWrBs0RSyRhlo","previousCounter":0,"rootKey":"RBQnCPGRyL43XulFwH2On8YnQRgV/M9lJLb2kwVvphE="},"indexInfo":{"baseKey":"BXDF2yVS8ekMxuWoAxSiu3QKY/ipxzHaJDxKc1UCQ/Eu","baseKeyType":1,"closed":-1,"used":1753402359799,"created":1753402359799,"remoteIdentityKey":"BWr0KTU6Vp1bClPuFt8t5jvJdMzYYBR+fCqo8bFV/JMD"},"_chains":{"BWWZC2eU6UIK0HdD6eA0MmT8R0idKr6xubZaql4zuu19":{"chainKey":{"counter":0,"key":"wKUXesfThfqUjJHbkhpcjrFGKm6XKGlNiXd2BwCF7yM="},"chainType":1,"messageKeys":{}}},"pendingPreKey":{"signedKeyId":23,"baseKey":"BXDF2yVS8ekMxuWoAxSiu3QKY/ipxzHaJDxKc1UCQ/Eu","preKeyId":13817355}}},"version":"v1"}