{"_sessions":{"Be49Nag2dQuxk4/LoARmBR/TNYt7piXDol/H9BvV3+ds":{"registrationId":559261609,"currentRatchet":{"ephemeralKeyPair":{"pubKey":"BdR688Dg10jmDwPgNPOmn/cvREHbh7P+IKPX++BHjap0","privKey":"AFB38eufZGfQiLT0wMD8oCOJEzoWrjOfxLwvtq2S32s="},"lastRemoteEphemeralKey":"BV3f+/xpVQ92mil62YwAkMz+M62lmTp6dbHSyTM5DYt+","previousCounter":0,"rootKey":"vN3NfV9kuskVTYl5MGQ2tIH7VUyH4DM2Vz7obCCV8CA="},"indexInfo":{"baseKey":"Be49Nag2dQuxk4/LoARmBR/TNYt7piXDol/H9BvV3+ds","baseKeyType":1,"closed":-1,"used":1753402359585,"created":1753402359585,"remoteIdentityKey":"BU4dehl0FPedhM0YbZvEMq7drWqGg4arzuEcge338HdU"},"_chains":{"BdR688Dg10jmDwPgNPOmn/cvREHbh7P+IKPX++BHjap0":{"chainKey":{"counter":0,"key":"hpVfzNNge5kUcaM6qABQ987NbqXlXpScQAwlmBxxRYc="},"chainType":1,"messageKeys":{}}},"pendingPreKey":{"signedKeyId":17,"baseKey":"Be49Nag2dQuxk4/LoARmBR/TNYt7piXDol/H9BvV3+ds","preKeyId":6055438}}},"version":"v1"}