{"_sessions":{"BYJNj2NbothwGNIz6KOSmhIBdupyV6XDZWc+Sw7RGD0F":{"registrationId":803878262,"currentRatchet":{"ephemeralKeyPair":{"pubKey":"BUA34VOqU0qfLbiLGmG/I7AJiB15nMiQdZeuymrCMWEZ","privKey":"IF1tZPwPrrzauUv4Ldjk16DB2mDRMxf9C2/jAP0MzlA="},"lastRemoteEphemeralKey":"BS7nvSNkGVHFU5vnwYejjyHx6WMRAbrLBi4KFG3o8i84","previousCounter":0,"rootKey":"A6j+wmuputPtYxsrG1A6oUVJv1nEMQF1gsTWTnAfuiI="},"indexInfo":{"baseKey":"BYJNj2NbothwGNIz6KOSmhIBdupyV6XDZWc+Sw7RGD0F","baseKeyType":1,"closed":-1,"used":1753402359797,"created":1753402359797,"remoteIdentityKey":"BT2eGLKKthowMkjsr43xy7W8NnIXvboh44k9wVCO128D"},"_chains":{"BUA34VOqU0qfLbiLGmG/I7AJiB15nMiQdZeuymrCMWEZ":{"chainKey":{"counter":0,"key":"erZBtkLEP2ZkS/dLn7iSuszlRhgQFsdNGShT88+QfNA="},"chainType":1,"messageKeys":{}}},"pendingPreKey":{"signedKeyId":6,"baseKey":"BYJNj2NbothwGNIz6KOSmhIBdupyV6XDZWc+Sw7RGD0F","preKeyId":567285}}},"version":"v1"}