{"_sessions":{"BZoyQWBeQj3vgYg04HPD42BuxSi0cGxpoBSMz5nRraU9":{"registrationId":444489602,"currentRatchet":{"ephemeralKeyPair":{"pubKey":"BbDf6bUfX3969INmMXyAQu+1DqMM8lmfB3cxQjLpmUcO","privKey":"SLTIV5KNufo2c6njeQ+4nY1rgsPNT7ciwJD1oRy8P2w="},"lastRemoteEphemeralKey":"Bf9HDKgXxrXhQl7E+UZKxHv32DA/Vi2shtEv1Uhpb8wf","previousCounter":0,"rootKey":"94PmTy3U1Yjhe2B8LnOkzDmLEvBDiPuL2T9zLXkJgcA="},"indexInfo":{"baseKey":"BZoyQWBeQj3vgYg04HPD42BuxSi0cGxpoBSMz5nRraU9","baseKeyType":1,"closed":-1,"used":1753402359876,"created":1753402359876,"remoteIdentityKey":"BcA1oP8iREzUZtazINnd7X7EUipLm92J5Syh1IvAqeIk"},"_chains":{"BbDf6bUfX3969INmMXyAQu+1DqMM8lmfB3cxQjLpmUcO":{"chainKey":{"counter":0,"key":"FHBor+UlsFjV/3Qf9+fwxB8bAw/R0h02yC8+ahr5cao="},"chainType":1,"messageKeys":{}}},"pendingPreKey":{"signedKeyId":2,"baseKey":"BZoyQWBeQj3vgYg04HPD42BuxSi0cGxpoBSMz5nRraU9","preKeyId":8412747}}},"version":"v1"}