{"_sessions":{"BX6l4cIZo0pRUUlCqOid89aGlvZGU195ZRimPm3HOmxB":{"registrationId":836093236,"currentRatchet":{"ephemeralKeyPair":{"pubKey":"BXdtq4rBbeQ+Sco07CXJEvYdNU2wHCEpMJdrOLNZMxBo","privKey":"SJcLmLA1As0r+KoXves9HDCqLiY+SAV9aT+IdzaaonE="},"lastRemoteEphemeralKey":"BTUxvYsfLRYNQWRKA1Rwhl1dPzlXKBRlJp3bUWnk3D0B","previousCounter":0,"rootKey":"7mnhByctESA3WM5l/fo0BhDk2yoV8jk6NGpPWWVoPxc="},"indexInfo":{"baseKey":"BX6l4cIZo0pRUUlCqOid89aGlvZGU195ZRimPm3HOmxB","baseKeyType":1,"closed":-1,"used":1753402359589,"created":1753402359589,"remoteIdentityKey":"BVLXz054De6GBOaNbZKtkMvyhjVOPaZmiyQ8iXASQZAC"},"_chains":{"BXdtq4rBbeQ+Sco07CXJEvYdNU2wHCEpMJdrOLNZMxBo":{"chainKey":{"counter":0,"key":"jm65ImGan5KjRU3EXGj1C18ZEqDAL8nDrOWYRzFHni8="},"chainType":1,"messageKeys":{}}},"pendingPreKey":{"signedKeyId":3,"baseKey":"BX6l4cIZo0pRUUlCqOid89aGlvZGU195ZRimPm3HOmxB"}}},"version":"v1"}