{"_sessions":{"BT3UOeKIFBb27E365+2UZLz4AlcBi8o1WsJDvGYjtN86":{"registrationId":2090733123,"currentRatchet":{"ephemeralKeyPair":{"pubKey":"BS1Q9W5WhqefGLz3HqP9RnwSH0aButmSFx0U7Yeaoy1N","privKey":"YAtMml/K+aP39X2WYTW3vFOYQsU+zL+3u23GTwACdWk="},"lastRemoteEphemeralKey":"Ba+YFSKg1Ozr5frYwDBCfHZk3VsM0k0WyROvBLIamskK","previousCounter":0,"rootKey":"rTngfmSmXT/3Dax+IMjNT6uaviwDI13/HioGszoO/YI="},"indexInfo":{"baseKey":"BT3UOeKIFBb27E365+2UZLz4AlcBi8o1WsJDvGYjtN86","baseKeyType":1,"closed":-1,"used":1753402359901,"created":1753402359901,"remoteIdentityKey":"BTy/FHydxssNoE2xWF5KGLXv1SfsIwVU6QmNCS1Qk1Vd"},"_chains":{"BS1Q9W5WhqefGLz3HqP9RnwSH0aButmSFx0U7Yeaoy1N":{"chainKey":{"counter":0,"key":"InydxUq9uNhyuLrZLpe7NvY4ArM1+5A7/0mpUSvIenw="},"chainType":1,"messageKeys":{}}},"pendingPreKey":{"signedKeyId":10,"baseKey":"BT3UOeKIFBb27E365+2UZLz4AlcBi8o1WsJDvGYjtN86","preKeyId":5748729}}},"version":"v1"}