{"_sessions":{"BZ5QvUrHjuo5xDSWBtagGqEKMxzT5fhgAgloBSuiLoVL":{"registrationId":80268452,"currentRatchet":{"ephemeralKeyPair":{"pubKey":"BZIj46/YSvMjBms2Ia1odnHQ0To9y3P3kLSYlZQE9eJI","privKey":"UINrdiyFW3F3Mo0EcAgCvJNMXEMA3Not3FciVmAF3kc="},"lastRemoteEphemeralKey":"Bb3Xuhxn7tz82iSoB4e8S5GKx6jfoQ1sZfuqCjVrBvM8","previousCounter":0,"rootKey":"tQTtRogHsXPQSNfapryFQsAKjQ/k3iDs/9W3f5Z3H9o="},"indexInfo":{"baseKey":"BZ5QvUrHjuo5xDSWBtagGqEKMxzT5fhgAgloBSuiLoVL","baseKeyType":1,"closed":-1,"used":1753402360105,"created":1753402360105,"remoteIdentityKey":"BUy+0tMnV4bnQwVa9wmpvdfipeUzvundlSVB493knn18"},"_chains":{"BZIj46/YSvMjBms2Ia1odnHQ0To9y3P3kLSYlZQE9eJI":{"chainKey":{"counter":0,"key":"NH8bkUTVlvw60ctY//dwf/MuSDIk+FWeDPkKroIz+z0="},"chainType":1,"messageKeys":{}}},"pendingPreKey":{"signedKeyId":0,"baseKey":"BZ5QvUrHjuo5xDSWBtagGqEKMxzT5fhgAgloBSuiLoVL","preKeyId":16351033}}},"version":"v1"}