{"_sessions":{"BQEv6KSJNHXLrSOwMnHy7DZLwoq5JmtlKb3Ll5NelXMk":{"registrationId":582760069,"currentRatchet":{"ephemeralKeyPair":{"pubKey":"BVRflHh+fqXdvNxQZYI7wKXX8EsIrvKR9cf38mSnxfl6","privKey":"ULujf42yEKy1dLeV7Rit+OCxdtNPdhnF0awlhkwGVXQ="},"lastRemoteEphemeralKey":"BcgG54vnJZOpTHg2iR2wPnBAAm/wwdeUE1wcsK9tFZcr","previousCounter":0,"rootKey":"XG1StBxF0REE7HyIW8YHa3ZwNaZ3GFzBm3HQCWbd0xE="},"indexInfo":{"baseKey":"BQEv6KSJNHXLrSOwMnHy7DZLwoq5JmtlKb3Ll5NelXMk","baseKeyType":1,"closed":-1,"used":1753402360010,"created":1753402360010,"remoteIdentityKey":"BQvXliQmIlxQhSgEq76ungaXi2pLB/JxPAhYdZSV6c05"},"_chains":{"BVRflHh+fqXdvNxQZYI7wKXX8EsIrvKR9cf38mSnxfl6":{"chainKey":{"counter":0,"key":"tNU5Abt4NhU+XV6ufol2LVr6/ZNKYb36GhqJvncTJNs="},"chainType":1,"messageKeys":{}}},"pendingPreKey":{"signedKeyId":9,"baseKey":"BQEv6KSJNHXLrSOwMnHy7DZLwoq5JmtlKb3Ll5NelXMk","preKeyId":16320362}}},"version":"v1"}