{"_sessions":{"BSryF8ek/xY0H+yDRho95ArLPDMbRv/swLcs05rQDNsx":{"registrationId":39154175,"currentRatchet":{"ephemeralKeyPair":{"pubKey":"Ba8csgxFoiCgAFUNH7pqZz5bPpg8qptkCC1gvTzFZZox","privKey":"KHel/g0og9XY5hHbKKSLeimEb8JkIxaK7aZT42qS/VU="},"lastRemoteEphemeralKey":"BUAiPrSDE2jINir5hMar3KIiUiolFBNrfu6bfgZtiRNi","previousCounter":0,"rootKey":"/JcLR3zUKMOF47A4bVUKE0eA+eq4tf47nzHWwx8hf70="},"indexInfo":{"baseKey":"BSryF8ek/xY0H+yDRho95ArLPDMbRv/swLcs05rQDNsx","baseKeyType":1,"closed":-1,"used":1753402360315,"created":1753402360315,"remoteIdentityKey":"BbhT1dtn8IwPY4xbqobY9UfGY0E7+zQthG/mxL981No5"},"_chains":{"Ba8csgxFoiCgAFUNH7pqZz5bPpg8qptkCC1gvTzFZZox":{"chainKey":{"counter":0,"key":"ACCmwW00P5jyD3ivnuCgBPZKwlIueq05ljJ0u6Nfnkk="},"chainType":1,"messageKeys":{}}},"pendingPreKey":{"signedKeyId":1,"baseKey":"BSryF8ek/xY0H+yDRho95ArLPDMbRv/swLcs05rQDNsx","preKeyId":3096059}}},"version":"v1"}