{"_sessions":{"BT+U2ZmVFG9uxiHMMOvkcgLl9CFI5okispV76H78nd10":{"registrationId":12453,"currentRatchet":{"ephemeralKeyPair":{"pubKey":"BSrnz11IypXNS9XHbOcKrjT+L/JfRLDoTmsN4xTX3QwP","privKey":"GDV7Q9OL/cKAud7cC87YT2EOEa+y+ZVSIFvNiHKbmGM="},"lastRemoteEphemeralKey":"BUfEg1yJM/TG9uU83fi5fqJI0LPDpvN3zxsF1opoPCJk","previousCounter":0,"rootKey":"+pMGxbFJtnso0PIS5TFv9/nrPqXi1nPw0S9uNvgTksk="},"indexInfo":{"baseKey":"BT+U2ZmVFG9uxiHMMOvkcgLl9CFI5okispV76H78nd10","baseKeyType":1,"closed":-1,"used":1753402358996,"created":1753402358996,"remoteIdentityKey":"Be7ROoakrDMoBavw1Y9aPP+zu2MP2+d5OGDO8YRc+i9J"},"_chains":{"BSrnz11IypXNS9XHbOcKrjT+L/JfRLDoTmsN4xTX3QwP":{"chainKey":{"counter":0,"key":"r0+EPQpeoGMkHT+zjn/Vw3rB5CtQ4+tdK1mB2nu3FGM="},"chainType":1,"messageKeys":{}}},"pendingPreKey":{"signedKeyId":1,"baseKey":"BT+U2ZmVFG9uxiHMMOvkcgLl9CFI5okispV76H78nd10"}}},"version":"v1"}