{"_sessions":{"BfhpLGj719I1erKAwT6U0Ue12TsEdCmKlhG75FpCuN1v":{"registrationId":786103017,"currentRatchet":{"ephemeralKeyPair":{"pubKey":"Babr9z4Zx7TDMhp4FYpi4QKhlGkRn9oFD0dNp27tmEta","privKey":"mFaWK/oz1wcv4sxFhvFk/F+RbnkQp8dpetBcnOUV4Xo="},"lastRemoteEphemeralKey":"BZn+Xfr4IlAM1LeaYgn5afKgQZ8b9qRdAF15GFkfMglT","previousCounter":0,"rootKey":"rdaIxkJ8B/lv+grKWsR58Dbb1jq8+GjbmorgObOq9x4="},"indexInfo":{"baseKey":"BfhpLGj719I1erKAwT6U0Ue12TsEdCmKlhG75FpCuN1v","baseKeyType":1,"closed":-1,"used":1753402360205,"created":1753402360205,"remoteIdentityKey":"BW8Ehdgw/KA0SYRiXF1tGLOTG/ImvxuMD73DNI0D+uhj"},"_chains":{"Babr9z4Zx7TDMhp4FYpi4QKhlGkRn9oFD0dNp27tmEta":{"chainKey":{"counter":0,"key":"hjKrjxiE+JnPYrSXA0vhk+ZJ/BkHI4ENhVgcAwy8wJo="},"chainType":1,"messageKeys":{}}},"pendingPreKey":{"signedKeyId":6,"baseKey":"BfhpLGj719I1erKAwT6U0Ue12TsEdCmKlhG75FpCuN1v","preKeyId":8175325}}},"version":"v1"}