{"_sessions":{"BbZ7VjvWUwotQL5r2E5eIC+iImuPtkXpl1ZyecbCqnMV":{"registrationId":381198654,"currentRatchet":{"ephemeralKeyPair":{"pubKey":"BZsOVm9TPF6WHk04DH6KsrrWO/vcYV6O85dn1MRRbQRC","privKey":"CJMkBVC67gdgb3fBiME/o466ZMSu8mzeZXBJgl3Nh1o="},"lastRemoteEphemeralKey":"BRZxOcNdkvWgIfCAPW77Cvtg/2hDkO6uBhZU7JUpXjoe","previousCounter":0,"rootKey":"4K8Vmo9fNzluTbyrtmJqblKxnR7/bcspe/rc9lhRyZI="},"indexInfo":{"baseKey":"BbZ7VjvWUwotQL5r2E5eIC+iImuPtkXpl1ZyecbCqnMV","baseKeyType":1,"closed":-1,"used":1753402359714,"created":1753402359714,"remoteIdentityKey":"BaEuOVRvrmc1tbPqGPbOAfKs8ZsyvzdEUlk+f1eKum4/"},"_chains":{"BZsOVm9TPF6WHk04DH6KsrrWO/vcYV6O85dn1MRRbQRC":{"chainKey":{"counter":0,"key":"lpJBaFRcN718GWR6mSfVvQ7N7sb6UlUr2vrRjrDvzq0="},"chainType":1,"messageKeys":{}}},"pendingPreKey":{"signedKeyId":1,"baseKey":"BbZ7VjvWUwotQL5r2E5eIC+iImuPtkXpl1ZyecbCqnMV","preKeyId":6745051}}},"version":"v1"}