{"_sessions":{"BT6cBSYZsIeEnri5/1LYxaeXlmgpr5rnOyPV/IuhxUtg":{"registrationId":612435502,"currentRatchet":{"ephemeralKeyPair":{"pubKey":"BfnGFF0pvRxtYyboyAgtwEbzUxvCYzw3X3ovoRBWQFN+","privKey":"6BGIB6yg+iZjpztiEIxgxNd78ZNSHQpOHLtG9wnIenk="},"lastRemoteEphemeralKey":"BSN0Kb/MY06MKOcd/1Wm5uVLeiFohjk4x7BHZsCzYEMA","previousCounter":0,"rootKey":"Z3qsQykuz5bV6ti3GsiO82iUOCpVPme22TPFfQ3JUng="},"indexInfo":{"baseKey":"BT6cBSYZsIeEnri5/1LYxaeXlmgpr5rnOyPV/IuhxUtg","baseKeyType":1,"closed":-1,"used":1753402359679,"created":1753402359679,"remoteIdentityKey":"BSsIj2GFpCwo305YtOkLguKl2t2LFMPr0A8Wq81x7E9j"},"_chains":{"BfnGFF0pvRxtYyboyAgtwEbzUxvCYzw3X3ovoRBWQFN+":{"chainKey":{"counter":0,"key":"VbA+I21HmbcSzmll3cG+qZWZjspMMX7o+/OiB0L3zQg="},"chainType":1,"messageKeys":{}}},"pendingPreKey":{"signedKeyId":6,"baseKey":"BT6cBSYZsIeEnri5/1LYxaeXlmgpr5rnOyPV/IuhxUtg","preKeyId":12333559}}},"version":"v1"}