{"_sessions":{"BQGdI3wDeWhwO8QdqVRWNwX5Vc0KGkMHUoufhXajlbwk":{"registrationId":33053219,"currentRatchet":{"ephemeralKeyPair":{"pubKey":"BeQm6zOh5E/0kGerGg96jTpgj2vyOB7tBNcJrKQ2I1oC","privKey":"KLPdD/4J/TbS47xllFKmKHVSHCJJ0PN7PKjVcKIBiEA="},"lastRemoteEphemeralKey":"BRm54gt5lmFhXl9Hwk+TaDqfU3eQ3Uqr3p8JiR3xIPYb","previousCounter":0,"rootKey":"515at88OOaAwUobIs+yptkx1uLo2BmQO7Gmio6tLPQg="},"indexInfo":{"baseKey":"BQGdI3wDeWhwO8QdqVRWNwX5Vc0KGkMHUoufhXajlbwk","baseKeyType":1,"closed":-1,"used":1753402359103,"created":1753402359103,"remoteIdentityKey":"BdEeXIp41I7mdtoYTkoARvrxs7/0Z0eCBW1Ogg0BL1dx"},"_chains":{"BeQm6zOh5E/0kGerGg96jTpgj2vyOB7tBNcJrKQ2I1oC":{"chainKey":{"counter":0,"key":"MckugUoWCk6tKdwvAeR1Jwo9PCGuZ9c+NmDVJ9JcQL8="},"chainType":1,"messageKeys":{}}},"pendingPreKey":{"signedKeyId":116,"baseKey":"BQGdI3wDeWhwO8QdqVRWNwX5Vc0KGkMHUoufhXajlbwk","preKeyId":15088}}},"version":"v1"}