{"_sessions":{"BW5pbt8/Lsgmtipqk572GxN9FmnetrfUSe97E7dZahFf":{"registrationId":161,"currentRatchet":{"ephemeralKeyPair":{"pubKey":"Bajr8NZJwpyuDSWvDj9ZqMd197EMAKDMpdzATo70TFR7","privKey":"gDWmDMi+2o0Y0Y8saSU+cbvuW3R65eqxf8hvbr/8Nl4="},"lastRemoteEphemeralKey":"BU/AXRJofLgjEa0DmworvJn/TE+ycz/KgiOhg9bzf4Bk","previousCounter":0,"rootKey":"RLC2DyJrqmqgx96DYagTJ/bqYrWDJ7QyHA8d/wYqMMw="},"indexInfo":{"baseKey":"BW5pbt8/Lsgmtipqk572GxN9FmnetrfUSe97E7dZahFf","baseKeyType":1,"closed":-1,"used":1753402359298,"created":1753402359298,"remoteIdentityKey":"BXp/3nlldxTjmCm1oapWMJHv+5NlWDiEDMTL91BbK7U5"},"_chains":{"Bajr8NZJwpyuDSWvDj9ZqMd197EMAKDMpdzATo70TFR7":{"chainKey":{"counter":0,"key":"ZFjQriRP1ek97OCXi17DpAZvG1XGtVYEWJnlQTL4uKw="},"chainType":1,"messageKeys":{}}},"pendingPreKey":{"signedKeyId":1,"baseKey":"BW5pbt8/Lsgmtipqk572GxN9FmnetrfUSe97E7dZahFf"}}},"version":"v1"}