{"_sessions":{"BaxkYt9GIRmjxsBvzf+9zW5wn4kd+WyQE/mZR2JIxIIm":{"registrationId":790931722,"currentRatchet":{"ephemeralKeyPair":{"pubKey":"BaMx5w48vPF8qp9bJS5t/fjsVFe8AQE8zzjGVZWbLlJr","privKey":"iFDbQMCYNgcsQD1Tev4ZJG7nfFEDKaXH7B3HLasbFmc="},"lastRemoteEphemeralKey":"BWlbkl519dHWBTEGVPJrSHE+RGs05yoJm13zAI6zN9Ut","previousCounter":0,"rootKey":"+evItR3Yh2ss6+EdQ1DG/LSJOQoi6qVTFS7jGWpXqDQ="},"indexInfo":{"baseKey":"BaxkYt9GIRmjxsBvzf+9zW5wn4kd+WyQE/mZR2JIxIIm","baseKeyType":1,"closed":-1,"used":1753402359583,"created":1753402359583,"remoteIdentityKey":"BY8g+pZaSI6GtKwguQBR0kOgA+CNN+4P+JtHs3NRRHkN"},"_chains":{"BaMx5w48vPF8qp9bJS5t/fjsVFe8AQE8zzjGVZWbLlJr":{"chainKey":{"counter":0,"key":"IAQRNUSuYc0azDsu7GHAE7x/UNg6uF2gC7mrjrS7L8E="},"chainType":1,"messageKeys":{}}},"pendingPreKey":{"signedKeyId":11461020,"baseKey":"BaxkYt9GIRmjxsBvzf+9zW5wn4kd+WyQE/mZR2JIxIIm","preKeyId":9014}}},"version":"v1"}