{"_sessions":{"Bftsz64JFABUWyU1Dbdz1vs1I2CwEOLRa1bgaO/akxAj":{"registrationId":1724544446,"currentRatchet":{"ephemeralKeyPair":{"pubKey":"BYGlqLxjgcoA6fS1/X2E/B/J2ZjPahomcLEakMkFBNBc","privKey":"cKqZiIJ8ihN9wwMQOheosUiJPTth4zZWGVdY2nvR80Y="},"lastRemoteEphemeralKey":"BSwZI0PyjXxZR3GPS0PqrkdGh92fT7SHR0oRCG7afz8e","previousCounter":0,"rootKey":"mtF2f+Jma0I0jAdu6+E5TjE9845YLxsl+AP2n2KMvSI="},"indexInfo":{"baseKey":"Bftsz64JFABUWyU1Dbdz1vs1I2CwEOLRa1bgaO/akxAj","baseKeyType":1,"closed":-1,"used":1753402360296,"created":1753402360296,"remoteIdentityKey":"BTKNHGx/RWVz5x4J7SsCrC28M4x2PEUT48jBNy6nrU1A"},"_chains":{"BYGlqLxjgcoA6fS1/X2E/B/J2ZjPahomcLEakMkFBNBc":{"chainKey":{"counter":0,"key":"XQfWAf6y9y0vJXAvzRSRiZridCs5+uIU/xNOfgqNhdY="},"chainType":1,"messageKeys":{}}},"pendingPreKey":{"signedKeyId":3,"baseKey":"Bftsz64JFABUWyU1Dbdz1vs1I2CwEOLRa1bgaO/akxAj","preKeyId":10602137}}},"version":"v1"}