{"_sessions":{"Ba2anMddwO5c/r/UPKeOck11Y55r8s0JO033tac6y2dd":{"registrationId":242449109,"currentRatchet":{"ephemeralKeyPair":{"pubKey":"BQ3XEQ6a9d0um2zOup5GElK9Z2ZIYxsWfnrHN7TEO595","privKey":"YHRozABBBlai8TYh1gvZO6onfRfO5UHR/lEgmQUtGnM="},"lastRemoteEphemeralKey":"Bd9H8qVUXVd/FeH1Ps16EfE3Jf/2QLKUHbn26WfoSf9N","previousCounter":0,"rootKey":"iTxrkCNaCogK889/8uOsLRFLZii2TOn1gNTBL2vyMxQ="},"indexInfo":{"baseKey":"Ba2anMddwO5c/r/UPKeOck11Y55r8s0JO033tac6y2dd","baseKeyType":1,"closed":-1,"used":1753402359878,"created":1753402359878,"remoteIdentityKey":"BePxufGdbPSGZ+dmvzrGs3D/bkKUrKJaNMXxIlmQE153"},"_chains":{"BQ3XEQ6a9d0um2zOup5GElK9Z2ZIYxsWfnrHN7TEO595":{"chainKey":{"counter":0,"key":"qF/Tk7hu4xBPOgtBMHJnfsux9rN3+W3Y+b5ifGUwKIA="},"chainType":1,"messageKeys":{}}},"pendingPreKey":{"signedKeyId":8,"baseKey":"Ba2anMddwO5c/r/UPKeOck11Y55r8s0JO033tac6y2dd","preKeyId":4610471}}},"version":"v1"}