{"_sessions":{"BR9XPOvs4rQ6BC285DZeqr8R/2fcsRl9sY0JENA/fNsh":{"registrationId":2125308825,"currentRatchet":{"ephemeralKeyPair":{"pubKey":"BX9L7wWUsnxKk/zSfaJV4G+baPnUFjqyZ2T2nbDeQFMB","privKey":"uNtGStD4kKumWViojJ0TpZ6ce2aYeK5ydklQykCgLlY="},"lastRemoteEphemeralKey":"BbA6ql9+pmbUk/tT7MnNwDb04EUl/B7w95l2I7i/NOZm","previousCounter":0,"rootKey":"UJ8uvfoIwcNWk/z8EbzJNUhaG60iY/2ZIj80kpoRemw="},"indexInfo":{"baseKey":"BR9XPOvs4rQ6BC285DZeqr8R/2fcsRl9sY0JENA/fNsh","baseKeyType":1,"closed":-1,"used":1753402359501,"created":1753402359501,"remoteIdentityKey":"BV84oNS8VweR++3moKUZ+Ol/+J0mea2ThXINUj3Shv4h"},"_chains":{"BX9L7wWUsnxKk/zSfaJV4G+baPnUFjqyZ2T2nbDeQFMB":{"chainKey":{"counter":0,"key":"jn8eOnhQRDUp3OSTHC1Otehf/bkmKM3TcKTGOEudNbk="},"chainType":1,"messageKeys":{}}},"pendingPreKey":{"signedKeyId":0,"baseKey":"BR9XPOvs4rQ6BC285DZeqr8R/2fcsRl9sY0JENA/fNsh","preKeyId":15862124}}},"version":"v1"}