{"_sessions":{"BRU5ogN1inQYnP9P/xJJKNxUM9a8tBPtFeaYPPm96wpe":{"registrationId":24,"currentRatchet":{"ephemeralKeyPair":{"pubKey":"BSchUMGZtCiWuOiljFaIaZhZZWqNzc8bSwuLFGymQ6A4","privKey":"YHc52NKz2jNql+eEfs9f4mU96DsSqvstdx5GGqbOjHg="},"lastRemoteEphemeralKey":"BSViTyO5ZzKPbvgarHxURPMrDyDloe+b4wHLm/FeCgRF","previousCounter":0,"rootKey":"mRpsGb0CQsQhiD3rDb9qkEh6JKhR30SZ/ZNHHxuXjP8="},"indexInfo":{"baseKey":"BRU5ogN1inQYnP9P/xJJKNxUM9a8tBPtFeaYPPm96wpe","baseKeyType":2,"closed":-1,"used":1753401869620,"created":1753401869620,"remoteIdentityKey":"BZxzV6gh2joAkcWDXa3rbS6ScBA3+CjB42W8L9OQsy1B"},"_chains":{"BSViTyO5ZzKPbvgarHxURPMrDyDloe+b4wHLm/FeCgRF":{"chainKey":{"counter":0,"key":"8fhEZcoR9umC1Lw1vZtlHGgeQ3Xdxu31NMxtXPsSpqE="},"chainType":2,"messageKeys":{}},"BSchUMGZtCiWuOiljFaIaZhZZWqNzc8bSwuLFGymQ6A4":{"chainKey":{"counter":-1,"key":"4RPBRoq6TTxB/gMtfe9fqTTdZ+IgF5Az2UB7nuviekA="},"chainType":1,"messageKeys":{}}}}},"version":"v1"}