{"_sessions":{"Bb2HmeGBwOms0NxHjOEFBwsjr4+pr0Y3mO6J8f6UjWc4":{"registrationId":1751359059,"currentRatchet":{"ephemeralKeyPair":{"pubKey":"BQHgaK0LkGw1N15o34TqhAWTBsA+l5vMtPlKTWQWQOZD","privKey":"0DDJZ0PRa4XDYDFtpi/ifVG3HJSPXdUkA6DDY/GKwmc="},"lastRemoteEphemeralKey":"BXWJfgBceN2LFRNez96FPl52kR0SJFLtQ2DHVctF+L0p","previousCounter":0,"rootKey":"1tLsK1GUnLNkpQ0rExI4bXJnQ/zAsOaWWmONP0r61Jk="},"indexInfo":{"baseKey":"Bb2HmeGBwOms0NxHjOEFBwsjr4+pr0Y3mO6J8f6UjWc4","baseKeyType":1,"closed":-1,"used":1753402359698,"created":1753402359698,"remoteIdentityKey":"BSX21kptaJNT9EFfTN3xlJQOU4IaEa5qfzds0GS4GjwM"},"_chains":{"BQHgaK0LkGw1N15o34TqhAWTBsA+l5vMtPlKTWQWQOZD":{"chainKey":{"counter":0,"key":"vWFU1nJ4Xe3z48Gmm+Xm9GIVdENqu1N1hKTGrE7mxsA="},"chainType":1,"messageKeys":{}}},"pendingPreKey":{"signedKeyId":4,"baseKey":"Bb2HmeGBwOms0NxHjOEFBwsjr4+pr0Y3mO6J8f6UjWc4","preKeyId":2803856}}},"version":"v1"}