{"_sessions":{"BTc6mmqTp6VjhSWPl/g14OV1yuWQKSpFYAXlwS+dCtBS":{"registrationId":464444393,"currentRatchet":{"ephemeralKeyPair":{"pubKey":"Bcb82cr9vF+XNy2OkVvBelsrupExDswEWoM3qbe8oWF9","privKey":"mPC9gJLltXmWrTX48WVk4Gd1dG095GYJxzh7Abihd1s="},"lastRemoteEphemeralKey":"Bbi/2PNprgejzNrlPuBb/tHmBKoSJjmul2aM0wlXre4Y","previousCounter":0,"rootKey":"f6d+K101o+wPSpOCvTeM7v4ZvFqV2Ea3K514nkVfwwc="},"indexInfo":{"baseKey":"BTc6mmqTp6VjhSWPl/g14OV1yuWQKSpFYAXlwS+dCtBS","baseKeyType":1,"closed":-1,"used":1753402360314,"created":1753402360314,"remoteIdentityKey":"BZBhfabD2APx0BcxzAyYj6c/v4gChCBCg+YPkGLbwL0D"},"_chains":{"Bcb82cr9vF+XNy2OkVvBelsrupExDswEWoM3qbe8oWF9":{"chainKey":{"counter":0,"key":"6M+Q3o9KPDxlfGP+/vXLSW/21AnSEBWUh5Je9dzeqYA="},"chainType":1,"messageKeys":{}}},"pendingPreKey":{"signedKeyId":23,"baseKey":"BTc6mmqTp6VjhSWPl/g14OV1yuWQKSpFYAXlwS+dCtBS","preKeyId":2383750}}},"version":"v1"}