{"_sessions":{"BZ+N40ySemtcHXR6IAjD2BVgWVJaHLne5YFiEpDIPmlH":{"registrationId":527838008,"currentRatchet":{"ephemeralKeyPair":{"pubKey":"BRRw+ZSqWforumd9ujkRm5tajODCYBcWyusnQYvn/xYV","privKey":"WBIElGjPbafQR46oGOfBBMWHuYP7beaKpFNrJa+CEGM="},"lastRemoteEphemeralKey":"BVnm9vqnGbeGhMvtUHH54KtXeHLSaLOvfBfS5bZlHZp2","previousCounter":0,"rootKey":"PmlPs5eJkPwkrIAWfOcqiEhHlDQ8us7TcaiMScgmths="},"indexInfo":{"baseKey":"BZ+N40ySemtcHXR6IAjD2BVgWVJaHLne5YFiEpDIPmlH","baseKeyType":1,"closed":-1,"used":1753402359910,"created":1753402359910,"remoteIdentityKey":"BfFBxqEfDRNTQP6pUTSQAq7fOM2JKRP7ezpwXM70vrhr"},"_chains":{"BRRw+ZSqWforumd9ujkRm5tajODCYBcWyusnQYvn/xYV":{"chainKey":{"counter":0,"key":"9ToqG5N6bj/dpBKDv2VAYarAowLZgjO5JgbGr2gqMts="},"chainType":1,"messageKeys":{}}},"pendingPreKey":{"signedKeyId":3,"baseKey":"BZ+N40ySemtcHXR6IAjD2BVgWVJaHLne5YFiEpDIPmlH","preKeyId":520520}}},"version":"v1"}