{"_sessions":{"BTcqDACVOS8rhcukaXyiYGSRb1QlvWjCIbZniIGFQPsE":{"registrationId":778346378,"currentRatchet":{"ephemeralKeyPair":{"pubKey":"BV0KIqFdrmtld/+LOxZD+UYDUPdNBcqdNA+w0TNTANYi","privKey":"CCQ0CUmbLA19XG2Upa69G7THkP5VwvPlAHWI5oj7ckk="},"lastRemoteEphemeralKey":"BWsPXOY5wRdhx/RWBVn+eL20f0P8T2utwsfymaUO2ZkZ","previousCounter":0,"rootKey":"smSdf15UsWCQfk0BN0r0hO7Smj/4jK6KQDt36p1NHZk="},"indexInfo":{"baseKey":"BTcqDACVOS8rhcukaXyiYGSRb1QlvWjCIbZniIGFQPsE","baseKeyType":1,"closed":-1,"used":1753402360312,"created":1753402360312,"remoteIdentityKey":"Bbieh7RwpP0X5+LpOii4J6fj6RmiU6ULmNEyk+B9g04y"},"_chains":{"BV0KIqFdrmtld/+LOxZD+UYDUPdNBcqdNA+w0TNTANYi":{"chainKey":{"counter":0,"key":"OEHbh1iC1d/v8FSIUE6GJ7qy/0F4oTayaF2Ebo1Dx4s="},"chainType":1,"messageKeys":{}}},"pendingPreKey":{"signedKeyId":0,"baseKey":"BTcqDACVOS8rhcukaXyiYGSRb1QlvWjCIbZniIGFQPsE"}}},"version":"v1"}