{"_sessions":{"BW4fku0GffFOHQWuaMcYtCQE4oiKXtYnX1O8FZkUmdUv":{"registrationId":1484821658,"currentRatchet":{"ephemeralKeyPair":{"pubKey":"BVkeu1HVgn7pfALsjJy40K7wsggdZu9WV4uzg8dtmr0P","privKey":"gM4jUHgJDlWXqpQlW3pHko1Xz8/OUia34r5x/8itFXo="},"lastRemoteEphemeralKey":"BYBYmqJHnxF00t8bQx1JEkh3QzcAJmv4GuRPPQWkax1L","previousCounter":0,"rootKey":"T2di+qSndNnMRlb8MgnGRj2V7anoPAw8RL9lgeoQh8M="},"indexInfo":{"baseKey":"BW4fku0GffFOHQWuaMcYtCQE4oiKXtYnX1O8FZkUmdUv","baseKeyType":1,"closed":-1,"used":1753402359920,"created":1753402359920,"remoteIdentityKey":"BSxDSGzY56Z8AqZN9igYFFmk//ahqxGqpWSs3Zs3PbkU"},"_chains":{"BVkeu1HVgn7pfALsjJy40K7wsggdZu9WV4uzg8dtmr0P":{"chainKey":{"counter":0,"key":"LiIy+Fj8lJQ26i+8JUTDQ0DOLsNEket/L3RdR53Keq8="},"chainType":1,"messageKeys":{}}},"pendingPreKey":{"signedKeyId":1,"baseKey":"BW4fku0GffFOHQWuaMcYtCQE4oiKXtYnX1O8FZkUmdUv"}}},"version":"v1"}