{"_sessions":{"BetS2rs/3dOprN0NdMBx2M32tLygV90nxQirZVJ4LhNM":{"registrationId":7168102,"currentRatchet":{"ephemeralKeyPair":{"pubKey":"BZO43y/6W71iFhLQ1vFrDUkArhrOiG+n/pwgePQ3bfFH","privKey":"4IC/1gpcbeHmSzLD8ubmho0Z/zJleoy8DlWFqKnz2F8="},"lastRemoteEphemeralKey":"BSd2NIYfIH1KAnyGRBVmFoZpnOJdYLkNJEKaBUHWAJUH","previousCounter":0,"rootKey":"bgUmqgArbm7VpZMkhfwCXr4TUrK+HTpjeoncfRA7NAc="},"indexInfo":{"baseKey":"BetS2rs/3dOprN0NdMBx2M32tLygV90nxQirZVJ4LhNM","baseKeyType":1,"closed":-1,"used":1753402359990,"created":1753402359990,"remoteIdentityKey":"BY+re69aM6wmvS9pMadR1K6y6VznAVGM+0GfjEpTZDIa"},"_chains":{"BZO43y/6W71iFhLQ1vFrDUkArhrOiG+n/pwgePQ3bfFH":{"chainKey":{"counter":0,"key":"RiUzfTRqBRo85iEL201S7wHjk+91Iel62FPSIgyQQmk="},"chainType":1,"messageKeys":{}}},"pendingPreKey":{"signedKeyId":3,"baseKey":"BetS2rs/3dOprN0NdMBx2M32tLygV90nxQirZVJ4LhNM","preKeyId":16736558}}},"version":"v1"}