{"_sessions":{"BVSNLz9AYzAgXuLFOFQfqLiu3bwH5KqtL8J6oU36qdFx":{"registrationId":14323,"currentRatchet":{"ephemeralKeyPair":{"pubKey":"BW2gI90s1by9P1rJbj9MLgu1N+ajgL3Ux713mheLUlQY","privKey":"ILCxsjCLeNmMS4LO83teLqZWx72zKIqtz1QgSfF7Nmg="},"lastRemoteEphemeralKey":"BdBRsIDrXyNEjQPLHExZbWGlPcyEUv5y/cK4ELB/32Be","previousCounter":0,"rootKey":"eFezFDQPd/mdTGZW0/pZ1XKyUVSlld78+HBypfq0y3w="},"indexInfo":{"baseKey":"BVSNLz9AYzAgXuLFOFQfqLiu3bwH5KqtL8J6oU36qdFx","baseKeyType":1,"closed":-1,"used":1753402359416,"created":1753402359416,"remoteIdentityKey":"BWkqklnLu1Is0kleJNKWh/iijtsfkiBq8JAiE25U4xIc"},"_chains":{"BW2gI90s1by9P1rJbj9MLgu1N+ajgL3Ux713mheLUlQY":{"chainKey":{"counter":0,"key":"zb7XPz9V8mOqj5j4Fda8oNzV0muEYCLKpEjLxWwRHao="},"chainType":1,"messageKeys":{}}},"pendingPreKey":{"signedKeyId":1,"baseKey":"BVSNLz9AYzAgXuLFOFQfqLiu3bwH5KqtL8J6oU36qdFx"}}},"version":"v1"}