{"_sessions":{"BRBDNkDHSn7BC8L+6lAeSuCn7DMDwV2QOjtq368P/k9t":{"registrationId":2099017759,"currentRatchet":{"ephemeralKeyPair":{"pubKey":"BS/1LZlDa6q/hsevLd68ZQ5MbdazFs+bPfcAsO4hFNZL","privKey":"SFlw2q+b4gqBE6DRVZYibGjBGSNG86nVetZeZYXF+F0="},"lastRemoteEphemeralKey":"BV6y6lnSRjhaiy0zV4ShoYxWN+2vloO608ApTKCcIlNQ","previousCounter":0,"rootKey":"w3K/WRzZG6Hpwqk1PqMEglvI+3c5bDyLJtDdGa1mHjE="},"indexInfo":{"baseKey":"BRBDNkDHSn7BC8L+6lAeSuCn7DMDwV2QOjtq368P/k9t","baseKeyType":1,"closed":-1,"used":1753402360074,"created":1753402360074,"remoteIdentityKey":"BfrLAqh+6fCR2x01Ns98Maf4lFNCLFwaI0Y7rPt5gSVs"},"_chains":{"BS/1LZlDa6q/hsevLd68ZQ5MbdazFs+bPfcAsO4hFNZL":{"chainKey":{"counter":0,"key":"V4oJ8RtSbx32VzsmysFdEsJVQosedYwVgHlOVb3FeUY="},"chainType":1,"messageKeys":{}}},"pendingPreKey":{"signedKeyId":1,"baseKey":"BRBDNkDHSn7BC8L+6lAeSuCn7DMDwV2QOjtq368P/k9t","preKeyId":13960677}}},"version":"v1"}