{"_sessions":{"BRH75M23wyYRSHqi41d77MNXWMyh2FBwSUWLvnlRCksS":{"registrationId":1588150992,"currentRatchet":{"ephemeralKeyPair":{"pubKey":"BeA/OLSffBKk+TFT67/vo53ftDZ3lScPLC2n+ikw+HcD","privKey":"QHafWd2Uyy5D5G8ZU3j5jGYKGJKIWtPpZc3jkvcrREw="},"lastRemoteEphemeralKey":"BdOVueuOeRd/KK8llQKT6lo84IKfpYmHyacvJJIDHel7","previousCounter":0,"rootKey":"Ydjp9zVw2/hujA/aQ4chmsBdup+O7pl5hViZESfh2ig="},"indexInfo":{"baseKey":"BRH75M23wyYRSHqi41d77MNXWMyh2FBwSUWLvnlRCksS","baseKeyType":1,"closed":-1,"used":1753402359618,"created":1753402359618,"remoteIdentityKey":"Ba0HUbDXAEaMsGheSi276yNWS86wivrQ+4UkUedEgOEo"},"_chains":{"BeA/OLSffBKk+TFT67/vo53ftDZ3lScPLC2n+ikw+HcD":{"chainKey":{"counter":0,"key":"3N9LR3OG5eRa/DaGVDEjv163wsu8oRngkELgqFDmm3s="},"chainType":1,"messageKeys":{}}},"pendingPreKey":{"signedKeyId":0,"baseKey":"BRH75M23wyYRSHqi41d77MNXWMyh2FBwSUWLvnlRCksS","preKeyId":11706971}}},"version":"v1"}