{"_sessions":{"BTQAYh/xAsuWRC5OCDbc1QBmABKY2HzdHDe34T3W26tG":{"registrationId":764336481,"currentRatchet":{"ephemeralKeyPair":{"pubKey":"BcajtXz2Fk7Iqgp266fOgevOQLi01kBjs1GqpbxceTUU","privKey":"qNly9QjiH6Yj/HLIwnNkdgmDyldnmZ1zhhbm1gdZSnk="},"lastRemoteEphemeralKey":"BQkmd4zLD7cpQ93anzYkPoCF48q9noglSSkAtXyhzJgZ","previousCounter":0,"rootKey":"wqaF0sgxps/9C/tU06UVEhl0YRKbL+ZMRwwQxk2zrbI="},"indexInfo":{"baseKey":"BTQAYh/xAsuWRC5OCDbc1QBmABKY2HzdHDe34T3W26tG","baseKeyType":1,"closed":-1,"used":1753402360184,"created":1753402360184,"remoteIdentityKey":"Bfq5KvYl+zPIzdQbanBGJuvOO+h7D9hOSvQY0p1hNWYf"},"_chains":{"BcajtXz2Fk7Iqgp266fOgevOQLi01kBjs1GqpbxceTUU":{"chainKey":{"counter":0,"key":"jhd1lF3CvgfPfFKAvwWD+Sox+fLs+L97x505NrUJvz0="},"chainType":1,"messageKeys":{}}},"pendingPreKey":{"signedKeyId":0,"baseKey":"BTQAYh/xAsuWRC5OCDbc1QBmABKY2HzdHDe34T3W26tG","preKeyId":6030718}}},"version":"v1"}