{"_sessions":{"BWqXnlQCVGISdsb7oidf0OESAEvv+Ch4NcBC46zjvh4I":{"registrationId":1904484190,"currentRatchet":{"ephemeralKeyPair":{"pubKey":"BedghLyosD91NA1qHuRXcl612bo96YpEwa+9vrLVwO8p","privKey":"4N5o8h/zI8XaV77rHFm8rZs4OKlMacQGV1lClcp6n1s="},"lastRemoteEphemeralKey":"BU+fzWn6xpF7Y6uWc4ZkLIx1A5WitULjpGxf5BNNFFRn","previousCounter":0,"rootKey":"M+C7ZvbSPErCAj6s9o04aPNuk1wEfBEdZDg9EZl8PTQ="},"indexInfo":{"baseKey":"BWqXnlQCVGISdsb7oidf0OESAEvv+Ch4NcBC46zjvh4I","baseKeyType":1,"closed":-1,"used":1753402359507,"created":1753402359507,"remoteIdentityKey":"BR5XuQnVqQCEan71v7cdesTYNk+5//fuzVoI9jUWCcwh"},"_chains":{"BedghLyosD91NA1qHuRXcl612bo96YpEwa+9vrLVwO8p":{"chainKey":{"counter":0,"key":"3fODMIcTtt/aMvfTMWmINnFlpuh3RDjeucjjoL3nosA="},"chainType":1,"messageKeys":{}}},"pendingPreKey":{"signedKeyId":6906041,"baseKey":"BWqXnlQCVGISdsb7oidf0OESAEvv+Ch4NcBC46zjvh4I"}}},"version":"v1"}