{"_sessions":{"Becj4qqsB8Hx3/fRCHRMlM5BNuhWNBeBbZ2fAfLWuLxQ":{"registrationId":624893499,"currentRatchet":{"ephemeralKeyPair":{"pubKey":"BW2RHaxjl7YdSek+ylIiicyMAugSkql64Mb/4ga10ABh","privKey":"oFnT/Y7S0lQtMSksjtv7EjxsjRG5mTL6PSdTWbz57E4="},"lastRemoteEphemeralKey":"BRXEg4c2SYZS6nZyofjU4RUh2wEmqwBoEdHQjxrhAOVU","previousCounter":0,"rootKey":"HpNNBCQA36cjmA4sMldUsSGawf2slaSrEizbzs4gz/8="},"indexInfo":{"baseKey":"Becj4qqsB8Hx3/fRCHRMlM5BNuhWNBeBbZ2fAfLWuLxQ","baseKeyType":1,"closed":-1,"used":1753402359509,"created":1753402359509,"remoteIdentityKey":"BQ7ic+9nSnin26zZvO2SuCcxdieas30lvEXYNLP3B5gE"},"_chains":{"BW2RHaxjl7YdSek+ylIiicyMAugSkql64Mb/4ga10ABh":{"chainKey":{"counter":0,"key":"/itYpG9WFkVc99v0Fi6g7yATOCKKdmnNJfYjmd8mtj4="},"chainType":1,"messageKeys":{}}},"pendingPreKey":{"signedKeyId":90,"baseKey":"Becj4qqsB8Hx3/fRCHRMlM5BNuhWNBeBbZ2fAfLWuLxQ","preKeyId":4845572}}},"version":"v1"}