{"_sessions":{"BS77N/H1nra3MJourSRZMVea29CH6cbyUVoV15/Zl9c9":{"registrationId":560686525,"currentRatchet":{"ephemeralKeyPair":{"pubKey":"BdD8KsEUUeBcbxBUOhtrPOIw7OSf4Q8XbR2IR2yjEEMM","privKey":"2B58taqD0ZlYZ/msWyk6B2BTp3c694dJX7YGBq5j9G0="},"lastRemoteEphemeralKey":"BZwu/d6U/28lcfKFbMCe/7ITfxrnfqwMsi5ogTVwM58+","previousCounter":0,"rootKey":"eQbxoDyDxmeTzHuDh7TfDnWLYFF1iCb5KzlX6TF6hTc="},"indexInfo":{"baseKey":"BS77N/H1nra3MJourSRZMVea29CH6cbyUVoV15/Zl9c9","baseKeyType":1,"closed":-1,"used":1753402359875,"created":1753402359875,"remoteIdentityKey":"BaqSqGJDlRYHgI8RUIvtkIU/QDRRNHazfJtwpllSwxkG"},"_chains":{"BdD8KsEUUeBcbxBUOhtrPOIw7OSf4Q8XbR2IR2yjEEMM":{"chainKey":{"counter":0,"key":"7Sc8D3Jp8eWffdrQUoJ2BuF7OyJvJ5wFpsTmwa2vZjg="},"chainType":1,"messageKeys":{}}},"pendingPreKey":{"signedKeyId":2,"baseKey":"BS77N/H1nra3MJourSRZMVea29CH6cbyUVoV15/Zl9c9"}}},"version":"v1"}