{"_sessions":{"Bbk9Az5PFRtEEICKFtpL/gaD6+qHzj5UquZ9bX1Zn4hj":{"registrationId":232906151,"currentRatchet":{"ephemeralKeyPair":{"pubKey":"Bf4LMhZhXQuB6WgLcMf9EjgH7z8lEeXBSONsoJGpvN8L","privKey":"2Beec7bo6zvfXDBBFixjMVfyRtumPcfkGIq2qu6yymM="},"lastRemoteEphemeralKey":"BTB72dOLBEMAcNM0WeLkI0cgMR08kKHCmmHaG1l0VO0c","previousCounter":0,"rootKey":"SMU2s80CVZdbFij4HLM2zQmJWSBJrbWkCLRKAyAyfyw="},"indexInfo":{"baseKey":"Bbk9Az5PFRtEEICKFtpL/gaD6+qHzj5UquZ9bX1Zn4hj","baseKeyType":1,"closed":-1,"used":1753402360310,"created":1753402360310,"remoteIdentityKey":"BdWDg6y0Mq4/TKnnqlL051p4JXi7RtJf9lIGsnweRJAz"},"_chains":{"Bf4LMhZhXQuB6WgLcMf9EjgH7z8lEeXBSONsoJGpvN8L":{"chainKey":{"counter":0,"key":"ef72hpKH5eWNLZ9clZvceIOVPy7loUSRgTm/TNDN8Ss="},"chainType":1,"messageKeys":{}}},"pendingPreKey":{"signedKeyId":0,"baseKey":"Bbk9Az5PFRtEEICKFtpL/gaD6+qHzj5UquZ9bX1Zn4hj"}}},"version":"v1"}