{"_sessions":{"BQ8saPxV2cNEWAgdPA/c6gLQA+Dje439yvOX1uRFWFkl":{"registrationId":1068578515,"currentRatchet":{"ephemeralKeyPair":{"pubKey":"BQizxNdqz20YcbtpFmNwhSMlPdNquCd9i1eKghJ3FWIo","privKey":"oB+mA1Pf8IS1t/iISMr0BzlukmCiDtCn9Imr7jv7LEw="},"lastRemoteEphemeralKey":"Bf4WcPFLDaZKKs7XGotnxmU+3wLbJW7OlBdpTm6n4VdB","previousCounter":0,"rootKey":"sUX8AgCFZ5ScyQKj5fsuTcm81SfEUB2SSdAKnYjGJys="},"indexInfo":{"baseKey":"BQ8saPxV2cNEWAgdPA/c6gLQA+Dje439yvOX1uRFWFkl","baseKeyType":1,"closed":-1,"used":1753402359603,"created":1753402359603,"remoteIdentityKey":"BQ6JJGvctr+KW5UmdNfBJS4hItkUjnW0wZ86/1w5JuFC"},"_chains":{"BQizxNdqz20YcbtpFmNwhSMlPdNquCd9i1eKghJ3FWIo":{"chainKey":{"counter":0,"key":"VGtp8F81M1vHH9ZBCuTJQ94mWObB2G+JiC0YqYRNtpI="},"chainType":1,"messageKeys":{}}},"pendingPreKey":{"signedKeyId":0,"baseKey":"BQ8saPxV2cNEWAgdPA/c6gLQA+Dje439yvOX1uRFWFkl","preKeyId":9922276}}},"version":"v1"}