{"_sessions":{"BYQuJnRnynA48XH+vyoCYyibqkjtQkYPNOlJiVANZfN+":{"registrationId":669256894,"currentRatchet":{"ephemeralKeyPair":{"pubKey":"BfTHNdTB9cYpuuqGPI1qL0nkZlczFfXE1SfCEtufJjch","privKey":"0C2WPQY23eC/3j7OeIfn98Q7p0lC5joN5RGpC5DVgH4="},"lastRemoteEphemeralKey":"BUPdwZn0+7BOcWccGkGKnZCOqKbuUUPROO9JuGsFH5B2","previousCounter":0,"rootKey":"JRXXt9CRmVJTLA4hYlBqDx/Z9Q6WJZPezJ2Arvhc0ts="},"indexInfo":{"baseKey":"BYQuJnRnynA48XH+vyoCYyibqkjtQkYPNOlJiVANZfN+","baseKeyType":1,"closed":-1,"used":1753402359690,"created":1753402359690,"remoteIdentityKey":"BdNahW1v/cuy1XKwKJRDM2dEnQufZXvs/YOqkkRisyUK"},"_chains":{"BfTHNdTB9cYpuuqGPI1qL0nkZlczFfXE1SfCEtufJjch":{"chainKey":{"counter":0,"key":"IRmPvw2lR6vA3tE/I+GqG+9k680woJGdoSVsuNuJI6Q="},"chainType":1,"messageKeys":{}}},"pendingPreKey":{"signedKeyId":5,"baseKey":"BYQuJnRnynA48XH+vyoCYyibqkjtQkYPNOlJiVANZfN+","preKeyId":1052441}}},"version":"v1"}