{"_sessions":{"BUi2Cshv/viXnL++DRyR1wEcnfZxNBD8ylEJIfpafYo+":{"registrationId":1135698173,"currentRatchet":{"ephemeralKeyPair":{"pubKey":"BTnWZdpuhUmMRjPpwylQ6hOKCJTsjN5ts/rWIfojzDtD","privKey":"YHzddOeZNwGkHXzWGSi65ltF8g5x+6NWuE8Xf8yNn10="},"lastRemoteEphemeralKey":"BcKpYYnLUtKWxCx1CMGW8QtHLw5p/F/lgQkyZO1jAmU+","previousCounter":0,"rootKey":"rNGGO2fVijuQ2jJ6zhsyX8kN7QMK1HfRLAgaqxUAnBY="},"indexInfo":{"baseKey":"BUi2Cshv/viXnL++DRyR1wEcnfZxNBD8ylEJIfpafYo+","baseKeyType":1,"closed":-1,"used":1753402359420,"created":1753402359420,"remoteIdentityKey":"BRmLk3eRhv8k5s79KRzeByg/+OGQfXPiMnL5Q27rEjoi"},"_chains":{"BTnWZdpuhUmMRjPpwylQ6hOKCJTsjN5ts/rWIfojzDtD":{"chainKey":{"counter":0,"key":"6FYrBUFqsNZd7ZGiNdXIOf+g+AdOY/MyyMj0Lk7pttk="},"chainType":1,"messageKeys":{}}},"pendingPreKey":{"signedKeyId":0,"baseKey":"BUi2Cshv/viXnL++DRyR1wEcnfZxNBD8ylEJIfpafYo+"}}},"version":"v1"}