{"_sessions":{"BXMd2XFGDEmg6f25EetGfIE6Ala0M3xrV7gMGmF8dLQu":{"registrationId":1385657333,"currentRatchet":{"ephemeralKeyPair":{"pubKey":"Bbo5/q729w9jM/mqkluxekNA6l6Rb0DAQPm61jpiZtBP","privKey":"cIEiBk7dQeDT6RI9dUTfvYs3UxBFNDxRcLmyY02DwHs="},"lastRemoteEphemeralKey":"BUtSCB9TdJ1odPWRo8ubdiXzKTJiA74hSJVez1OHleow","previousCounter":0,"rootKey":"Fw176U2QH24FfyvX7KWKGgMrwsPi3RvuRbSVzKATGvQ="},"indexInfo":{"baseKey":"BXMd2XFGDEmg6f25EetGfIE6Ala0M3xrV7gMGmF8dLQu","baseKeyType":1,"closed":-1,"used":1753402359719,"created":1753402359719,"remoteIdentityKey":"BbaRYNQUql+5ZpuZa3N8D1T0/MO88fCFtTrhf/KOmrJz"},"_chains":{"Bbo5/q729w9jM/mqkluxekNA6l6Rb0DAQPm61jpiZtBP":{"chainKey":{"counter":0,"key":"q+WyLeIjx/fOl7wcEta2gHhGr2vCw8IaWvcYu26L0PI="},"chainType":1,"messageKeys":{}}},"pendingPreKey":{"signedKeyId":1,"baseKey":"BXMd2XFGDEmg6f25EetGfIE6Ala0M3xrV7gMGmF8dLQu","preKeyId":12612020}}},"version":"v1"}