{"_sessions":{"BTxlXp+ZYmYN6Nx7WQ8y6VDjLmYWClyTTjISqluNz7Uh":{"registrationId":346042694,"currentRatchet":{"ephemeralKeyPair":{"pubKey":"BaHdt7lBr3HAgPGm9mjJwAKOoZfTOPsXqSVbKUwGLIlQ","privKey":"UCPmun7GholyXByAODg6uRNqOCaqUQhCtr5PSiER0UI="},"lastRemoteEphemeralKey":"BW74EHOZ5tcrzbzCzUHjqglDniIvRa0U5a3QtncTKkEF","previousCounter":0,"rootKey":"0EXIzBVKAa+y7Y7IF8+ImYK+bbAJcI1Jb3kinE61ANo="},"indexInfo":{"baseKey":"BTxlXp+ZYmYN6Nx7WQ8y6VDjLmYWClyTTjISqluNz7Uh","baseKeyType":1,"closed":-1,"used":1753402359599,"created":1753402359599,"remoteIdentityKey":"BZkJdwtDa8GYEl+4mNBO13xw2Cf+RR9qZBDOOC8tHfxB"},"_chains":{"BaHdt7lBr3HAgPGm9mjJwAKOoZfTOPsXqSVbKUwGLIlQ":{"chainKey":{"counter":0,"key":"oBZJwQucZjob6Ti6GhcBFo1EqxU10y7KPNMstNSh/QM="},"chainType":1,"messageKeys":{}}},"pendingPreKey":{"signedKeyId":1,"baseKey":"BTxlXp+ZYmYN6Nx7WQ8y6VDjLmYWClyTTjISqluNz7Uh","preKeyId":3977452}}},"version":"v1"}