{"_sessions":{"BThCTbT9P2F6yUIRmdd7ZYs3azd1u6Z+ZggMG/01K/FO":{"registrationId":1721282883,"currentRatchet":{"ephemeralKeyPair":{"pubKey":"BVmgCad32ttxf3GOQHQJIi4lGezdKFryg7T1MgqjepkM","privKey":"qPimRUfm7pe1uhbbWyGEHyhIjLCU8gZSRkienzN3FHA="},"lastRemoteEphemeralKey":"BdGT1YL3h4it83pCslUHFN6cCIddeXjNQ0MHYwzSNA1G","previousCounter":0,"rootKey":"JsPSNEdK9NZMG/B1oxhewr68YKD9Q7tKTAIFN9iF9Ng="},"indexInfo":{"baseKey":"BThCTbT9P2F6yUIRmdd7ZYs3azd1u6Z+ZggMG/01K/FO","baseKeyType":1,"closed":-1,"used":1753402360100,"created":1753402360100,"remoteIdentityKey":"BQS1UbFpATaPUQh3sfQP6Oc+1ki7a1QRFWUaBT4ms8wV"},"_chains":{"BVmgCad32ttxf3GOQHQJIi4lGezdKFryg7T1MgqjepkM":{"chainKey":{"counter":0,"key":"AbN7ViF58HnwdhWomrhZM6lMaLvWCzC+EcYzLE/HXx4="},"chainType":1,"messageKeys":{}}},"pendingPreKey":{"signedKeyId":0,"baseKey":"BThCTbT9P2F6yUIRmdd7ZYs3azd1u6Z+ZggMG/01K/FO","preKeyId":1664039}}},"version":"v1"}