{"_sessions":{"Bevn1AJDlbewqlt3QqSqc8omcVpBq0NMjeROjiZF6A42":{"registrationId":2097884931,"currentRatchet":{"ephemeralKeyPair":{"pubKey":"BXwzNVD3p5GwevKn7NJTgxptJM59XPZYXxlY52wHaApx","privKey":"mJ5dO4UHElH+DL5p/PqWWDrQbLV9oPBVFB8jdbpcr3M="},"lastRemoteEphemeralKey":"BTQLY54TyF0me//4Fgi6ZOXQwrdISSVGfqwNrxfYiTJn","previousCounter":0,"rootKey":"nADNPxXpmfOKVLRyIp1px6gXQ/FSf/afAzkB1rTxD9E="},"indexInfo":{"baseKey":"Bevn1AJDlbewqlt3QqSqc8omcVpBq0NMjeROjiZF6A42","baseKeyType":1,"closed":-1,"used":1753402359712,"created":1753402359712,"remoteIdentityKey":"BeOVoFRmJ/0cozuDWotl4C6ixKhU9U48b90dTwJA1UFr"},"_chains":{"BXwzNVD3p5GwevKn7NJTgxptJM59XPZYXxlY52wHaApx":{"chainKey":{"counter":0,"key":"5eKNddbRtiie8qbdH/qYZ/uzcnQd/5JCDvcZA54jXgA="},"chainType":1,"messageKeys":{}}},"pendingPreKey":{"signedKeyId":0,"baseKey":"Bevn1AJDlbewqlt3QqSqc8omcVpBq0NMjeROjiZF6A42","preKeyId":9634796}}},"version":"v1"}