{"_sessions":{"BSQF6ncuCzs7vg9gDac54qFChs6ZnQNqzklqkrr0YC95":{"registrationId":949951366,"currentRatchet":{"ephemeralKeyPair":{"pubKey":"Bb23DVoCL++BczoU2x2U5l6ttdXX7q0HVvqFynUWhvQC","privKey":"yKNE1G3tnU5FDeiWjBWuQ4QCWonjLZuEYDBEDhBOLHA="},"lastRemoteEphemeralKey":"Bdk8VSuBpTwSjOrR0SvoPZa36oXjejH6f0kaGLzbMdp1","previousCounter":0,"rootKey":"/01Vrnw6uUKmHUQbyn7n78jxdK+qBFDFwxrDU1pGLZE="},"indexInfo":{"baseKey":"BSQF6ncuCzs7vg9gDac54qFChs6ZnQNqzklqkrr0YC95","baseKeyType":1,"closed":-1,"used":1753402360216,"created":1753402360216,"remoteIdentityKey":"BR50SPJJMsD8fpso2F7rRPwXXqfNew7qgoo+CdsajzZf"},"_chains":{"Bb23DVoCL++BczoU2x2U5l6ttdXX7q0HVvqFynUWhvQC":{"chainKey":{"counter":0,"key":"RaUhzkcH89DMBoAA8zpodJT5WJzkAQwpvOaGFHbW+6E="},"chainType":1,"messageKeys":{}}},"pendingPreKey":{"signedKeyId":0,"baseKey":"BSQF6ncuCzs7vg9gDac54qFChs6ZnQNqzklqkrr0YC95"}}},"version":"v1"}