{"_sessions":{"BWxj2qbiEWG5wBeJt0sQNvJxnfZ07fliHVWErViIlfpq":{"registrationId":432096850,"currentRatchet":{"ephemeralKeyPair":{"pubKey":"BW5f9/xv6fWg1z27CXhp/SBnPgdSBadjCgUXt41911Zm","privKey":"gFe6A28D9aG3a1BSCFUgzIKc1VueDM2kgQozzFf9DG8="},"lastRemoteEphemeralKey":"BerWU4Znrud6bMvctJX6cTq3Ru+MfT99uQ6tjE+wQX8x","previousCounter":0,"rootKey":"nd/ZmU6iO8zvteJuWdS80jzV7QLTNsSK0n9B+5I5TxQ="},"indexInfo":{"baseKey":"BWxj2qbiEWG5wBeJt0sQNvJxnfZ07fliHVWErViIlfpq","baseKeyType":1,"closed":-1,"used":1753402360383,"created":1753402360383,"remoteIdentityKey":"BT5qt+jLYpiHMlqys46NYAIrMtIBLQ4328ZOa9a/flp8"},"_chains":{"BW5f9/xv6fWg1z27CXhp/SBnPgdSBadjCgUXt41911Zm":{"chainKey":{"counter":0,"key":"mGMve/Ix1LjtOHjQZJ5j/CY7nESV/Zk3sU6/JCVQbfg="},"chainType":1,"messageKeys":{}}},"pendingPreKey":{"signedKeyId":10,"baseKey":"BWxj2qbiEWG5wBeJt0sQNvJxnfZ07fliHVWErViIlfpq","preKeyId":5838392}}},"version":"v1"}