{"_sessions":{"BQVx2uCSj1+xvs1NbsBCP2qPSSFGy6QNJSh81blnWwYz":{"registrationId":814180928,"currentRatchet":{"ephemeralKeyPair":{"pubKey":"BVGxzFaoC3DPONledzIyTtGoncPFoxTvIXFMgCv0n+Vk","privKey":"CE8dnsJ+OjNJzjJ+3H69bAtn4/02JwCQhx5FzccUa0E="},"lastRemoteEphemeralKey":"BUoeR4qFTrhpeQAtGtLovghVZKoT+uFNF2ec1Vf210cf","previousCounter":0,"rootKey":"HIu1kpQQ9j2JmG0+vkb1umTY1B8KZwyTtOCazgihy64="},"indexInfo":{"baseKey":"BQVx2uCSj1+xvs1NbsBCP2qPSSFGy6QNJSh81blnWwYz","baseKeyType":1,"closed":-1,"used":1753402359503,"created":1753402359503,"remoteIdentityKey":"BUuVHoIHZi6c3JFT7BB0/C2Jxw01j+HyBGKPRXJI4wx7"},"_chains":{"BVGxzFaoC3DPONledzIyTtGoncPFoxTvIXFMgCv0n+Vk":{"chainKey":{"counter":0,"key":"quqS0wZSpg71KycgYyTW/Gq0ItKf2nuTawWMv8GE8tA="},"chainType":1,"messageKeys":{}}},"pendingPreKey":{"signedKeyId":6,"baseKey":"BQVx2uCSj1+xvs1NbsBCP2qPSSFGy6QNJSh81blnWwYz","preKeyId":6785436}}},"version":"v1"}