{"_sessions":{"BTElKttU+7XKjPBPQLKWrUWEz/A6Z/yTYAJ+GOj2XTRL":{"registrationId":1991743766,"currentRatchet":{"ephemeralKeyPair":{"pubKey":"BSqQxHD2Z4Rxh0E4iOKVabz3rZNYIRoeLFvBbTPT5Odj","privKey":"QBPAF+Pz8l4rtuYPKesdBuaCMFpAz/+VPa9Dld0CcUw="},"lastRemoteEphemeralKey":"Bf6LH8KhDel7v2LlxXiMfbntOQhLoELF4IbuhLxM16kn","previousCounter":0,"rootKey":"JPXkEgcFDwIXHQx6GT4D9y6+WKfbGhtRVtQ1qx2gQ+0="},"indexInfo":{"baseKey":"BTElKttU+7XKjPBPQLKWrUWEz/A6Z/yTYAJ+GOj2XTRL","baseKeyType":1,"closed":-1,"used":1753402360103,"created":1753402360103,"remoteIdentityKey":"Bef2jVeYq1NXE2CW4QtgaTLr3mPvpX371Ib0wZMao/lU"},"_chains":{"BSqQxHD2Z4Rxh0E4iOKVabz3rZNYIRoeLFvBbTPT5Odj":{"chainKey":{"counter":0,"key":"JJyfxTlTg95O8NTJetKkWXwe7TWh+fr+tNG+oMLCt/E="},"chainType":1,"messageKeys":{}}},"pendingPreKey":{"signedKeyId":1,"baseKey":"BTElKttU+7XKjPBPQLKWrUWEz/A6Z/yTYAJ+GOj2XTRL"}}},"version":"v1"}