{"_sessions":{"Bf3sNdWiILETr6RM90JeOGdTadpNoKSECRrCviYYnJdD":{"registrationId":734150740,"currentRatchet":{"ephemeralKeyPair":{"pubKey":"BUfKDo2XuYuWikzMkqXri8jzb5w90MVHigTpj0fn7g1H","privKey":"EDR3G8sTlCxztSSlLd7HtFTqtd9uunshAG/qP8W8x08="},"lastRemoteEphemeralKey":"BbOpuu7T3ohFaia9LjHkfQqROcdjTPdBuCe00hxgXS1R","previousCounter":0,"rootKey":"zR6bO9xCaMQRuzCeAPe5VGhLKMh6cyih0zuRGEBQ36o="},"indexInfo":{"baseKey":"Bf3sNdWiILETr6RM90JeOGdTadpNoKSECRrCviYYnJdD","baseKeyType":1,"closed":-1,"used":1753402359615,"created":1753402359615,"remoteIdentityKey":"BcUB1Co8C1s4QWyQzOg40VwO8hmTSy1u+lhhZSRBixxq"},"_chains":{"BUfKDo2XuYuWikzMkqXri8jzb5w90MVHigTpj0fn7g1H":{"chainKey":{"counter":0,"key":"4ttSYnURBCmRGPTW6Ym7lBHlvxD0BFr2JpOLxnAKFWk="},"chainType":1,"messageKeys":{}}},"pendingPreKey":{"signedKeyId":11,"baseKey":"Bf3sNdWiILETr6RM90JeOGdTadpNoKSECRrCviYYnJdD","preKeyId":14398024}}},"version":"v1"}