{"_sessions":{"BakMo0fSzbZJx1pQMiCb2amI+ZZrP5i+5+DHbsb+061U":{"registrationId":1709226558,"currentRatchet":{"ephemeralKeyPair":{"pubKey":"BfwVkL5mJIWmQtUxntgV7ZnUA8CbmNCzRpGcFPMCR2AO","privKey":"mJgFRXa2XvLHIK4+xImI3vo8Axnf9li2ecmpkGL6iXI="},"lastRemoteEphemeralKey":"BYLXg/jRsKh1Ju4zzjjOA2eEO8hufffJBJg/rMbaT65R","previousCounter":0,"rootKey":"uixGpYkOMh1Duczx3AlGtKpPUu1oHKKYMDBWlOqMEO0="},"indexInfo":{"baseKey":"BakMo0fSzbZJx1pQMiCb2amI+ZZrP5i+5+DHbsb+061U","baseKeyType":1,"closed":-1,"used":1753402360083,"created":1753402360083,"remoteIdentityKey":"BVz13GW4DIix9JUaMeyJLrmiiMS/qM3oP1DycM86mNd/"},"_chains":{"BfwVkL5mJIWmQtUxntgV7ZnUA8CbmNCzRpGcFPMCR2AO":{"chainKey":{"counter":0,"key":"kP38y1cCbylg2+bz5K8HzeHimXvppEl1Rt6HgvIITAQ="},"chainType":1,"messageKeys":{}}},"pendingPreKey":{"signedKeyId":1,"baseKey":"BakMo0fSzbZJx1pQMiCb2amI+ZZrP5i+5+DHbsb+061U","preKeyId":2615554}}},"version":"v1"}