{"_sessions":{"BW3d8zD+kGK8UHvBHJB4CHI9RGk6u31foFRp1xIwMBg2":{"registrationId":1957560517,"currentRatchet":{"ephemeralKeyPair":{"pubKey":"BV4Slyt1Sa8ad8f5j2Juy0moHT1C6eFFirONQZKJwtka","privKey":"eK62yyanNQlsh5suO4fHj5WPgeNFx6p9BBN0a1LoKlA="},"lastRemoteEphemeralKey":"BdDies5U2Qkhw1ezh3t/CwU70VguZEU+dp2Delfhi11O","previousCounter":0,"rootKey":"xspfkp9sTZ2YUX6nTVRTV8z9rmxSCaCSqRXH8/t5AXA="},"indexInfo":{"baseKey":"BW3d8zD+kGK8UHvBHJB4CHI9RGk6u31foFRp1xIwMBg2","baseKeyType":2,"closed":-1,"used":1753401354950,"created":1753401354950,"remoteIdentityKey":"BUiWHwMaBGnWtHB3h7/e3jUMTo2x66UM3BTg6iQU/60M"},"_chains":{"BdDies5U2Qkhw1ezh3t/CwU70VguZEU+dp2Delfhi11O":{"chainKey":{"counter":0,"key":"QG8RYaCyicDmXU41DF0QXOz0OIrI7SjlQxyj8Ph/IQs="},"chainType":2,"messageKeys":{}},"BV4Slyt1Sa8ad8f5j2Juy0moHT1C6eFFirONQZKJwtka":{"chainKey":{"counter":-1,"key":"A1XWfGyo/KaT7X3D9w/x3uYACVpkXoUarrnYF/N+X70="},"chainType":1,"messageKeys":{}}}}},"version":"v1"}