{"_sessions":{"BYIvFsMYTCcYZZ3oJKfgf7xSQCikqszbkp3QBT2gYngt":{"registrationId":969549378,"currentRatchet":{"ephemeralKeyPair":{"pubKey":"BZMoXo4hlTpdtKW5v6nFU6ntFKyIzkgzGtergTS7VW1J","privKey":"CHLGNxokrDX+5+5SF49WbDEFoOaQiEDV3CWiJcMl5nA="},"lastRemoteEphemeralKey":"BbdB/m1KEXKynyD7HsmBp1bjAR0xKHFWm6bnYqEEKB46","previousCounter":0,"rootKey":"3kBB601sziA3zPlsEexNzuHpfHG/G1KQOPtE/LhYdzU="},"indexInfo":{"baseKey":"BYIvFsMYTCcYZZ3oJKfgf7xSQCikqszbkp3QBT2gYngt","baseKeyType":1,"closed":-1,"used":1753402359283,"created":1753402359283,"remoteIdentityKey":"BaCUwFjgZVTO/dKZs9fiZNxlyF3Re8+/tu9QgFDsqVcX"},"_chains":{"BZMoXo4hlTpdtKW5v6nFU6ntFKyIzkgzGtergTS7VW1J":{"chainKey":{"counter":0,"key":"P3JRGpBh4vnoZak9Y7cHfS+CWrbMEA8tEz+Y50JMNac="},"chainType":1,"messageKeys":{}}},"pendingPreKey":{"signedKeyId":1,"baseKey":"BYIvFsMYTCcYZZ3oJKfgf7xSQCikqszbkp3QBT2gYngt"}}},"version":"v1"}