{"_sessions":{"Bel3uCaudRBwdzRmRKJKewwG1qpqC0zEhumyJJ+WeV1l":{"registrationId":1437203394,"currentRatchet":{"ephemeralKeyPair":{"pubKey":"BRpV+P0yCSE8R6BEVlbmPKg+S0OcAotBjNHS7gJJEp9U","privKey":"APli00qARnimbd8BwW4cKoWciaNftKV3MqT6iguSX2A="},"lastRemoteEphemeralKey":"BYO8/5rf2JvxzuCYnfPqmDd6PhJB39MR7JSeHWzADjpa","previousCounter":0,"rootKey":"ReZqEvTSpkF/PzfjXiw6JgZl454uAOgTSiH2ZCViXSo="},"indexInfo":{"baseKey":"Bel3uCaudRBwdzRmRKJKewwG1qpqC0zEhumyJJ+WeV1l","baseKeyType":1,"closed":-1,"used":1753402360019,"created":1753402360019,"remoteIdentityKey":"BUzUDIyFcMo3T/yhMuLOFdCnoQaEcbTy7zMsE6BIrCcP"},"_chains":{"BRpV+P0yCSE8R6BEVlbmPKg+S0OcAotBjNHS7gJJEp9U":{"chainKey":{"counter":0,"key":"ZHWDpSyphw3S2IRcAabZAKbs7SViAXvslPH5Y+QquOo="},"chainType":1,"messageKeys":{}}},"pendingPreKey":{"signedKeyId":7,"baseKey":"Bel3uCaudRBwdzRmRKJKewwG1qpqC0zEhumyJJ+WeV1l","preKeyId":1496863}}},"version":"v1"}