{"_sessions":{"BQ6dBOryMc/Ed4m7vEh+rk0hQklxzGuYitmrkVH/E6YN":{"registrationId":167872299,"currentRatchet":{"ephemeralKeyPair":{"pubKey":"BfjYqyGpenbQ8jDZNbJsraCAhzPwOuHHOoQqItTxRzdZ","privKey":"ePD0SdBFFkEb8deqhSKpxSil2bOFdOSXc1+KycMzL14="},"lastRemoteEphemeralKey":"Bcu+vNSdEROoaCOe6PxMqttqR5udqAM6Z2jYj8CQUc55","previousCounter":0,"rootKey":"Cf60jcT2zqP3CrZnXm1cfHxC7bwJ/7s1cTruckqOM5g="},"indexInfo":{"baseKey":"BQ6dBOryMc/Ed4m7vEh+rk0hQklxzGuYitmrkVH/E6YN","baseKeyType":1,"closed":-1,"used":1753402359916,"created":1753402359916,"remoteIdentityKey":"BZRk9526PgSk0DXyR73mV5a0AzdItFBqqQo2IVEcOQZf"},"_chains":{"BfjYqyGpenbQ8jDZNbJsraCAhzPwOuHHOoQqItTxRzdZ":{"chainKey":{"counter":0,"key":"biyBv0fWkZEi3YCuBmZRWXMCgXUzdMbx3hfwO/WRzBY="},"chainType":1,"messageKeys":{}}},"pendingPreKey":{"signedKeyId":0,"baseKey":"BQ6dBOryMc/Ed4m7vEh+rk0hQklxzGuYitmrkVH/E6YN"}}},"version":"v1"}