{"_sessions":{"BXNoFkJmxBAyeZPUJ+NMZYIUD8Br7DSNP9SU8WFlQ2M3":{"registrationId":1102638913,"currentRatchet":{"ephemeralKeyPair":{"pubKey":"BaX2C3qR88TJQMAgQwup3A2A1/VGS7AwQ4YBMCvFMKNa","privKey":"oMQt3BzSwGC6ZOhJS4kLiJW2voVQop1+Ro37bF8MzE8="},"lastRemoteEphemeralKey":"BcGV4L2qPOt4eQ6TY+WJy6pWYC/5oap1wX3K9YCIQAIs","previousCounter":0,"rootKey":"uQWiDGljbKWfZNFOS2zS0xWyESQ97md+4OgnlmvHQq4="},"indexInfo":{"baseKey":"BXNoFkJmxBAyeZPUJ+NMZYIUD8Br7DSNP9SU8WFlQ2M3","baseKeyType":1,"closed":-1,"used":1753402359506,"created":1753402359506,"remoteIdentityKey":"BcieGDXVQF+boMEW3MleBmBtyuVDrzngKrYpOXKqe/4B"},"_chains":{"BaX2C3qR88TJQMAgQwup3A2A1/VGS7AwQ4YBMCvFMKNa":{"chainKey":{"counter":0,"key":"BJQhJmAUcgY/aXgLW72A7FAgizKJu6aDmznGijywKz0="},"chainType":1,"messageKeys":{}}},"pendingPreKey":{"signedKeyId":0,"baseKey":"BXNoFkJmxBAyeZPUJ+NMZYIUD8Br7DSNP9SU8WFlQ2M3","preKeyId":13971302}}},"version":"v1"}