{"_sessions":{"BQpbboaN7m9bBaviOZrzWMtnxnmIzc18qOrtW5hh1o58":{"registrationId":1338936095,"currentRatchet":{"ephemeralKeyPair":{"pubKey":"BRYNl/DsYEa/OBsbKefxhasRn4lmsj6CbBvMLpfUFJFX","privKey":"KBDv44M45uq7AN2QlYT8gLnXsfBkj7snnRgjGzttAE8="},"lastRemoteEphemeralKey":"BcfuqzMNesPn8sTdNCv+iUrakzxXotO9pZEalb6/mwQq","previousCounter":0,"rootKey":"uIZ3xtQLO4FssGpFzBdUGlL/yg16p7jtn7StDyhrda8="},"indexInfo":{"baseKey":"BQpbboaN7m9bBaviOZrzWMtnxnmIzc18qOrtW5hh1o58","baseKeyType":1,"closed":-1,"used":1753402359586,"created":1753402359586,"remoteIdentityKey":"BWi5+gJ2HESTQ4MthFTq9b5uL5uwkloBgNMSU6T/+NwE"},"_chains":{"BRYNl/DsYEa/OBsbKefxhasRn4lmsj6CbBvMLpfUFJFX":{"chainKey":{"counter":0,"key":"XErqH/QaZ+dUj/K4RE13mbPl+qPaysAISPXKxrcQvYY="},"chainType":1,"messageKeys":{}}},"pendingPreKey":{"signedKeyId":0,"baseKey":"BQpbboaN7m9bBaviOZrzWMtnxnmIzc18qOrtW5hh1o58"}}},"version":"v1"}