{"_sessions":{"BWEO+ll6TTRrz3xfgvZtji3g+q+7FgJrzuoO2T7/aXlM":{"registrationId":1940200300,"currentRatchet":{"ephemeralKeyPair":{"pubKey":"BQJYPS0P3AQDbkQhF1roVxUt1H5f82McnGyaDtfgWzMk","privKey":"wAO0qRvbbRJPlYnJn771gpqTi7JqZuP6Sa3mhOMxInc="},"lastRemoteEphemeralKey":"BVgTELRJc9OH+SJIiRm3m3Fhp0351BCD/tK94G4jkk8m","previousCounter":0,"rootKey":"stniDRI1EANy/Gh5jNBrvo/VsR36UXkm9kxwkC+XB2U="},"indexInfo":{"baseKey":"BWEO+ll6TTRrz3xfgvZtji3g+q+7FgJrzuoO2T7/aXlM","baseKeyType":1,"closed":-1,"used":1753402359996,"created":1753402359996,"remoteIdentityKey":"BcgsBeWHqnHLLNrwMD9glehdc5HXbuXq4kd3nhyQvTFZ"},"_chains":{"BQJYPS0P3AQDbkQhF1roVxUt1H5f82McnGyaDtfgWzMk":{"chainKey":{"counter":0,"key":"uJjvWQbE3pmhd1/8C3qqQVa4pcpTIAuB5FWLB8/3miA="},"chainType":1,"messageKeys":{}}},"pendingPreKey":{"signedKeyId":8,"baseKey":"BWEO+ll6TTRrz3xfgvZtji3g+q+7FgJrzuoO2T7/aXlM","preKeyId":2674078}}},"version":"v1"}