{"_sessions":{"Ba4zTc3qFRvERX5oIqEB4+KrAKhMxt9BjSqBXYIsUhoZ":{"registrationId":552199121,"currentRatchet":{"ephemeralKeyPair":{"pubKey":"BbbnmCXiGtIeIEg+G0LWg3FfPVowF54lVBHrms5+iHkJ","privKey":"gCleacvRJR57AHafJ+jQPD1udG77CkAe4R+B1w2Fgl4="},"lastRemoteEphemeralKey":"BTzvxvFysOwyv3sR8XB4S7kiXGbXeR2xuU/AJ1urPN8z","previousCounter":0,"rootKey":"yxlhRakxRKmga61KXjvK+VsJ1AiAmDz8z/kO8Myf2Hw="},"indexInfo":{"baseKey":"Ba4zTc3qFRvERX5oIqEB4+KrAKhMxt9BjSqBXYIsUhoZ","baseKeyType":1,"closed":-1,"used":1753402359602,"created":1753402359602,"remoteIdentityKey":"BeWcl/hJn1fuMPxehtTLpF2eUFxPRElXC7PoMIFzmm4I"},"_chains":{"BbbnmCXiGtIeIEg+G0LWg3FfPVowF54lVBHrms5+iHkJ":{"chainKey":{"counter":0,"key":"iO8ilkIFU0AlHOdiHjsxKDkvDZqtV9sjj4ldWlpb8ZA="},"chainType":1,"messageKeys":{}}},"pendingPreKey":{"signedKeyId":2,"baseKey":"Ba4zTc3qFRvERX5oIqEB4+KrAKhMxt9BjSqBXYIsUhoZ"}}},"version":"v1"}