{"_sessions":{"BWAWCrMAcyvsD+/bpWBPUOfR5heHUbjqdsVlDFsV0sBs":{"registrationId":1302100580,"currentRatchet":{"ephemeralKeyPair":{"pubKey":"Ba8Lci1/BHKiu/QWUOHPEwMBPebEROpTAtEzQx1J218n","privKey":"APnpdMKh9EkEHp55VI6X0GXWJSQ739VFZbosKVKxyH4="},"lastRemoteEphemeralKey":"BcTQuuoXVH5PGXEFCsySEAUN43xGPvrB7lS2WA5T2lAR","previousCounter":0,"rootKey":"ViacBYkq1iioumhK900yS7FUHSSD5zPAk/l2cE/kQpQ="},"indexInfo":{"baseKey":"BWAWCrMAcyvsD+/bpWBPUOfR5heHUbjqdsVlDFsV0sBs","baseKeyType":1,"closed":-1,"used":1753402360213,"created":1753402360213,"remoteIdentityKey":"BUuZMjJ1OgHJUYqGeVZM9rCuI14564xW1Cn61o63LsVH"},"_chains":{"Ba8Lci1/BHKiu/QWUOHPEwMBPebEROpTAtEzQx1J218n":{"chainKey":{"counter":0,"key":"LgMBJpEbwAb8UBlEUBBolgqHcXZbxun4R7QUUjpdd54="},"chainType":1,"messageKeys":{}}},"pendingPreKey":{"signedKeyId":5,"baseKey":"BWAWCrMAcyvsD+/bpWBPUOfR5heHUbjqdsVlDFsV0sBs","preKeyId":10420120}}},"version":"v1"}