{"_sessions":{"BV4O0P+dYDDfBL8c4JtLl2bn5kthoZqIClq6C4jiHOF3":{"registrationId":40007377,"currentRatchet":{"ephemeralKeyPair":{"pubKey":"BUHrfTDCn7+5ezy73OGsyacs7luLaW7N5EzMQkeHHiI0","privKey":"MFZXsB7zB/UrkjrsDg++28j+5rIw42xttKx29frY1VU="},"lastRemoteEphemeralKey":"BfFZ7PuxVcjWV/bAzBh21ro7oxZk9QviqWtWKUaAPkFa","previousCounter":0,"rootKey":"NmaNMZDpTBnoEFMCJubjTcPPQHlA0quvfKNngdH+2bU="},"indexInfo":{"baseKey":"BV4O0P+dYDDfBL8c4JtLl2bn5kthoZqIClq6C4jiHOF3","baseKeyType":1,"closed":-1,"used":1753402360373,"created":1753402360373,"remoteIdentityKey":"BQemD1rBWRSE8iu8HK4+I+AArlipJhgYeXUpcA+yJdFL"},"_chains":{"BUHrfTDCn7+5ezy73OGsyacs7luLaW7N5EzMQkeHHiI0":{"chainKey":{"counter":0,"key":"HJKrzKWDeEyqqlN0wDaGjmme3jFD635QOjsw+RjHzvc="},"chainType":1,"messageKeys":{}}},"pendingPreKey":{"signedKeyId":1,"baseKey":"BV4O0P+dYDDfBL8c4JtLl2bn5kthoZqIClq6C4jiHOF3","preKeyId":12050297}}},"version":"v1"}