{"_sessions":{"BSbV+0teuILc9kzV/YrCrwy2OcmiRX1NudBg1dVaZup3":{"registrationId":1726920945,"currentRatchet":{"ephemeralKeyPair":{"pubKey":"BX+xRNjTeInlQtk9+CwJE426qmhd+TMJxVIx/AzOyFQZ","privKey":"uG3R+fxK8LTyntu/zACH3D6+PlPE0smiIiaxyuGOJX8="},"lastRemoteEphemeralKey":"Bc39ZHNKG3gsRNNiBV74iM9gQHMYWL6gcFBZLizusERC","previousCounter":0,"rootKey":"735yxKL+kg0QWEiQgfSAGZSkbUk3Mtvwgr/3nmTC9zw="},"indexInfo":{"baseKey":"BSbV+0teuILc9kzV/YrCrwy2OcmiRX1NudBg1dVaZup3","baseKeyType":1,"closed":-1,"used":1753402359987,"created":1753402359987,"remoteIdentityKey":"BaCfM2XPCokOYHG5EI/2bTrNceoEQCnh+Sy+olqPZeRu"},"_chains":{"BX+xRNjTeInlQtk9+CwJE426qmhd+TMJxVIx/AzOyFQZ":{"chainKey":{"counter":0,"key":"7Rdvq5YlgxdvOxaMIE4pE7wDkyyujjQL5REjGyH/cyM="},"chainType":1,"messageKeys":{}}},"pendingPreKey":{"signedKeyId":44242,"baseKey":"BSbV+0teuILc9kzV/YrCrwy2OcmiRX1NudBg1dVaZup3","preKeyId":5304}}},"version":"v1"}