{"_sessions":{"BZwHh9Hm4lWhwrdyfb0NMA2ygac5F/BF7NJyFIordxEk":{"registrationId":1360879666,"currentRatchet":{"ephemeralKeyPair":{"pubKey":"BQNm6PW80STCoLoFshXUgEoBDTIZoZ25VQI8e+pgb7Ml","privKey":"sDLZ0sqgBvPv8crCHdoRkA1sy5oS/4kLNYYvDtKUvmE="},"lastRemoteEphemeralKey":"BXJ7OxYLCwJnVBUJqAPKIXPjZo2lNpadylUvEOJuHoYq","previousCounter":0,"rootKey":"xHvgcQMN4uA12gxkQNgROKpAF2O48BZw3bfsBmD58d0="},"indexInfo":{"baseKey":"BZwHh9Hm4lWhwrdyfb0NMA2ygac5F/BF7NJyFIordxEk","baseKeyType":1,"closed":-1,"used":1753402359892,"created":1753402359892,"remoteIdentityKey":"BVjBaggXtegbnNH+v/YvaqnIRAK5gQ3DgGhKuykx9hR8"},"_chains":{"BQNm6PW80STCoLoFshXUgEoBDTIZoZ25VQI8e+pgb7Ml":{"chainKey":{"counter":0,"key":"er+3nudr9SJfcr61+SKyI1xYQ5GeAYsxUg5pAPIHAQQ="},"chainType":1,"messageKeys":{}}},"pendingPreKey":{"signedKeyId":2,"baseKey":"BZwHh9Hm4lWhwrdyfb0NMA2ygac5F/BF7NJyFIordxEk","preKeyId":7428861}}},"version":"v1"}