{"_sessions":{"BQhcf0PiNNF6YtdWDZvLSCb/kWmra3ssDYKhGik6oxkb":{"registrationId":167885083,"currentRatchet":{"ephemeralKeyPair":{"pubKey":"BfiMfuzUbiEuxErNy6700CnKGefMklKQBPJS1Je0jW5z","privKey":"EN6qS5Tu8JScmpGRyd6AIdpZ8i2Cst4J2DCC+vqWz2c="},"lastRemoteEphemeralKey":"BRvPH8d3ad+xE2BNiI6aPSgBY48bJgjvrqaPKnCEm1xV","previousCounter":0,"rootKey":"F3NSP7nABOyjRh94nZqKK1/9ib2sQWAq4hhcQHC+NiU="},"indexInfo":{"baseKey":"BQhcf0PiNNF6YtdWDZvLSCb/kWmra3ssDYKhGik6oxkb","baseKeyType":1,"closed":-1,"used":1753402359593,"created":1753402359593,"remoteIdentityKey":"BawKnKENx4rxYjuA4pUrWMdVC+ZGbm1XaBTl12vl64oc"},"_chains":{"BfiMfuzUbiEuxErNy6700CnKGefMklKQBPJS1Je0jW5z":{"chainKey":{"counter":0,"key":"QY7PqmTwV5ayOjcUJizHTMEDoJQrvCLl0I0y874mH/E="},"chainType":1,"messageKeys":{}}},"pendingPreKey":{"signedKeyId":11,"baseKey":"BQhcf0PiNNF6YtdWDZvLSCb/kWmra3ssDYKhGik6oxkb","preKeyId":15848208}}},"version":"v1"}