{"_sessions":{"BUFtybk9o8iQ1cDoWFFTObbMx3CmJ+kUf7in3hjJCBwe":{"registrationId":1465398984,"currentRatchet":{"ephemeralKeyPair":{"pubKey":"Bb7mHVUkXo7C3WVIoCc8SdyqucQgbG/o4nqG52GOr4w/","privKey":"sPZQhJIvPx6tSOuboktwIX7qgkl05Z0Hmplq5Qbl0Es="},"lastRemoteEphemeralKey":"BSorYa+YLwNISaNzxSaM9zLBdCjbvDmjxRM7COFmWGJ/","previousCounter":0,"rootKey":"vneW7ZOcuVxCzssdcQxTU9KyCsn14MzOKY4ntcKf7a0="},"indexInfo":{"baseKey":"BUFtybk9o8iQ1cDoWFFTObbMx3CmJ+kUf7in3hjJCBwe","baseKeyType":1,"closed":-1,"used":1753402360385,"created":1753402360385,"remoteIdentityKey":"BUVEjiD74KEsdnVUVr2WCjBvF8TviXrLy2sYIynzZEci"},"_chains":{"Bb7mHVUkXo7C3WVIoCc8SdyqucQgbG/o4nqG52GOr4w/":{"chainKey":{"counter":0,"key":"VtrZR5PMjvMormbd7nb05VL/IjtYhunUx85S/PW7AUA="},"chainType":1,"messageKeys":{}}},"pendingPreKey":{"signedKeyId":2,"baseKey":"BUFtybk9o8iQ1cDoWFFTObbMx3CmJ+kUf7in3hjJCBwe","preKeyId":12760044}}},"version":"v1"}