{"_sessions":{"BTMcN5t3VB2Vq9Okj141j9pdGLjEgzf/pRJy0O+mSqJc":{"registrationId":133910092,"currentRatchet":{"ephemeralKeyPair":{"pubKey":"Bb4cJPqU9EG9FmUFGswoq2HnstoOaQulUtTec0vivtoO","privKey":"wMu+VKQAODBafD4XEcf07W+TaH3zxWTbAzmvtU73J38="},"lastRemoteEphemeralKey":"BUMc3qEozb+8/QDi7HoYPFJIjLUFvBWWkds28TkzZYRC","previousCounter":0,"rootKey":"x7RYCz1fiNTorUrece82A4NKCIqx+qwBXhZ3b0yE4Ps="},"indexInfo":{"baseKey":"BTMcN5t3VB2Vq9Okj141j9pdGLjEgzf/pRJy0O+mSqJc","baseKeyType":1,"closed":-1,"used":1753402359980,"created":1753402359980,"remoteIdentityKey":"BV5MZqbtHdRTKeZdCCSu27/HYZM60fQIqelB6oynYIZf"},"_chains":{"Bb4cJPqU9EG9FmUFGswoq2HnstoOaQulUtTec0vivtoO":{"chainKey":{"counter":0,"key":"0ow8PmnjstiY7GL4LGTQov40n4L1hTxdnVdape/3ZMA="},"chainType":1,"messageKeys":{}}},"pendingPreKey":{"signedKeyId":3,"baseKey":"BTMcN5t3VB2Vq9Okj141j9pdGLjEgzf/pRJy0O+mSqJc"}}},"version":"v1"}