{"_sessions":{"BXYsgALJt55q+pefRyEFEzxpUDSxawfXESrniGZa0t02":{"registrationId":27579632,"currentRatchet":{"ephemeralKeyPair":{"pubKey":"BX/nnpuulX0GqxPaUtftsLbru8qU6XHb9iPrBVcWkXIo","privKey":"6Bj7RUBevXzxPug4Uy30BvZzlNwCbmokebT5V5UPd04="},"lastRemoteEphemeralKey":"Bef4J7KLHcl1R8wlccCWNO39pD6egRO39f/IRqOaXeEd","previousCounter":0,"rootKey":"3hVyoM98vpO+vVLhlXyCXkIjNZ5lQMkCZo0Az8FJ5n8="},"indexInfo":{"baseKey":"BXYsgALJt55q+pefRyEFEzxpUDSxawfXESrniGZa0t02","baseKeyType":1,"closed":-1,"used":1753402360403,"created":1753402360403,"remoteIdentityKey":"BYdfv/twt0/uDeRuEVGhlHuVl+ca7K4HA2OiRnF4MCc9"},"_chains":{"BX/nnpuulX0GqxPaUtftsLbru8qU6XHb9iPrBVcWkXIo":{"chainKey":{"counter":0,"key":"1q5zPeIoBPqzwAw7nwBlAuSBshHBAPir2YxyX4WzVdo="},"chainType":1,"messageKeys":{}}},"pendingPreKey":{"signedKeyId":1,"baseKey":"BXYsgALJt55q+pefRyEFEzxpUDSxawfXESrniGZa0t02","preKeyId":5094237}}},"version":"v1"}