{"_sessions":{"BQgukVCuiJFYaVM4xow6lPq+P1ug4dbCf056B4p0OthB":{"registrationId":1244435772,"currentRatchet":{"ephemeralKeyPair":{"pubKey":"BbhlLFJSpWQL+U9hEDEl0Y9bVRBq64o3Uq2Le+iotwZK","privKey":"iBB5JF4qsSmx730N4DiSoNZ9UZt0WwfivzUhClWd2FQ="},"lastRemoteEphemeralKey":"BeSuD9dDwMSC6OLvkXj+WEjMyK0wCkt7z/ZyJhvcf5ZT","previousCounter":0,"rootKey":"IvVC8DvHkL6XSLVB9eYxiRJzfg7bnOPahpIK+rxge50="},"indexInfo":{"baseKey":"BQgukVCuiJFYaVM4xow6lPq+P1ug4dbCf056B4p0OthB","baseKeyType":1,"closed":-1,"used":1753402360300,"created":1753402360300,"remoteIdentityKey":"Bf/zjoLvXFzjhMOCSewyLHKB3f7rBuy5Vj2a/E/9oIZQ"},"_chains":{"BbhlLFJSpWQL+U9hEDEl0Y9bVRBq64o3Uq2Le+iotwZK":{"chainKey":{"counter":0,"key":"WSutyXnRjem3bu6luU1dmKAObZFQhcBVSplm5qRRiKU="},"chainType":1,"messageKeys":{}}},"pendingPreKey":{"signedKeyId":3,"baseKey":"BQgukVCuiJFYaVM4xow6lPq+P1ug4dbCf056B4p0OthB","preKeyId":3231727}}},"version":"v1"}