{"_sessions":{"BcJVXJm1i6VkxYT1RwGNq73/hNoO545F8hZLuOFiPkk+":{"registrationId":1546126768,"currentRatchet":{"ephemeralKeyPair":{"pubKey":"BX7Wv57xGy4vGWYwgIEcPvcdt/FxyR2uGl0/uhCAp8IS","privKey":"WHEMtbROQ7DGDaonQ7qS/26ayDq55MAvVf4lotHk7V8="},"lastRemoteEphemeralKey":"BTzIHJGOmGFLyR5qIalJuDKqzfzPtCB7IaojnOzE1iI/","previousCounter":0,"rootKey":"PY0/Q1Gq74fA8V/jx53stBxpNC6S/decCPfI8IJurBI="},"indexInfo":{"baseKey":"BcJVXJm1i6VkxYT1RwGNq73/hNoO545F8hZLuOFiPkk+","baseKeyType":1,"closed":-1,"used":1753402360179,"created":1753402360179,"remoteIdentityKey":"BckYab/Kk/eUuUc7m4hGk1KvbSAqIHb/itKfiY+/N3I9"},"_chains":{"BX7Wv57xGy4vGWYwgIEcPvcdt/FxyR2uGl0/uhCAp8IS":{"chainKey":{"counter":0,"key":"z865cQoICBcA8B5INI0Jej6cS/kcniOWgrul97Je6G0="},"chainType":1,"messageKeys":{}}},"pendingPreKey":{"signedKeyId":8,"baseKey":"BcJVXJm1i6VkxYT1RwGNq73/hNoO545F8hZLuOFiPkk+","preKeyId":13789226}}},"version":"v1"}