{"_sessions":{"BYm3EGON+jVP9coUKfbHKlU62ImN2aKxIyTfGXMMqtAO":{"registrationId":1418531064,"currentRatchet":{"ephemeralKeyPair":{"pubKey":"BT/j5VIq6KZuyquiOT01glSY1U82jEtHr3wShcTvcRRS","privKey":"sLtC0zrnlcDhXOQP1Wa3wqsnmVQfLr6eRPZ6UvmVJV8="},"lastRemoteEphemeralKey":"BazToJXiAIvQ0OmUo7NQRPEa41TtQfPd7EawVgYqvScg","previousCounter":0,"rootKey":"BvFptSutcfWvMBl2XEctqTXX3ofRYVFYcfD17ZyPqjM="},"indexInfo":{"baseKey":"BYm3EGON+jVP9coUKfbHKlU62ImN2aKxIyTfGXMMqtAO","baseKeyType":1,"closed":-1,"used":1753402360381,"created":1753402360381,"remoteIdentityKey":"BcYp6+42v0BbQGdHPxGNXTFbxi1iFCPC7xcR6pG+NIZP"},"_chains":{"BT/j5VIq6KZuyquiOT01glSY1U82jEtHr3wShcTvcRRS":{"chainKey":{"counter":0,"key":"t9pxy0vOlh06awuxMc9Us58vNNh7Q882l4yjCCrYLeY="},"chainType":1,"messageKeys":{}}},"pendingPreKey":{"signedKeyId":2,"baseKey":"BYm3EGON+jVP9coUKfbHKlU62ImN2aKxIyTfGXMMqtAO","preKeyId":14055797}}},"version":"v1"}