{"_sessions":{"Bczyjr5n2p0Wx90zzFy0IFL9O0TSIXcdJKy2Ut5qCxUK":{"registrationId":24696887,"currentRatchet":{"ephemeralKeyPair":{"pubKey":"BVwxi0cWd8k2+3b22k+4Yxy8xVmsq2PJmeuDohCRTkt5","privKey":"oOjlQ5DEnnIFhInp/ETRB8CHn4ngUzebOk4pjuWJ6Vg="},"lastRemoteEphemeralKey":"BeRnZ3h5cQqrxyAXiSIBa5HFIbr1KzXwQG16HGFkDY4n","previousCounter":0,"rootKey":"f5JfTmpmYfoIvNGcrCBNlFbvsP8MqHbzqjNbCt3MLn0="},"indexInfo":{"baseKey":"Bczyjr5n2p0Wx90zzFy0IFL9O0TSIXcdJKy2Ut5qCxUK","baseKeyType":1,"closed":-1,"used":1753402360388,"created":1753402360388,"remoteIdentityKey":"BfgIXDiUrYaoF9RauzviyAjAJTTCmgl2Q3TRUK+QN/9/"},"_chains":{"BVwxi0cWd8k2+3b22k+4Yxy8xVmsq2PJmeuDohCRTkt5":{"chainKey":{"counter":0,"key":"TBc2SzEyHnOjy7T/Ipr1C3TfOW5sod+kpHyX+ZwIyc4="},"chainType":1,"messageKeys":{}}},"pendingPreKey":{"signedKeyId":5,"baseKey":"Bczyjr5n2p0Wx90zzFy0IFL9O0TSIXcdJKy2Ut5qCxUK","preKeyId":15808181}}},"version":"v1"}