{"_sessions":{"BVJ2fzPnnocH0JiHYDGwMHoaWDOuaRoEPbDy8zba1JAR":{"registrationId":2139554364,"currentRatchet":{"ephemeralKeyPair":{"pubKey":"BUhq/4+1KR2Z8zDZ18GIhODUC4u3qC3nPmQuZqZvA1RJ","privKey":"QObSzV1zMwjPbOA+7CitiXcltfqBe6UPldFWHXDmRH8="},"lastRemoteEphemeralKey":"BaZmGZXFABC3VPfiPFTfGYDBPvs9qtIum9IQcF3caRAS","previousCounter":0,"rootKey":"22TnNfun5Q/pnDeFOIjiZfk+1vMZIN23MG8mNhX9Qww="},"indexInfo":{"baseKey":"BVJ2fzPnnocH0JiHYDGwMHoaWDOuaRoEPbDy8zba1JAR","baseKeyType":1,"closed":-1,"used":1753402359985,"created":1753402359985,"remoteIdentityKey":"Belq0axQxkkBow/flgDsMZ41eKtNQ+OpEwJzXWzvsHxJ"},"_chains":{"BUhq/4+1KR2Z8zDZ18GIhODUC4u3qC3nPmQuZqZvA1RJ":{"chainKey":{"counter":0,"key":"cknZ7pXnf41n5nHpXYVsk0dzWys1NP/saShkkF6rzUg="},"chainType":1,"messageKeys":{}}},"pendingPreKey":{"signedKeyId":3,"baseKey":"BVJ2fzPnnocH0JiHYDGwMHoaWDOuaRoEPbDy8zba1JAR","preKeyId":4017095}}},"version":"v1"}