{"_sessions":{"BRRVm5zFRblwALo0qWalvGM/qwkdSnIYMeL8NaFiFQwT":{"registrationId":1994376065,"currentRatchet":{"ephemeralKeyPair":{"pubKey":"BYdwJid0tben8XvTNjPHQbzsZZMRqoowhN+RLmVMxmMc","privKey":"iKMM3Ubq3njzqHrDEuQEjW7ZGcasTkIv5IsTj4FXG3g="},"lastRemoteEphemeralKey":"BU7MQWeNyciUt8hIPsvCaxlpN7kgyF4gFlXoGFmD2Hgi","previousCounter":0,"rootKey":"GNRz//Lg0e6t/l5RplT/JG691wswwjNyG4rM/56cjB4="},"indexInfo":{"baseKey":"BRRVm5zFRblwALo0qWalvGM/qwkdSnIYMeL8NaFiFQwT","baseKeyType":1,"closed":-1,"used":1753402359809,"created":1753402359809,"remoteIdentityKey":"BcTe8qMOb6NmWv3tK5jMg55wE3fZvPHULQa4466CjXoY"},"_chains":{"BYdwJid0tben8XvTNjPHQbzsZZMRqoowhN+RLmVMxmMc":{"chainKey":{"counter":0,"key":"OPC8CmtRQ/UrdIsEXJNeisZ3p4rd7ZL55GklFzOKc0w="},"chainType":1,"messageKeys":{}}},"pendingPreKey":{"signedKeyId":2,"baseKey":"BRRVm5zFRblwALo0qWalvGM/qwkdSnIYMeL8NaFiFQwT","preKeyId":8087466}}},"version":"v1"}