{"_sessions":{"BbkRDhrtmyChFvDrGhWGJDZ8AhPCs5pW1vkBRChakhkl":{"registrationId":927020889,"currentRatchet":{"ephemeralKeyPair":{"pubKey":"BcP7RCjJgCgTVd0cwkc4tMboZjmeDNUG7+sN2VwVMywL","privKey":"YAFc48o/mz3N8Dc9EegRaAbtViOxYCQXiMrCZvOg1n4="},"lastRemoteEphemeralKey":"BaEXn4+JA1wPrvmq+GiiW/hKc636o9ZJMQ2aADYzaMoc","previousCounter":0,"rootKey":"7vp/jfLKIq0Ei1wq/K0VQ/cLHpysjI/+BQxUYZeLCn0="},"indexInfo":{"baseKey":"BbkRDhrtmyChFvDrGhWGJDZ8AhPCs5pW1vkBRChakhkl","baseKeyType":1,"closed":-1,"used":1753402359578,"created":1753402359578,"remoteIdentityKey":"Bc9IlSBS2RIzxTwIn74Lk79nWw91A7h3KUHW9fztTjAh"},"_chains":{"BcP7RCjJgCgTVd0cwkc4tMboZjmeDNUG7+sN2VwVMywL":{"chainKey":{"counter":0,"key":"kFRfa5HgrSGfxQpQczJKHfQzNKTiOE0sQg2RUbf/43Y="},"chainType":1,"messageKeys":{}}},"pendingPreKey":{"signedKeyId":0,"baseKey":"BbkRDhrtmyChFvDrGhWGJDZ8AhPCs5pW1vkBRChakhkl","preKeyId":16482071}}},"version":"v1"}