{"_sessions":{"BZu8dNG2vOm2UMYYnu2++uMbC/H2mkvp9F1wJPsrAjZe":{"registrationId":768886994,"currentRatchet":{"ephemeralKeyPair":{"pubKey":"BQgwQaoGlK1u9WhuYdaLZpNzQlkRrPp5Iagi2vzCIIxT","privKey":"kAD8GvS6g3elQP1FYms5AROhqAs/BQ6h23j6lo8ZSnA="},"lastRemoteEphemeralKey":"BfLOqKcJtfSYdwcmL0XNHaSax7+v6icczkF1uvZ+X0tx","previousCounter":0,"rootKey":"EQv7B7/0TTgwb3UNXU73VS0oI5xLnYIoaUoR6BQ47l0="},"indexInfo":{"baseKey":"BZu8dNG2vOm2UMYYnu2++uMbC/H2mkvp9F1wJPsrAjZe","baseKeyType":2,"closed":-1,"used":1753401462896,"created":1753401462896,"remoteIdentityKey":"BZ4tLNGwjuFn/EhIGdUem9WsKqEIOqAzYgZlEdPUb8pz"},"_chains":{"BfLOqKcJtfSYdwcmL0XNHaSax7+v6icczkF1uvZ+X0tx":{"chainKey":{"counter":0,"key":"Bo51Yayz6Eqg9GIeTF7t/EZ3P48P9R0ieVgf+04BzVg="},"chainType":2,"messageKeys":{}},"BQgwQaoGlK1u9WhuYdaLZpNzQlkRrPp5Iagi2vzCIIxT":{"chainKey":{"counter":0,"key":"oGegnUoqCOoXf3qUfUWXvxX36r2hLxq9D334K9aOlx4="},"chainType":1,"messageKeys":{}}}}},"version":"v1"}