{"_sessions":{"BVTKXUf/ld9tddIILIAEFr8X5TaS3c7f0ezBHVFLaH8R":{"registrationId":2100507566,"currentRatchet":{"ephemeralKeyPair":{"pubKey":"BeN7NCmGUpb+k89X/yC6y/pUrk86kaYm8V9YJ81jceRq","privKey":"2DShD7q8vcnRSe25s3Pw1KtvhBGNuQ3KtpndMnjdamA="},"lastRemoteEphemeralKey":"BUMjHHn86Gn3WuOOxAd1fP/y42iwhJGP5IitGoUt6IYn","previousCounter":0,"rootKey":"H4//rzVKGvVEP1XPliG1it/K+zk+aLg2CDVbcdIUVCY="},"indexInfo":{"baseKey":"BVTKXUf/ld9tddIILIAEFr8X5TaS3c7f0ezBHVFLaH8R","baseKeyType":1,"closed":-1,"used":1753402359776,"created":1753402359776,"remoteIdentityKey":"BQvOsO+cdQ3tGYFuZbMPWmfPf5Gcni+X6HencplMILdD"},"_chains":{"BeN7NCmGUpb+k89X/yC6y/pUrk86kaYm8V9YJ81jceRq":{"chainKey":{"counter":0,"key":"tu21gUS7k66HlZb+i2mDMtcl95+yYbRieHDZ98p6zvU="},"chainType":1,"messageKeys":{}}},"pendingPreKey":{"signedKeyId":1,"baseKey":"BVTKXUf/ld9tddIILIAEFr8X5TaS3c7f0ezBHVFLaH8R","preKeyId":668276}}},"version":"v1"}