{"_sessions":{"BfIWIMrt/luR6bZIpiIJG5yb1tt0oeEitZoFB5peZe0g":{"registrationId":740370445,"currentRatchet":{"ephemeralKeyPair":{"pubKey":"BcUHh371CSG+AKFFmQwUYPmhNI919DWfmniXOZIldh9O","privKey":"uBQVcGw8vSxLeiwhJpO8Xohe7QGECdcOSkAXClTVNF0="},"lastRemoteEphemeralKey":"Bc30WIQVaC48DYSexan7T8frX2M93Wu11ePyctIxLRlQ","previousCounter":0,"rootKey":"QNSJ6O4vNtML23s75HXcHo1WejJCaXL1SmrLS+Eem5E="},"indexInfo":{"baseKey":"BfIWIMrt/luR6bZIpiIJG5yb1tt0oeEitZoFB5peZe0g","baseKeyType":1,"closed":-1,"used":1753402360198,"created":1753402360198,"remoteIdentityKey":"BWgrtHI/xC4rr3fac39iCoAg54W0gtWwOW47cb5Jjh5s"},"_chains":{"BcUHh371CSG+AKFFmQwUYPmhNI919DWfmniXOZIldh9O":{"chainKey":{"counter":0,"key":"5e4n4UStnAiQBgdqr0jd5BdKqY44+tg23E7NoTwaViE="},"chainType":1,"messageKeys":{}}},"pendingPreKey":{"signedKeyId":10,"baseKey":"BfIWIMrt/luR6bZIpiIJG5yb1tt0oeEitZoFB5peZe0g","preKeyId":15747598}}},"version":"v1"}