{"_sessions":{"BdM8sFclq9vIo66bRnqurrfZlsX6WPVWDr7fopuZQSdM":{"registrationId":398810337,"currentRatchet":{"ephemeralKeyPair":{"pubKey":"BVeWeTGjaDwpu8KfWiKpmBbCxDMq+Qd/OKXhxIe6ec5+","privKey":"UCJDZtSXrRaMVrMFBfTpBUEjFfKIu31zPBWjzt28Hkc="},"lastRemoteEphemeralKey":"BVhlE4a+j5rGUUNWZEFYQsbzWw9ijmNcoDycVa89q0Ij","previousCounter":0,"rootKey":"r2gTcHTcprpyqLZhyrUBh8yHHocyJpWSZHOcfro1/GI="},"indexInfo":{"baseKey":"BdM8sFclq9vIo66bRnqurrfZlsX6WPVWDr7fopuZQSdM","baseKeyType":1,"closed":-1,"used":1753402360209,"created":1753402360209,"remoteIdentityKey":"BSQ5Ry7hn29obxxmQa8fR1vva5NsAKDAZNVE2/vyFbZ+"},"_chains":{"BVeWeTGjaDwpu8KfWiKpmBbCxDMq+Qd/OKXhxIe6ec5+":{"chainKey":{"counter":0,"key":"eE+TJ2aaNQJEq3Rvm1kx5+PI0M0f57GByC6IG2k2eCY="},"chainType":1,"messageKeys":{}}},"pendingPreKey":{"signedKeyId":1,"baseKey":"BdM8sFclq9vIo66bRnqurrfZlsX6WPVWDr7fopuZQSdM","preKeyId":2695812}}},"version":"v1"}