{"_sessions":{"BcjNkPq1lGqMyYHBekYqZRkWWivVmA0tEkkjinTLLGE8":{"registrationId":1182175731,"currentRatchet":{"ephemeralKeyPair":{"pubKey":"BfPeDQS3HXUvga9bVuGA4n3FeiXOkpKUyDMVdKR2dMZB","privKey":"iNBiMMTp23iHtFUBq6BtTwrL3tuc940sKbiKZMJjN00="},"lastRemoteEphemeralKey":"BW1CYevaaCv/Hwi1Ma0DcCBe0PAZopkjk/Zv7NotwUQ6","previousCounter":0,"rootKey":"z2NEvz/F+4H+b+t2+xRgzlUpfJoSK1iEkVl5VGj37xY="},"indexInfo":{"baseKey":"BcjNkPq1lGqMyYHBekYqZRkWWivVmA0tEkkjinTLLGE8","baseKeyType":1,"closed":-1,"used":1753402360280,"created":1753402360280,"remoteIdentityKey":"BW2Ig5gkPShKY2Lnv41lhv7b8DFJPNZaVPm+9V0s8YVY"},"_chains":{"BfPeDQS3HXUvga9bVuGA4n3FeiXOkpKUyDMVdKR2dMZB":{"chainKey":{"counter":0,"key":"FyVGmcwTVbvQdEQMw4x1r0rU8iTy4PCPWBqFqrnYQzg="},"chainType":1,"messageKeys":{}}},"pendingPreKey":{"signedKeyId":13,"baseKey":"BcjNkPq1lGqMyYHBekYqZRkWWivVmA0tEkkjinTLLGE8","preKeyId":15269521}}},"version":"v1"}