{"_sessions":{"BVX06ONFLZ1+qccDMj4+JxuFuYxZMpegUis5bu7KZOhS":{"registrationId":636897535,"currentRatchet":{"ephemeralKeyPair":{"pubKey":"BRGB/ri/3A9HwMM2Tfe26ZOsM2vIZmAHfj2zphe2ooFZ","privKey":"+LcKV4Tlh3AXZjSNpBJkBbb8uElUxvIQTuPvBXRkImo="},"lastRemoteEphemeralKey":"Bazn5EnTK+j+QqQbDSdNwhObaBb83k05peMyz2AHuXdc","previousCounter":0,"rootKey":"VWC9ptr2qVUjQWzSrrn0HUGP7oepVmf/WA4ITlSEkpw="},"indexInfo":{"baseKey":"BVX06ONFLZ1+qccDMj4+JxuFuYxZMpegUis5bu7KZOhS","baseKeyType":1,"closed":-1,"used":1753402359696,"created":1753402359696,"remoteIdentityKey":"BUOb7PSN+QKpufhRqlBliqghMs9uDKcuMAIs7E2QzJco"},"_chains":{"BRGB/ri/3A9HwMM2Tfe26ZOsM2vIZmAHfj2zphe2ooFZ":{"chainKey":{"counter":0,"key":"qfg7qYXGU34YkEFPKhO5T9k2Wla9w3VYcVm1SNir9v0="},"chainType":1,"messageKeys":{}}},"pendingPreKey":{"signedKeyId":5,"baseKey":"BVX06ONFLZ1+qccDMj4+JxuFuYxZMpegUis5bu7KZOhS","preKeyId":171331}}},"version":"v1"}