{"_sessions":{"BUVTAfOlEU/+L4SsiaXBHd5VsBdZmaZaGr1USG9D7Ywo":{"registrationId":371939123,"currentRatchet":{"ephemeralKeyPair":{"pubKey":"BS7wx5keV2LjTV5mNH0vzaXTWPXWhrdKcEKuAVJSX84y","privKey":"2O78HDz3Sf9bLtwdhEhSXpPHSp79bAAOQfghldhl0lE="},"lastRemoteEphemeralKey":"BemQ3Fo9ZA+peB83Cn/Sui+4Cu5af8tmYMKUMWe8sg15","previousCounter":0,"rootKey":"7Jg7uCo91LLscNjLmvt4Qe5IHC6ROIoZBZ/nNhrL4y4="},"indexInfo":{"baseKey":"BUVTAfOlEU/+L4SsiaXBHd5VsBdZmaZaGr1USG9D7Ywo","baseKeyType":1,"closed":-1,"used":1753402359389,"created":1753402359389,"remoteIdentityKey":"BWIGDkgBrq73KWOZ0Cj0iVzjJakBLlBB7B5kRYFii3QR"},"_chains":{"BS7wx5keV2LjTV5mNH0vzaXTWPXWhrdKcEKuAVJSX84y":{"chainKey":{"counter":0,"key":"I1ZNF7/V2EZI6bQf+1fwjHjnisDtDelXKXCDhvtCdZI="},"chainType":1,"messageKeys":{}}},"pendingPreKey":{"signedKeyId":1,"baseKey":"BUVTAfOlEU/+L4SsiaXBHd5VsBdZmaZaGr1USG9D7Ywo","preKeyId":1856}}},"version":"v1"}