{"_sessions":{"BT/R904sBoOuwAGvacx1TiKimm+ehy7lJPjuKgZeAT43":{"registrationId":1708574031,"currentRatchet":{"ephemeralKeyPair":{"pubKey":"Bav3Srrc9ztFEypBuV5lFCv8Q/WgzkmteIWEhOOW4W0l","privKey":"KEuRtZUM4BRmJOngKQmoNM387ufGLr11v/HHGc4hFkI="},"lastRemoteEphemeralKey":"BTDilzjR2HqpFuL8m7OVkb5bmDu7ISl+uwRcZnQ2isVz","previousCounter":0,"rootKey":"yHR7YJn9af0KlXSBv6D/YXOLEPElCRCbUQQf7I6BMMQ="},"indexInfo":{"baseKey":"BT/R904sBoOuwAGvacx1TiKimm+ehy7lJPjuKgZeAT43","baseKeyType":1,"closed":-1,"used":1753402360302,"created":1753402360302,"remoteIdentityKey":"BZLizLw3MwOKBrcxavUb1bpuFGJ2h/pUjNiFR6qeqJZt"},"_chains":{"Bav3Srrc9ztFEypBuV5lFCv8Q/WgzkmteIWEhOOW4W0l":{"chainKey":{"counter":0,"key":"ljnYoiTZ/evnmE5QT8RInscTuBbUXrqLjpZEPVNSURo="},"chainType":1,"messageKeys":{}}},"pendingPreKey":{"signedKeyId":0,"baseKey":"BT/R904sBoOuwAGvacx1TiKimm+ehy7lJPjuKgZeAT43","preKeyId":12646605}}},"version":"v1"}