{"_sessions":{"BfcZke1BwPR8KgMCMrwrYxH3jy485/272yD2P0kZE8dJ":{"registrationId":1480855914,"currentRatchet":{"ephemeralKeyPair":{"pubKey":"BSFYIS9ErGTbgtcjJ1X18/OGON4UvQ2JHEv1+yw6r5lh","privKey":"wAaCdVs8o1KRTc+HGRS/oQGYwC7rLXFaGHobgnujGU0="},"lastRemoteEphemeralKey":"BarkTqkaWzc6kvbAZxX025R1g2XmqK8pZb/ACtr1i6cZ","previousCounter":0,"rootKey":"kmIIyytjC2JCdcTKovBovxxhBwBpV5uDXAhG6guHHgY="},"indexInfo":{"baseKey":"BfcZke1BwPR8KgMCMrwrYxH3jy485/272yD2P0kZE8dJ","baseKeyType":1,"closed":-1,"used":1753402359801,"created":1753402359801,"remoteIdentityKey":"BRCn15tEvlDlmOchv66QVx1nilJwPGqlWNeDnYBE2tEo"},"_chains":{"BSFYIS9ErGTbgtcjJ1X18/OGON4UvQ2JHEv1+yw6r5lh":{"chainKey":{"counter":0,"key":"e4lGMAHRMU2ztQ2GTjSfWDqyOnRyUgEb87Mk/8YOajA="},"chainType":1,"messageKeys":{}}},"pendingPreKey":{"signedKeyId":30,"baseKey":"BfcZke1BwPR8KgMCMrwrYxH3jy485/272yD2P0kZE8dJ","preKeyId":12164571}}},"version":"v1"}