{"_sessions":{"BT9bqFc1yBgaifDCqplviseA0g5w1AwJUKFHYwVMfrdw":{"registrationId":1542592345,"currentRatchet":{"ephemeralKeyPair":{"pubKey":"BQi9gaGvJyCBcSn4pfeRH1WBivH7f28h4B50HKvyROlG","privKey":"gAN2pGc6DkxsErP3vIlwnRb5/yQDSxpZy0LlFSD3NWU="},"lastRemoteEphemeralKey":"BcPRLmsowtpQ73oxRIgbRpHSFMr3BLOxart2mAjClBof","previousCounter":0,"rootKey":"uXlrOIEXyRYCL/IQqhNIo9mPiduAmDo6lHFsGMa+aKw="},"indexInfo":{"baseKey":"BT9bqFc1yBgaifDCqplviseA0g5w1AwJUKFHYwVMfrdw","baseKeyType":1,"closed":-1,"used":1753402360075,"created":1753402360075,"remoteIdentityKey":"BbVVVhpTLQRBN+Kaicaxs1+zyhVtvYhiGqw1r8/yoDIa"},"_chains":{"BQi9gaGvJyCBcSn4pfeRH1WBivH7f28h4B50HKvyROlG":{"chainKey":{"counter":0,"key":"DTk1fWZ+K4rEOjDq01sFbVLFHN7phzjjmTdVa33Xh3E="},"chainType":1,"messageKeys":{}}},"pendingPreKey":{"signedKeyId":2,"baseKey":"BT9bqFc1yBgaifDCqplviseA0g5w1AwJUKFHYwVMfrdw","preKeyId":8459799}}},"version":"v1"}