{"_sessions":{"BWwe1GI1L0zlVTcdbIarXG3KwCj1dW2wqKM5kFaV9Vd+":{"registrationId":351810025,"currentRatchet":{"ephemeralKeyPair":{"pubKey":"BQb9Wto93W3NNhhvkocBupVy64uyBEavmw/tqcAeGUZ2","privKey":"8No48w9NXFjIZQBpY3wzYsB8dlueF6Z/N1xIOyiAx3s="},"lastRemoteEphemeralKey":"BdP9gDagm2V93cHYsiokKgphO0YKw3pWPYSHEC17VNUH","previousCounter":0,"rootKey":"6u6+ZqR6MO42zU4ovmhv7SK3sCK3L4eQhoPdSrLA4tw="},"indexInfo":{"baseKey":"BWwe1GI1L0zlVTcdbIarXG3KwCj1dW2wqKM5kFaV9Vd+","baseKeyType":1,"closed":-1,"used":1753402359692,"created":1753402359692,"remoteIdentityKey":"BQyctI478c4GHEu6/ijr8yDXWKNYIzsd4bLtJMriYPho"},"_chains":{"BQb9Wto93W3NNhhvkocBupVy64uyBEavmw/tqcAeGUZ2":{"chainKey":{"counter":0,"key":"CjtoYricYbDjuxMZ+sNsmiGefYs8Y/TDgX+r4BaBl/g="},"chainType":1,"messageKeys":{}}},"pendingPreKey":{"signedKeyId":1,"baseKey":"BWwe1GI1L0zlVTcdbIarXG3KwCj1dW2wqKM5kFaV9Vd+","preKeyId":8708209}}},"version":"v1"}