{"_sessions":{"BQkNVoRxl0tiVMjG29BfXAWivDVINsUw5VHsjw0uKYFw":{"registrationId":1468977866,"currentRatchet":{"ephemeralKeyPair":{"pubKey":"BQdbhcJB+1XffTANVF4pRErj5P2LvCJUMtn2BYf9VCh2","privKey":"uAzmaCau/dFlucqzGfmopuDOffeN5u9UBNKNM0IG0FQ="},"lastRemoteEphemeralKey":"BSqn20rXFj3i2rADtsKLVD4GI8x7sKjEeYvNRyxnEcxa","previousCounter":0,"rootKey":"4GoQeCvut6t/Jch2m1C2fECdDbnM3HxUJrbo4407YC4="},"indexInfo":{"baseKey":"BQkNVoRxl0tiVMjG29BfXAWivDVINsUw5VHsjw0uKYFw","baseKeyType":1,"closed":-1,"used":1753402359595,"created":1753402359595,"remoteIdentityKey":"BZZHkAyOGTuH5aFrR4T9Dx7Kbi/sR1BMrPjIk7IOHDoL"},"_chains":{"BQdbhcJB+1XffTANVF4pRErj5P2LvCJUMtn2BYf9VCh2":{"chainKey":{"counter":0,"key":"kjrO1shK/Kmw+Ljg8GOpNHer/V6IiFhMqvkzIDzuEFM="},"chainType":1,"messageKeys":{}}},"pendingPreKey":{"signedKeyId":13,"baseKey":"BQkNVoRxl0tiVMjG29BfXAWivDVINsUw5VHsjw0uKYFw","preKeyId":16121637}}},"version":"v1"}