{"_sessions":{"BbB7/avoKUleYjx9sUZKMiGYoyPFbpXPzlMwmlJ/JFcC":{"registrationId":1330513382,"currentRatchet":{"ephemeralKeyPair":{"pubKey":"BaxYFmsR0JkLeWOjCKg8N6PsxkaC2hXFFLWsD2tUiK5b","privKey":"QBy7C0Tf4iwuYFHB65V+VpAYziyN56Rmxkq0IFeM9Vc="},"lastRemoteEphemeralKey":"BSHdARKvgS74oN8D4RyQbYPsfkW8plCplePBbUjDuClJ","previousCounter":0,"rootKey":"HBn2Pov0Y5IMZAlUgbxo9260LAaEihFhtun5nE+cPPM="},"indexInfo":{"baseKey":"BbB7/avoKUleYjx9sUZKMiGYoyPFbpXPzlMwmlJ/JFcC","baseKeyType":1,"closed":-1,"used":1753402359914,"created":1753402359914,"remoteIdentityKey":"BU9K6tD5evjAJ73H/k7CQWr8M3gz19T0nLV1bfCHVkQ7"},"_chains":{"BaxYFmsR0JkLeWOjCKg8N6PsxkaC2hXFFLWsD2tUiK5b":{"chainKey":{"counter":0,"key":"YGGcVxODa+DuLfu8LPrpx8sEnZv/l+BJLSBGYFbduko="},"chainType":1,"messageKeys":{}}},"pendingPreKey":{"signedKeyId":4,"baseKey":"BbB7/avoKUleYjx9sUZKMiGYoyPFbpXPzlMwmlJ/JFcC"}}},"version":"v1"}