{"_sessions":{"BV+9CnjJGZfRWto3DW6wFGAjVAw5Y21qQ/l8Lqbx8/1C":{"registrationId":2083320708,"currentRatchet":{"ephemeralKeyPair":{"pubKey":"BUEw2B5O59oljTaMZQ7sUhgMtdoL/yRChuCzmWDSttsA","privKey":"MLPhWJ19e0Y+4DzyNGy/EFomDPfztiPryfss/WS2omg="},"lastRemoteEphemeralKey":"Bf/X+IYknJeXwWCxXeG93pATJOXOgYHksK5GPVclduhT","previousCounter":0,"rootKey":"lL/Sz78oyQGg1ApPP7Ty9jkZHYye2+NLRZuOf6XCjTM="},"indexInfo":{"baseKey":"BV+9CnjJGZfRWto3DW6wFGAjVAw5Y21qQ/l8Lqbx8/1C","baseKeyType":1,"closed":-1,"used":1753402359999,"created":1753402359999,"remoteIdentityKey":"BZuujh0tfM53XJEbSi4Nch4p2S9/yH5UP0DvmZFeHasK"},"_chains":{"BUEw2B5O59oljTaMZQ7sUhgMtdoL/yRChuCzmWDSttsA":{"chainKey":{"counter":0,"key":"WyNVouHh8Hl+s8Plb3qc9RKOlEuLIH8/es2Vq5yjCt4="},"chainType":1,"messageKeys":{}}},"pendingPreKey":{"signedKeyId":6,"baseKey":"BV+9CnjJGZfRWto3DW6wFGAjVAw5Y21qQ/l8Lqbx8/1C","preKeyId":8392802}}},"version":"v1"}