{"_sessions":{"Bfn3zaA60ZxHUQfKb4V3MiYJqQ/KM5GETuSwuFEzLlUD":{"registrationId":1369891939,"currentRatchet":{"ephemeralKeyPair":{"pubKey":"BaFf930cU9miWakKTvlLt4+GARAI+J+1XSH/QNAqGutW","privKey":"4CGFUruPo7sNpETsBlMg3Lpsz71ApJVlRcOiCCyUFnA="},"lastRemoteEphemeralKey":"BV+413O3ZWfbclNpPZORWJD8Fq3mzS8OlKklyIXV/mZ3","previousCounter":0,"rootKey":"MWbVhjLOA/F3LSDdiB+2qZ70C0ESAGtf7ogDDKdVKKU="},"indexInfo":{"baseKey":"Bfn3zaA60ZxHUQfKb4V3MiYJqQ/KM5GETuSwuFEzLlUD","baseKeyType":1,"closed":-1,"used":1753402359688,"created":1753402359688,"remoteIdentityKey":"BedL3hay7rGguPvamS0zFJtTh1f5EqgGQrbylL1YI9tv"},"_chains":{"BaFf930cU9miWakKTvlLt4+GARAI+J+1XSH/QNAqGutW":{"chainKey":{"counter":0,"key":"Xo2f2jRE/f/aA6tb8T+G+4GWi7eFcp93h4cA8be1PEo="},"chainType":1,"messageKeys":{}}},"pendingPreKey":{"signedKeyId":9,"baseKey":"Bfn3zaA60ZxHUQfKb4V3MiYJqQ/KM5GETuSwuFEzLlUD","preKeyId":749369}}},"version":"v1"}