{"_sessions":{"BUJlDKbmhD9wxar7/qaaEsS5GSO3mVbyMmqMqwSit0sC":{"registrationId":1148459790,"currentRatchet":{"ephemeralKeyPair":{"pubKey":"BYTpSsvmZtVSfH1Uc4aLYPnZwM00EYg5rMvmojh19vBr","privKey":"ABo5Xk7tmlS3uqhjbQNdq68C3NVAUerI+Ff+a2+2QVE="},"lastRemoteEphemeralKey":"BcfRFrb3te+LhP1PZPXoqWXHjWrI3y8wn4NV8PgY3pQg","previousCounter":0,"rootKey":"wBRrBq50KMevnPDwncGviYfJyVQ1EfAcUejD73yUo/I="},"indexInfo":{"baseKey":"BUJlDKbmhD9wxar7/qaaEsS5GSO3mVbyMmqMqwSit0sC","baseKeyType":1,"closed":-1,"used":1753402360008,"created":1753402360008,"remoteIdentityKey":"BRID1W58o1HGrYLETOFPvQJ6bwQxc8PZjzSOqaaCZ2xV"},"_chains":{"BYTpSsvmZtVSfH1Uc4aLYPnZwM00EYg5rMvmojh19vBr":{"chainKey":{"counter":0,"key":"KXWUzig7c5S3LfxI8KbFGyJmP8HAv5voFXlhqyJpZCY="},"chainType":1,"messageKeys":{}}},"pendingPreKey":{"signedKeyId":2652952,"baseKey":"BUJlDKbmhD9wxar7/qaaEsS5GSO3mVbyMmqMqwSit0sC"}}},"version":"v1"}