{"_sessions":{"BZDuNdNwEZHE/nPV7Ub85YtTOzkwEEbj4fdg8XaF1PgM":{"registrationId":1956578041,"currentRatchet":{"ephemeralKeyPair":{"pubKey":"BReaTWdB5Xxx5mLIJumiw5C6ZWYVhUEIDyVgcDh3XIUp","privKey":"kAL2NlY0wIzqcO9sl8O5tLd4yzDX3rMop0mPpiL76Vo="},"lastRemoteEphemeralKey":"BeyYg7CiXE9o3V6zLlq+N/CMngOrMFiD1ttvag8V4pcf","previousCounter":0,"rootKey":"ccKR38EruzYKY1aw0+Yj/2oZbC2eZPWvpF8x8vhirqg="},"indexInfo":{"baseKey":"BZDuNdNwEZHE/nPV7Ub85YtTOzkwEEbj4fdg8XaF1PgM","baseKeyType":1,"closed":-1,"used":1753402359818,"created":1753402359818,"remoteIdentityKey":"BU1BeVEvoABYVY9XBxrWXl6h78v+lRhPOhYlmQBchN86"},"_chains":{"BReaTWdB5Xxx5mLIJumiw5C6ZWYVhUEIDyVgcDh3XIUp":{"chainKey":{"counter":0,"key":"vLnRS/t3kyu/9LV8A3+WGPsQ5yfG3j42tklap1V+R/E="},"chainType":1,"messageKeys":{}}},"pendingPreKey":{"signedKeyId":1,"baseKey":"BZDuNdNwEZHE/nPV7Ub85YtTOzkwEEbj4fdg8XaF1PgM","preKeyId":4907356}}},"version":"v1"}