{"_sessions":{"Bc6cL6qkkLfnHmm80VIvkrHmrlPk/I8nJWSiXXqxfysQ":{"registrationId":650108183,"currentRatchet":{"ephemeralKeyPair":{"pubKey":"BYWYajhOc50x+3Kxh2QMqxV4pqIPSuTr7h455rg2iMgb","privKey":"6ImAT+aQqjta0MX10L11eDjAnxewQSarYbLhnOPfeHQ="},"lastRemoteEphemeralKey":"BRHrO5YQiZ05e2SAC/ZHfj21YOG3eB0Z1883eL+7mkgr","previousCounter":0,"rootKey":"qwrMbxYKhKVYw7QDDjFeQyeGSnmGg6jIGK+Gdi/j6ic="},"indexInfo":{"baseKey":"Bc6cL6qkkLfnHmm80VIvkrHmrlPk/I8nJWSiXXqxfysQ","baseKeyType":1,"closed":-1,"used":1753402360304,"created":1753402360304,"remoteIdentityKey":"BZyYQDzC3Ot9Qqs25DugxE7CTNA8ZbP3QjGaYPxPfa9h"},"_chains":{"BYWYajhOc50x+3Kxh2QMqxV4pqIPSuTr7h455rg2iMgb":{"chainKey":{"counter":0,"key":"vXW1JkLMQa3lfNQT6y6cH7I03pdh8SMs4kO2f81vRDk="},"chainType":1,"messageKeys":{}}},"pendingPreKey":{"signedKeyId":21,"baseKey":"Bc6cL6qkkLfnHmm80VIvkrHmrlPk/I8nJWSiXXqxfysQ","preKeyId":2496444}}},"version":"v1"}