{"_sessions":{"BZVC5XM2waTtdsMkV5yVn140jP4wXPK1e3Sax2tShcAi":{"registrationId":1288826643,"currentRatchet":{"ephemeralKeyPair":{"pubKey":"BY+cslaiY/I5wzRTWhPPTo7jTfXLTuygl6Qx3n9JQM11","privKey":"OOQLcfHbqYYLTdFf9se2A5YqIPFjSA+HUsDXUpqKqEA="},"lastRemoteEphemeralKey":"BVOGbHkQ7vvjM3trbeM+yB5C2Zthv2S7ztqs/NE2HkMs","previousCounter":0,"rootKey":"rub598U+VprMv1QWZTIkZcgq5Z0UMFQiuRYS6iRCDbU="},"indexInfo":{"baseKey":"BZVC5XM2waTtdsMkV5yVn140jP4wXPK1e3Sax2tShcAi","baseKeyType":1,"closed":-1,"used":1753402359504,"created":1753402359504,"remoteIdentityKey":"BRQJDbaHRUoNn97kYjQU6gYrEBL+ix7e+/1riqz2qRl0"},"_chains":{"BY+cslaiY/I5wzRTWhPPTo7jTfXLTuygl6Qx3n9JQM11":{"chainKey":{"counter":0,"key":"55NkFVdoRm716TqxcFItRr7VT7Z0uYiY0Dsemp0+Thc="},"chainType":1,"messageKeys":{}}},"pendingPreKey":{"signedKeyId":9,"baseKey":"BZVC5XM2waTtdsMkV5yVn140jP4wXPK1e3Sax2tShcAi","preKeyId":13356009}}},"version":"v1"}