{"_sessions":{"Bd7RyT2Wyd2uWFifWMvr7oAzeuFwH5twiaFyQeTCfRIc":{"registrationId":62162245,"currentRatchet":{"ephemeralKeyPair":{"pubKey":"BY4o/DLBT/ujEOXnCpaZ7CsHcVJ+IyaNEzOneHAIhywb","privKey":"0KouD+dVZJenFsQsczPZVZg2NTQPqEGKtcV0thmsAHY="},"lastRemoteEphemeralKey":"BS9Nny3nj0pLvUQE3cQ9A3GIi2ptReMzkPO1TNp+8RZV","previousCounter":0,"rootKey":"3kDB/JGaVRlng7wBpE4hnoxlPalofNO21Fl2IR9kyAs="},"indexInfo":{"baseKey":"Bd7RyT2Wyd2uWFifWMvr7oAzeuFwH5twiaFyQeTCfRIc","baseKeyType":1,"closed":-1,"used":1753402359989,"created":1753402359989,"remoteIdentityKey":"BcF+3iN8X5F/zb0pnX7SWRAvasdVaTPaticWuH5gTQQo"},"_chains":{"BY4o/DLBT/ujEOXnCpaZ7CsHcVJ+IyaNEzOneHAIhywb":{"chainKey":{"counter":0,"key":"JItIHSlLtc3LKDsF5xAx9z9Z3IFqppjsxWsBtb+6PR4="},"chainType":1,"messageKeys":{}}},"pendingPreKey":{"signedKeyId":10,"baseKey":"Bd7RyT2Wyd2uWFifWMvr7oAzeuFwH5twiaFyQeTCfRIc","preKeyId":15174012}}},"version":"v1"}