{"_sessions":{"BYGUelF8QRQA/WA0EiWwPUOILgaFMO+gbdYRGi2WGYYa":{"registrationId":755902161,"currentRatchet":{"ephemeralKeyPair":{"pubKey":"BVSsGPJnORUsWfBl9qroP5c5whHlizBtsZ0I/H8k5HJo","privKey":"0EDA0+UAGTLwEwRknfUlxtznO1axfsyqXQxn/Tfcu10="},"lastRemoteEphemeralKey":"BVGd8oapZiKUFsAn2CRtmHjHvxrmE9TBIEtn2FHaqEo1","previousCounter":0,"rootKey":"bL8qgCT28SVsOf5DmXTe0IVJFbXRov55oj20JkAiqRo="},"indexInfo":{"baseKey":"BYGUelF8QRQA/WA0EiWwPUOILgaFMO+gbdYRGi2WGYYa","baseKeyType":1,"closed":-1,"used":1753402359917,"created":1753402359917,"remoteIdentityKey":"BbYHq1UVabxEzP/5DnSdyYdksqdRVH9iYES66PBiLJtM"},"_chains":{"BVSsGPJnORUsWfBl9qroP5c5whHlizBtsZ0I/H8k5HJo":{"chainKey":{"counter":0,"key":"MEbXqEafEDXH0K8aFBWBSNtIyEMq+IgBqvy4ioVhLTI="},"chainType":1,"messageKeys":{}}},"pendingPreKey":{"signedKeyId":0,"baseKey":"BYGUelF8QRQA/WA0EiWwPUOILgaFMO+gbdYRGi2WGYYa","preKeyId":8455641}}},"version":"v1"}