{"_sessions":{"BduDK0l1OMXXvZz0SibSMmqupOWgtRwzzFYs0qClkaER":{"registrationId":619118423,"currentRatchet":{"ephemeralKeyPair":{"pubKey":"BblwMlMnmH9jG04jj1kRVTDF1IVrDsZcprJE5IIielRz","privKey":"aKX6bD249t6v46Po/V6QnLY7hMn4rh+27u8pp2nTdVk="},"lastRemoteEphemeralKey":"BeSqQetLvEoy7Dox1VEzCRMUinpRxQPi4yEY1MAq/8dF","previousCounter":0,"rootKey":"FtFdUBPDW1nC3W10tvrpedURYtXVXHMAZ0iK5AOfFqQ="},"indexInfo":{"baseKey":"BduDK0l1OMXXvZz0SibSMmqupOWgtRwzzFYs0qClkaER","baseKeyType":1,"closed":-1,"used":1753402360077,"created":1753402360077,"remoteIdentityKey":"BSk31aUzhbh6tCoEHwePCNRMe/xd0Wjg9JenH1skdOVQ"},"_chains":{"BblwMlMnmH9jG04jj1kRVTDF1IVrDsZcprJE5IIielRz":{"chainKey":{"counter":0,"key":"v8b8WBXqj4fRfhEpfK1YEI5+UwGgFjy64HVdB4SQt5E="},"chainType":1,"messageKeys":{}}},"pendingPreKey":{"signedKeyId":2,"baseKey":"BduDK0l1OMXXvZz0SibSMmqupOWgtRwzzFYs0qClkaER","preKeyId":5359545}}},"version":"v1"}