{"_sessions":{"BSef2VnosixWf/PGjeUGFwXPwf8v+uGZSJfo/wSjXlMz":{"registrationId":680299769,"currentRatchet":{"ephemeralKeyPair":{"pubKey":"BTGfUG+l+wZZuLwW3mi/VDUWXU1gsAK4VFpqFJPvdy49","privKey":"+K0F1M7x+6wpIOkE4Z3oKGp/F5cdbSHvoe0HbUF59VE="},"lastRemoteEphemeralKey":"BeObi2671mH3a7UAEBQJcVcVAskYx/0j1fwX7xCTO581","previousCounter":0,"rootKey":"DlML4f76VX82YVFpGHZhl/a7bfkqzU6dfj8KSJV48so="},"indexInfo":{"baseKey":"BSef2VnosixWf/PGjeUGFwXPwf8v+uGZSJfo/wSjXlMz","baseKeyType":1,"closed":-1,"used":1753402359873,"created":1753402359873,"remoteIdentityKey":"BY9yy/UtqpjcxZhEvgQgnch5cN3EKr7XVaA7qIl+v1pn"},"_chains":{"BTGfUG+l+wZZuLwW3mi/VDUWXU1gsAK4VFpqFJPvdy49":{"chainKey":{"counter":0,"key":"1Q8LNIBEnYSCLkFapdPI1duErPxH2u6Dbk58t6gspD4="},"chainType":1,"messageKeys":{}}},"pendingPreKey":{"signedKeyId":1,"baseKey":"BSef2VnosixWf/PGjeUGFwXPwf8v+uGZSJfo/wSjXlMz","preKeyId":1013739}}},"version":"v1"}