{"_sessions":{"Bduz+uX+p9bKSnw1WQ/3U93AqJ7/CZfNBE0HRswhxsVi":{"registrationId":758376928,"currentRatchet":{"ephemeralKeyPair":{"pubKey":"BcYGE+xR+JHvTv60MPZNkVFeDwYFbdVtYTCKXOQARCB+","privKey":"CMrCiRRdcSPwOp6Vx9BF6NtlLTJJ/SEVhLLPhQVDlHI="},"lastRemoteEphemeralKey":"BZ0IyF76ejMqfZA20oaJS+rju9Fqc2zxmzAxXgVD8Jwr","previousCounter":0,"rootKey":"4PshVq9IsuWNp7wgB/vgLUU9jX+a87rxWDylN1mJ134="},"indexInfo":{"baseKey":"Bduz+uX+p9bKSnw1WQ/3U93AqJ7/CZfNBE0HRswhxsVi","baseKeyType":2,"closed":-1,"used":1753401549543,"created":1753401549543,"remoteIdentityKey":"BV383QUO001nzgKROQmxPrCyxlLXYg/YVsAHm0TY86oa"},"_chains":{"BZ0IyF76ejMqfZA20oaJS+rju9Fqc2zxmzAxXgVD8Jwr":{"chainKey":{"counter":0,"key":"X5RjyebdwACmJJYPDDKiPZJ8J55YI4DwEI1AQkK5a4A="},"chainType":2,"messageKeys":{}},"BcYGE+xR+JHvTv60MPZNkVFeDwYFbdVtYTCKXOQARCB+":{"chainKey":{"counter":-1,"key":"g4hkVs9Xnuy/JKgCUchEovri+80tLbnbCd9k7V4RLlw="},"chainType":1,"messageKeys":{}}}}},"version":"v1"}