{"_sessions":{"BfhsWVtXuwsYvbtIqKSCEI8xImI3bDdiXgC0piR2Y9lR":{"registrationId":1271176365,"currentRatchet":{"ephemeralKeyPair":{"pubKey":"BdCI1S+vNAgYukPnXCtwVgmfj1EP1P+FB9hKgfvzqANk","privKey":"QIacgzXNfc3EHVTf35pbkVb7dXD15i4utuYuE8iF0F4="},"lastRemoteEphemeralKey":"BbKz4E+w7MLZLruhVCWkgVqznyjglAPELJJKEzACq3xx","previousCounter":0,"rootKey":"XeEl5SiXjGm4AzzKm3j6hS0p6LJxoc3DIbz6UbPa8Ik="},"indexInfo":{"baseKey":"BfhsWVtXuwsYvbtIqKSCEI8xImI3bDdiXgC0piR2Y9lR","baseKeyType":1,"closed":-1,"used":1753402359613,"created":1753402359613,"remoteIdentityKey":"Bdkg67nTcyZ+eRBpuZg3dy/HEpkQZF/1JPXd8dC9Cd99"},"_chains":{"BdCI1S+vNAgYukPnXCtwVgmfj1EP1P+FB9hKgfvzqANk":{"chainKey":{"counter":0,"key":"f0dz6XheW8+4cYgMD0njcW/O3R1dQipfk4DlIGQaSB4="},"chainType":1,"messageKeys":{}}},"pendingPreKey":{"signedKeyId":13,"baseKey":"BfhsWVtXuwsYvbtIqKSCEI8xImI3bDdiXgC0piR2Y9lR","preKeyId":8915141}}},"version":"v1"}