{"_sessions":{"BXg33CaPjvbKsDt3k9kR5UaRNgzLNMVah1O/w7ZVrf91":{"registrationId":1654108225,"currentRatchet":{"ephemeralKeyPair":{"pubKey":"BXvNlNLMhi8Nl54CQyglebtysjW3LF/HKpzxeOvaXe9T","privKey":"IFdDnAWXZ5Lh89pyAOO6fKx8BvnJ2IiL+1tHwTp8LVM="},"lastRemoteEphemeralKey":"BXdMC5NEVTf90zQhrFXoaizNSgFa42qs8Gg+kEdd7Cot","previousCounter":0,"rootKey":"Rn35ZaifODwXkFyoZawbviGmlp49z1DsRkc5yKeH664="},"indexInfo":{"baseKey":"BXg33CaPjvbKsDt3k9kR5UaRNgzLNMVah1O/w7ZVrf91","baseKeyType":2,"closed":-1,"used":1753400668767,"created":1753400668767,"remoteIdentityKey":"BQTnSYmW94C5otEQLxhXUntG4xrfDZalOZKf6/9noiA+"},"_chains":{"BXdMC5NEVTf90zQhrFXoaizNSgFa42qs8Gg+kEdd7Cot":{"chainKey":{"counter":0,"key":"19MOm5aatKNZNuI4uvLOR9Bt7T9JJ+FaFbulUeoL4ME="},"chainType":2,"messageKeys":{}},"BXvNlNLMhi8Nl54CQyglebtysjW3LF/HKpzxeOvaXe9T":{"chainKey":{"counter":0,"key":"97y3rn3YeanfvoocMIPQEEnqbfuiYx7+vMA1zWr+Ruc="},"chainType":1,"messageKeys":{}}}}},"version":"v1"}