{"_sessions":{"BT257hr+Enr+QNLL3qMgrDPV6B0DYTPjXaTVFiSn13dW":{"registrationId":91248000,"currentRatchet":{"ephemeralKeyPair":{"pubKey":"Bbh9eec581/ChIu5ZMzHefoFT/perxrHq4RuTzxuGVN2","privKey":"yOFHnMEnvLPRy+4ndc32KuKZDvmttoaG/GFMPlQL6H0="},"lastRemoteEphemeralKey":"BbjxJAcBu/9gfRcA+9YRccO16ZbGAaHKQyCE9GRmhvES","previousCounter":0,"rootKey":"YQmp6kC8qgny0KH7famYiLnNLPN3VO59anY5mUF8vxg="},"indexInfo":{"baseKey":"BT257hr+Enr+QNLL3qMgrDPV6B0DYTPjXaTVFiSn13dW","baseKeyType":1,"closed":-1,"used":1753402360282,"created":1753402360282,"remoteIdentityKey":"BdtwL9u1HpYp4i6U5HsXggtaouuD94B5BzpiT1CznO9G"},"_chains":{"Bbh9eec581/ChIu5ZMzHefoFT/perxrHq4RuTzxuGVN2":{"chainKey":{"counter":0,"key":"MY8ZMtqlmIyYiq0r9UzoY4b5MD/wuKaZxspXJffK0d8="},"chainType":1,"messageKeys":{}}},"pendingPreKey":{"signedKeyId":4,"baseKey":"BT257hr+Enr+QNLL3qMgrDPV6B0DYTPjXaTVFiSn13dW","preKeyId":7681462}}},"version":"v1"}