{"_sessions":{"BeZuvBYlTLVg9lHlqLboqZKe0lPLCiN8j5FWRW5v19VM":{"registrationId":867354991,"currentRatchet":{"ephemeralKeyPair":{"pubKey":"BXkAT7tZDJj49oxC6mfDGeuZMaBXAXCP5XMIBB02zfIJ","privKey":"oE+d9oXiySV6ODdHC4XoPlY5reme1OFUBF0MolXJy3g="},"lastRemoteEphemeralKey":"BcAgwKI3FpNOQaKiT6CsdWhUn8I7NpQ6wMThT7k99cYi","previousCounter":0,"rootKey":"w/vFawOKIyax/XHbfRrm82n8bPAo6o9czqey6Iir7nU="},"indexInfo":{"baseKey":"BeZuvBYlTLVg9lHlqLboqZKe0lPLCiN8j5FWRW5v19VM","baseKeyType":1,"closed":-1,"used":1753402360288,"created":1753402360288,"remoteIdentityKey":"BUFdLrbjB2GhecyoREYPE89/NopsPH6Bqhyx2KL6oVU+"},"_chains":{"BXkAT7tZDJj49oxC6mfDGeuZMaBXAXCP5XMIBB02zfIJ":{"chainKey":{"counter":0,"key":"dUOytDS7axGRYu/nVTxCV1YOAM9nuYEPNs9w+9Qye84="},"chainType":1,"messageKeys":{}}},"pendingPreKey":{"signedKeyId":9,"baseKey":"BeZuvBYlTLVg9lHlqLboqZKe0lPLCiN8j5FWRW5v19VM"}}},"version":"v1"}