{"_sessions":{"BdeZOnJGmTNj8QUjk1pi+++EscB/Yu0T7FXO1ylXEawl":{"registrationId":508682833,"currentRatchet":{"ephemeralKeyPair":{"pubKey":"BUwFK6sahZ9/9rNcvwX5WtNvGAmR3F0RB10R05ud6+J+","privKey":"aNCwl33nyLKh3qoy6x3zbp2rB5CK+u4DDOD5FQIHTFc="},"lastRemoteEphemeralKey":"BZ4d8jL2vDM023wxjLgmHwGbVTxoDqdF1j4Z8IH/k0w+","previousCounter":0,"rootKey":"jpGC6LxE8pKEjsuo3LrODnIh7loAymiVEv7ADMqZHmI="},"indexInfo":{"baseKey":"BdeZOnJGmTNj8QUjk1pi+++EscB/Yu0T7FXO1ylXEawl","baseKeyType":1,"closed":-1,"used":1753402359705,"created":1753402359705,"remoteIdentityKey":"BaQDdHoaawGU7N1z4noHfBcAqpv1ku7pFZpFz1GT4N1s"},"_chains":{"BUwFK6sahZ9/9rNcvwX5WtNvGAmR3F0RB10R05ud6+J+":{"chainKey":{"counter":0,"key":"enZwTTM/+icaDcGXGTko728Gi+rKz7fphOXC72flAs4="},"chainType":1,"messageKeys":{}}},"pendingPreKey":{"signedKeyId":9,"baseKey":"BdeZOnJGmTNj8QUjk1pi+++EscB/Yu0T7FXO1ylXEawl","preKeyId":11782505}}},"version":"v1"}