{"_sessions":{"BYvn9SmMhRQX+qh43oudFOjTtup9z/7ZxWUCxvGfSdQQ":{"registrationId":1070208462,"currentRatchet":{"ephemeralKeyPair":{"pubKey":"BQKq+mWuvcI2j2gElNQlalN0att6YLUPH5SYTOcvcM4O","privKey":"yFxJHlzSITEC4QCrQGsDzOOPV6aqfYKlpOSuPp0OhlY="},"lastRemoteEphemeralKey":"BSSSPuNFuOFLVGx98CFRD7e8XDlM3QRNpuPJttFOQmFZ","previousCounter":0,"rootKey":"Pzu+d9ajnVSqR5JVwPayNag9lmcSXfEV67L7MKUaET8="},"indexInfo":{"baseKey":"BYvn9SmMhRQX+qh43oudFOjTtup9z/7ZxWUCxvGfSdQQ","baseKeyType":1,"closed":-1,"used":1753402360394,"created":1753402360394,"remoteIdentityKey":"BaPB8h37u2yYYb/h72KuPvHWU9pTCloRAxScleRKrkwY"},"_chains":{"BQKq+mWuvcI2j2gElNQlalN0att6YLUPH5SYTOcvcM4O":{"chainKey":{"counter":0,"key":"RPdEe9n2LOGjmQ7xv1dp8ibLbuEl8uYDmRNUZSXYfA0="},"chainType":1,"messageKeys":{}}},"pendingPreKey":{"signedKeyId":1,"baseKey":"BYvn9SmMhRQX+qh43oudFOjTtup9z/7ZxWUCxvGfSdQQ"}}},"version":"v1"}