{"_sessions":{"BbVgQ0NfC3gmqM0wzjK6GKRyDmb8jr2AzebWehwUwIpq":{"registrationId":54979487,"currentRatchet":{"ephemeralKeyPair":{"pubKey":"Bd7nl6YYSTY+08IDNdK7GbXLjzioUu7i0KQA4p0zCht8","privKey":"wFR2Rmzz1+a9GFg/f0R33mYU5/lS73R0lI5lzoFwDGo="},"lastRemoteEphemeralKey":"BWTEdqyjOtM8mSRhlQ1aKSNNhyTTGwlvhaRAjdsFhHoH","previousCounter":0,"rootKey":"GgjfVRNFU4fMrQzPnWFR1NGNx4Vq7LJU6KvlkSqQE+Q="},"indexInfo":{"baseKey":"BbVgQ0NfC3gmqM0wzjK6GKRyDmb8jr2AzebWehwUwIpq","baseKeyType":1,"closed":-1,"used":1753402359608,"created":1753402359608,"remoteIdentityKey":"BXbw7JPBGCS5iIPpmHa9JHm9wAa+djfsVNW2x3xhoQlt"},"_chains":{"Bd7nl6YYSTY+08IDNdK7GbXLjzioUu7i0KQA4p0zCht8":{"chainKey":{"counter":0,"key":"y1fiHv9LDNZFZKM3358Lpl2gFsAKGf02AWKihMvFY0Y="},"chainType":1,"messageKeys":{}}},"pendingPreKey":{"signedKeyId":4,"baseKey":"BbVgQ0NfC3gmqM0wzjK6GKRyDmb8jr2AzebWehwUwIpq","preKeyId":1912747}}},"version":"v1"}