{"_sessions":{"BXNkskHurCjWMJbftd9LK5BqYm3kSUGcJ+TvOhR+Zw8r":{"registrationId":100344696,"currentRatchet":{"ephemeralKeyPair":{"pubKey":"BYBXtJxFiGp8k+y1SczZSo4xk8XPAgOKeTRB9kbMkol0","privKey":"CHWgietb/6YbN1VcZwGqbDj9qWX4DuUJemlo4VynRn8="},"lastRemoteEphemeralKey":"BYMLUdt1jSj0h44g6kBiXiSLtzhirhUx47j4PpwTBwdz","previousCounter":0,"rootKey":"fOZM5lFALmRQ/3Rc83nSwk5+Y51K9+LsXqzM3X9DAq0="},"indexInfo":{"baseKey":"BXNkskHurCjWMJbftd9LK5BqYm3kSUGcJ+TvOhR+Zw8r","baseKeyType":1,"closed":-1,"used":1753402359512,"created":1753402359512,"remoteIdentityKey":"BXPd2w0DBK4NDNoBR3Gm825meBeJRZNqYmyTXS/qoe96"},"_chains":{"BYBXtJxFiGp8k+y1SczZSo4xk8XPAgOKeTRB9kbMkol0":{"chainKey":{"counter":0,"key":"2JcxAdLR59K3B3K6H+aS0Fgyy/RZH6XEtzy/Up/dle0="},"chainType":1,"messageKeys":{}}},"pendingPreKey":{"signedKeyId":2,"baseKey":"BXNkskHurCjWMJbftd9LK5BqYm3kSUGcJ+TvOhR+Zw8r"}}},"version":"v1"}