{"_sessions":{"Bfrgsi7/fOq+FDQsJhEVFF7VDSIuIWhqhS44PXxpFXB8":{"registrationId":1348958044,"currentRatchet":{"ephemeralKeyPair":{"pubKey":"BXAsv4zd74X0lIaJOUio95Ftc9WaGpMbJ7wh5eyEnVYt","privKey":"CBQayvWm3FFhKbqgN/BKhmoWlFHfKe4r/NYnkLHkYHA="},"lastRemoteEphemeralKey":"Bdbbig85C2LSvWphNyqqxYRkP6eBsGasdQqlHFt4NyRu","previousCounter":0,"rootKey":"stn4kfYxXaf19qFXrC5t528P+4XNKL+HygcNvtqr6iQ="},"indexInfo":{"baseKey":"Bfrgsi7/fOq+FDQsJhEVFF7VDSIuIWhqhS44PXxpFXB8","baseKeyType":1,"closed":-1,"used":1753402359192,"created":1753402359192,"remoteIdentityKey":"BfRhSoLiyGdskI34LbTlG8S4DoZtvFBk0/xhGInOPBh+"},"_chains":{"BXAsv4zd74X0lIaJOUio95Ftc9WaGpMbJ7wh5eyEnVYt":{"chainKey":{"counter":0,"key":"VfujFD0fyCCVGRbcs9+GWy01Ij0TS0PAruNXJBbUGyU="},"chainType":1,"messageKeys":{}}},"pendingPreKey":{"signedKeyId":0,"baseKey":"Bfrgsi7/fOq+FDQsJhEVFF7VDSIuIWhqhS44PXxpFXB8"}}},"version":"v1"}