{"_sessions":{"BaFNOnp3o/KLsmYHQ5LOUkPhBXe2EEzc5FYw1m0zw3Za":{"registrationId":540084760,"currentRatchet":{"ephemeralKeyPair":{"pubKey":"BdoEk9wMisriqE681+Oegavu2shslN+Rf+B5+VApsHtU","privKey":"0PslxVpMQhKyR4K/MkeviBcMlIXWQkxu1VedLyKLAkU="},"lastRemoteEphemeralKey":"BZRrnUs8po9EmTeI03fzygPfQbrA+PphS5LCd6Vd2Mp/","previousCounter":0,"rootKey":"z+dK9o7qo9PWydVDLhFZ0RutcDwBY/UUUsYxh/V4/tI="},"indexInfo":{"baseKey":"BaFNOnp3o/KLsmYHQ5LOUkPhBXe2EEzc5FYw1m0zw3Za","baseKeyType":1,"closed":-1,"used":1753402360219,"created":1753402360219,"remoteIdentityKey":"BeSN5/FJZVJAohvRHm2MlKxbKty5JRrYz40cSgiPCKd2"},"_chains":{"BdoEk9wMisriqE681+Oegavu2shslN+Rf+B5+VApsHtU":{"chainKey":{"counter":0,"key":"+HNLtpzj8g711pR0RWHrBFipl+abdNVKy4CNksI/S4I="},"chainType":1,"messageKeys":{}}},"pendingPreKey":{"signedKeyId":1,"baseKey":"BaFNOnp3o/KLsmYHQ5LOUkPhBXe2EEzc5FYw1m0zw3Za","preKeyId":13679666}}},"version":"v1"}