{"_sessions":{"Bd0ILXcHWvV8J4eWEBwutyesXurrGNQkufQb7MKm4iwP":{"registrationId":1271844682,"currentRatchet":{"ephemeralKeyPair":{"pubKey":"BXxxjPKH0Vs9HP+hk784mOaof9DbHbAjI8j7/OdgTRQE","privKey":"cDf3caT+Vrs8z89jirx/GrbLStH5RYhe46106rUdp1I="},"lastRemoteEphemeralKey":"BeH4VyX0WpiQ59x3CjUEN0j6VvPC1LbNcD/60lW7q2gY","previousCounter":0,"rootKey":"XKqNto2MStg6/UAuLQlRHsT8uZAHbfL+HffJOJ9ONr0="},"indexInfo":{"baseKey":"Bd0ILXcHWvV8J4eWEBwutyesXurrGNQkufQb7MKm4iwP","baseKeyType":1,"closed":-1,"used":1753402359683,"created":1753402359683,"remoteIdentityKey":"BQm4XyDi1iSU9UHPWOwmuOF2W+CtvMB3KO62k79K7kJs"},"_chains":{"BXxxjPKH0Vs9HP+hk784mOaof9DbHbAjI8j7/OdgTRQE":{"chainKey":{"counter":0,"key":"RXY0kwZcEPrUas08BtauEnCdR8F6RBKcpSOUnK0TL+U="},"chainType":1,"messageKeys":{}}},"pendingPreKey":{"signedKeyId":0,"baseKey":"Bd0ILXcHWvV8J4eWEBwutyesXurrGNQkufQb7MKm4iwP"}}},"version":"v1"}