{"_sessions":{"BeSICSNsu5EBtMmAV50o9bz6WEfQHzFMbX1M6ZwGTAZw":{"registrationId":1501542023,"currentRatchet":{"ephemeralKeyPair":{"pubKey":"BS24ELr6Ta7BN6Tcr+MUhv3cazisVElg23nlrT1qhSt5","privKey":"mPUswY0bxvjNDAa+X3nNgkFLlFS4tcLbaYNpia1bD1E="},"lastRemoteEphemeralKey":"Ba93NgnuKwOrzTisXz8kVd67mH/JEsNkyzqFSS0maZ9Y","previousCounter":0,"rootKey":"BtFfMGwlKtfD0adXTterGCd05wgYu51YeajiwxypiME="},"indexInfo":{"baseKey":"BeSICSNsu5EBtMmAV50o9bz6WEfQHzFMbX1M6ZwGTAZw","baseKeyType":1,"closed":-1,"used":1753402359791,"created":1753402359791,"remoteIdentityKey":"BdAqVKQG8vvxbLdBna0qakkrsrjeQDVB+PEljbzt9v97"},"_chains":{"BS24ELr6Ta7BN6Tcr+MUhv3cazisVElg23nlrT1qhSt5":{"chainKey":{"counter":0,"key":"n04AQ1QcC/INSm3kuU+Hih80BJzyCTkdB6PaINLneR4="},"chainType":1,"messageKeys":{}}},"pendingPreKey":{"signedKeyId":0,"baseKey":"BeSICSNsu5EBtMmAV50o9bz6WEfQHzFMbX1M6ZwGTAZw","preKeyId":14624344}}},"version":"v1"}