{"_sessions":{"Bb1z5HFoLti2XdbrZdRANQSDuKjnOgcAYKEjwGZOp3ky":{"registrationId":2057590204,"currentRatchet":{"ephemeralKeyPair":{"pubKey":"BSWSb+H9t/Jep2TjrPB2VEvH9uImizCo2hDJRf9qvoxM","privKey":"MORrDfLtQYhZQ3a+IMGm2nXWBxi70CeXuW4DOyUWiVo="},"lastRemoteEphemeralKey":"BSjYs3gY76K4PiUWW8idqO5nfcpxKaqbLqtPBEaQeKkM","previousCounter":0,"rootKey":"uQxvz5vZUmMbqGMYuVVoJPDJv6RSO3HpMd4Mx0VO4Rc="},"indexInfo":{"baseKey":"Bb1z5HFoLti2XdbrZdRANQSDuKjnOgcAYKEjwGZOp3ky","baseKeyType":1,"closed":-1,"used":1753402360277,"created":1753402360277,"remoteIdentityKey":"BYHT5dHN8V9gqFpdkMOq6myMPWPDIvkiYNjOgpmCAWIv"},"_chains":{"BSWSb+H9t/Jep2TjrPB2VEvH9uImizCo2hDJRf9qvoxM":{"chainKey":{"counter":0,"key":"QKxje3rqf5X8RYAzPt5ozfZ7Yx0fZP+ysFzbEmlmmX0="},"chainType":1,"messageKeys":{}}},"pendingPreKey":{"signedKeyId":3,"baseKey":"Bb1z5HFoLti2XdbrZdRANQSDuKjnOgcAYKEjwGZOp3ky","preKeyId":10189388}}},"version":"v1"}