{"_sessions":{"Bf3PTJdNBHQJsopaoWKTaRZVdqJUtyo+Pqvj9RaSvj0b":{"registrationId":1061915217,"currentRatchet":{"ephemeralKeyPair":{"pubKey":"BRb29Mf81oqzVIcOXo/f6LlaPrvIggn7FZh9fQNEoFFJ","privKey":"eDGAYFnlYqe9uKSizmfiPfn4cdC0qCgL619O0DV3P1s="},"lastRemoteEphemeralKey":"BTl5ZUFzpODFvVdcEuQvZJrL8S5uTshNUb+Vs43C0YUX","previousCounter":0,"rootKey":"nE/km4jWYOroiu4JqZZZNjp5VUvVdMHQ3WOu28gbQYs="},"indexInfo":{"baseKey":"Bf3PTJdNBHQJsopaoWKTaRZVdqJUtyo+Pqvj9RaSvj0b","baseKeyType":1,"closed":-1,"used":1753402359680,"created":1753402359680,"remoteIdentityKey":"BeTI5jLASfB0pFQFPSRMn2mFb3xVpXMca18rLD+4GDEG"},"_chains":{"BRb29Mf81oqzVIcOXo/f6LlaPrvIggn7FZh9fQNEoFFJ":{"chainKey":{"counter":0,"key":"kjcbPACSuadzYocE+6SBTgfaKp4dtB6Wg8IUDxL/bog="},"chainType":1,"messageKeys":{}}},"pendingPreKey":{"signedKeyId":2,"baseKey":"Bf3PTJdNBHQJsopaoWKTaRZVdqJUtyo+Pqvj9RaSvj0b","preKeyId":8301764}}},"version":"v1"}