{"_sessions":{"Ba3m681GZzDBVo959BSQc70X0PCKMNXNgnfuZRGMB2k5":{"registrationId":573358049,"currentRatchet":{"ephemeralKeyPair":{"pubKey":"BWIjL3RgGh3i6mKbORKDq928z8HqBG0BC1inh8jJVUJn","privKey":"KErMVSEfdmdYPe/EHALLHee2XawWFsJZJ+FiB0SOLn0="},"lastRemoteEphemeralKey":"BU95lAdAugOl1gXtRspGfP8gqCRB0erFdYa7FlhZU9hg","previousCounter":0,"rootKey":"cJMn2z0AMibrBTj37K6JBl4wWNSlH7TvjtkF7/+ap8Y="},"indexInfo":{"baseKey":"Ba3m681GZzDBVo959BSQc70X0PCKMNXNgnfuZRGMB2k5","baseKeyType":2,"closed":-1,"used":1753401478639,"created":1753401478639,"remoteIdentityKey":"BXfkUjKT4HmKf7ga51NXqyDtxwwDr3ZLB8x987lUQV8x"},"_chains":{"BU95lAdAugOl1gXtRspGfP8gqCRB0erFdYa7FlhZU9hg":{"chainKey":{"counter":0,"key":"asibRn2fJ4k5o50fPLhr/+uD8aoa0srETEUZfGSX4rA="},"chainType":2,"messageKeys":{}},"BWIjL3RgGh3i6mKbORKDq928z8HqBG0BC1inh8jJVUJn":{"chainKey":{"counter":0,"key":"ol0rEGoULLjlwDPl/Ot3xwSQqUtSuQfyPQv6263hkHM="},"chainType":1,"messageKeys":{}}}}},"version":"v1"}