{"_sessions":{"BSVUs2OM3+ohUaW7LAQW/MZR0xtb9ohBmXaGWwBgbx1d":{"registrationId":1437058549,"currentRatchet":{"ephemeralKeyPair":{"pubKey":"BR0UAU/4AfBtmapf00J9KPWUhFdGm/g0NF1DegAkQ/oC","privKey":"EOBSCe5GEOPzn3ArNEAiFhTs0jSGW3+QfQzSSjza32A="},"lastRemoteEphemeralKey":"BRZEm8cvIi4ZlCG90H+HNgnJFIrqRjy/wAo/lsgfeKZb","previousCounter":0,"rootKey":"iscjP6ZeRLqntJLLAoNfMLWIZ3fxpLlZDdMSJWtOmqk="},"indexInfo":{"baseKey":"BSVUs2OM3+ohUaW7LAQW/MZR0xtb9ohBmXaGWwBgbx1d","baseKeyType":1,"closed":-1,"used":1753402360175,"created":1753402360175,"remoteIdentityKey":"BY+CrlKjZcsuvxZEY2AijwvOTvNCKQWGluYxc95NPORR"},"_chains":{"BR0UAU/4AfBtmapf00J9KPWUhFdGm/g0NF1DegAkQ/oC":{"chainKey":{"counter":0,"key":"5j3E5pus0W8PKoREbT7PB1+SiPUGQsjHdm0e1Nxkp1c="},"chainType":1,"messageKeys":{}}},"pendingPreKey":{"signedKeyId":8,"baseKey":"BSVUs2OM3+ohUaW7LAQW/MZR0xtb9ohBmXaGWwBgbx1d","preKeyId":16067996}}},"version":"v1"}