{"_sessions":{"BcqDp2cPior2rVpBRGtVRyQgb85tX7FUkpyXlXIQmUsj":{"registrationId":199165856,"currentRatchet":{"ephemeralKeyPair":{"pubKey":"BSY05Dp7y5sjfnmnhrBUeZwq+OgXWdpW6LJlQ0ddLG8u","privKey":"MClEMS5oZuyXHvZbR2c21SohzKq5ynfnY9MRhDyj8XY="},"lastRemoteEphemeralKey":"BYEbTHtWwaKMDDT72l5sYFXnSQ4Q7u7Tsf83Jz2mECwa","previousCounter":0,"rootKey":"fRTIKIbm2HQY4i9MBL45uWw09Ytdk3GqB6pSMgJuTZA="},"indexInfo":{"baseKey":"BcqDp2cPior2rVpBRGtVRyQgb85tX7FUkpyXlXIQmUsj","baseKeyType":1,"closed":-1,"used":1753402359514,"created":1753402359514,"remoteIdentityKey":"BeBJqQZ6nqydHHg6TY4qZrvEwFlkuhDp36ni+yUdn8pk"},"_chains":{"BSY05Dp7y5sjfnmnhrBUeZwq+OgXWdpW6LJlQ0ddLG8u":{"chainKey":{"counter":0,"key":"zHzLFSO2w49qdRNzcmwaSsze+1o6VI9pg/GNXPUovq8="},"chainType":1,"messageKeys":{}}},"pendingPreKey":{"signedKeyId":11,"baseKey":"BcqDp2cPior2rVpBRGtVRyQgb85tX7FUkpyXlXIQmUsj"}}},"version":"v1"}