{"_sessions":{"BZrdx2mozh8p77DoDLZwz84+dbUt31eUzxeAZV4KY6pd":{"registrationId":42,"currentRatchet":{"ephemeralKeyPair":{"pubKey":"BYM9dELTouyEpVShPdizH1B7cJFEaqunPcZyc1j+AZou","privKey":"sPnAsD4cQ2HIdk9PFMuNOl6S4NospbQ+vp5Njy0MXXA="},"lastRemoteEphemeralKey":"BTYiIr+z6wi/3L+KBBMV1Pm52+grywYxWTOtUhi/0cgu","previousCounter":0,"rootKey":"ZgZeGKJWoroicpSkQAgljuAVNX6zow1nYdWmHJTD4q4="},"indexInfo":{"baseKey":"BZrdx2mozh8p77DoDLZwz84+dbUt31eUzxeAZV4KY6pd","baseKeyType":1,"closed":-1,"used":1753402359382,"created":1753402359382,"remoteIdentityKey":"BTDDE2tsrWAEWJ2b+pdpnmUM1vY/9CDSJZd5v2xRunUZ"},"_chains":{"BYM9dELTouyEpVShPdizH1B7cJFEaqunPcZyc1j+AZou":{"chainKey":{"counter":0,"key":"/BVvnBfZFq9cSSNIxwxwvulDDoQtU3f4MtgJDR39l/g="},"chainType":1,"messageKeys":{}}},"pendingPreKey":{"signedKeyId":1,"baseKey":"BZrdx2mozh8p77DoDLZwz84+dbUt31eUzxeAZV4KY6pd"}}},"version":"v1"}