{"_sessions":{"BQgdL0v3mHGltkN7IUW30B2AuEvd/1lI9UrzfJgVHlUl":{"registrationId":57478775,"currentRatchet":{"ephemeralKeyPair":{"pubKey":"BZFhuhJf+Dv/O0ITL8MsSuGk+hR24TLFeX2iMQUfFoQv","privKey":"0BQl2o13gfLfVYhrYOVzwnd+fQaXjX8iajWYkeoVI2o="},"lastRemoteEphemeralKey":"BTewyDnGJ5BfpTtxeJyV0YPFGogOEfbWC3ZVUUeTf4os","previousCounter":0,"rootKey":"FLt7daYIOlkSArtuJjAM2gR9yIuBZdbMbMqToe5Urz8="},"indexInfo":{"baseKey":"BQgdL0v3mHGltkN7IUW30B2AuEvd/1lI9UrzfJgVHlUl","baseKeyType":2,"closed":-1,"used":1753400918881,"created":1753400918881,"remoteIdentityKey":"Bc6yjlmPAw1EfP4v/QjQuJt6H2SZGLK4FtZNguyhoSJe"},"_chains":{"BTewyDnGJ5BfpTtxeJyV0YPFGogOEfbWC3ZVUUeTf4os":{"chainKey":{"counter":0,"key":"zFrZHagt6RHZdWqcqsNoXZE7oy2mMENJ2q/jnvY8KjI="},"chainType":2,"messageKeys":{}},"BZFhuhJf+Dv/O0ITL8MsSuGk+hR24TLFeX2iMQUfFoQv":{"chainKey":{"counter":0,"key":"SLxxwPq8gUlevONR4z8hFGPeU8YZy3K0Yz5T5d8NYeA="},"chainType":1,"messageKeys":{}}}}},"version":"v1"}