{"_sessions":{"BaycU3zG6CjipgnqZ+rJUXb1GChZhPQeIQFzdUcL044W":{"registrationId":176138578,"currentRatchet":{"ephemeralKeyPair":{"pubKey":"BTLxJtrUnW5hRoroRa/+i6dvypUdKJ0KXWSwGosjQSkM","privKey":"IN6pu4xcYy54J8fM6WpryDTJKk8qQfvpD15xBIUt0Xg="},"lastRemoteEphemeralKey":"BVGzJgkFgDz04zbne1BTuF6D6myHzB2PEAnUA06DoAVs","previousCounter":0,"rootKey":"1qqgvkmemXpGIZlzt+0VgK71J2GZfPNLetvfHa9XoU4="},"indexInfo":{"baseKey":"BaycU3zG6CjipgnqZ+rJUXb1GChZhPQeIQFzdUcL044W","baseKeyType":1,"closed":-1,"used":1753402359677,"created":1753402359677,"remoteIdentityKey":"BYvzl8jnPSvVVt9biyvhiSYqts0GXFwjB2L5d3WfdYsP"},"_chains":{"BTLxJtrUnW5hRoroRa/+i6dvypUdKJ0KXWSwGosjQSkM":{"chainKey":{"counter":0,"key":"AonvaXSYQ4wKlB7gunrf3LhY8zULyyeLxCgLhf5NnGY="},"chainType":1,"messageKeys":{}}},"pendingPreKey":{"signedKeyId":0,"baseKey":"BaycU3zG6CjipgnqZ+rJUXb1GChZhPQeIQFzdUcL044W","preKeyId":15074074}}},"version":"v1"}