{"_sessions":{"Bf8mkNYOPnG6Mg5aXMKHllmZMgHrIDwryPnH8kedD3BX":{"registrationId":1526117993,"currentRatchet":{"ephemeralKeyPair":{"pubKey":"BeDNuPutM0YH3CQhiQRGwSXsbve4+2Vz3FIY9wmp0qlv","privKey":"eIu3yVgFb3hqDoCrsx5xMR+ZNZyha1Ou7Acz/uW1C1M="},"lastRemoteEphemeralKey":"BUeT2jsU7N7rgqszPkdGhdIQPNX2mWl+fBnaY3kY9yRo","previousCounter":0,"rootKey":"APt4ivwV2aT/KaB6h+lWKUEexLlL+aVH89S8ZnZa0Oc="},"indexInfo":{"baseKey":"Bf8mkNYOPnG6Mg5aXMKHllmZMgHrIDwryPnH8kedD3BX","baseKeyType":1,"closed":-1,"used":1753402360286,"created":1753402360286,"remoteIdentityKey":"BSAcsEz5lxXLvpiilH9YQS3/UAFlUOj+3NkdJTkJHB9p"},"_chains":{"BeDNuPutM0YH3CQhiQRGwSXsbve4+2Vz3FIY9wmp0qlv":{"chainKey":{"counter":0,"key":"aF5LkiPCBh/rhfvoTQKAydqFsw4t/0I3IZdWVtA8Z/4="},"chainType":1,"messageKeys":{}}},"pendingPreKey":{"signedKeyId":0,"baseKey":"Bf8mkNYOPnG6Mg5aXMKHllmZMgHrIDwryPnH8kedD3BX","preKeyId":15145014}}},"version":"v1"}