{"_sessions":{"BaJFsWLpPU1Drgov6ASsZvz1M4RVQxWrD9SJI8PcdGhp":{"registrationId":1673746914,"currentRatchet":{"ephemeralKeyPair":{"pubKey":"BZqqoHo0s8puvSdLtG6LAf4gvw1u+sbh5L0SwcJSowMH","privKey":"sHB6G0/nItb52eGGQNwFx6BAx1ov56jt7BQCJZTnP2E="},"lastRemoteEphemeralKey":"BYFlKwJU0MVsX9fYl157NRQ4E4yNFRUdeym0tRRrA5RK","previousCounter":0,"rootKey":"lBDBR+qVySZq7V9jxcZB5cW4zShdFOQjdSb8yGLd72Q="},"indexInfo":{"baseKey":"BaJFsWLpPU1Drgov6ASsZvz1M4RVQxWrD9SJI8PcdGhp","baseKeyType":1,"closed":-1,"used":1753402359805,"created":1753402359805,"remoteIdentityKey":"Bbp1Ad3vCLCdk6r5en8cVnKwDBeVrBwlNZT8xODl3GAN"},"_chains":{"BZqqoHo0s8puvSdLtG6LAf4gvw1u+sbh5L0SwcJSowMH":{"chainKey":{"counter":0,"key":"9EGWcK7LV2w4Z0rB3tSugZRD8UWJyVNdCVdHc5+fa0k="},"chainType":1,"messageKeys":{}}},"pendingPreKey":{"signedKeyId":1,"baseKey":"BaJFsWLpPU1Drgov6ASsZvz1M4RVQxWrD9SJI8PcdGhp","preKeyId":14600590}}},"version":"v1"}