{"_sessions":{"BQ8I0ipCRoUp7sJN8b6heaiP9f6UIFRBVhYLcFtZfFlC":{"registrationId":89,"currentRatchet":{"ephemeralKeyPair":{"pubKey":"BW4+FCle+wojOvK0Tne5bjPQ3vIS497LxQGtp9hiIjk6","privKey":"qIQ16QTrowzYodoRsTMrOYgwruYnBLMUIDj/uU9fH0o="},"lastRemoteEphemeralKey":"BdPA5Jj8yNvSW0RHlWockt2QtPgUJxAmPAMqkg0igq1i","previousCounter":0,"rootKey":"OdoaunUfDsN3U8kMNu72LjRAztKrnkk2W19eZ8JTA9A="},"indexInfo":{"baseKey":"BQ8I0ipCRoUp7sJN8b6heaiP9f6UIFRBVhYLcFtZfFlC","baseKeyType":1,"closed":-1,"used":1753402359172,"created":1753402359172,"remoteIdentityKey":"BRYUwvtOeQGUj2pdAi3cPkmwGltTnOc44YK8hAEP/6VD"},"_chains":{"BW4+FCle+wojOvK0Tne5bjPQ3vIS497LxQGtp9hiIjk6":{"chainKey":{"counter":0,"key":"4efOJlsnSQRD1LqDlIRTm9MqONS85jrSkunSDCeu+Rs="},"chainType":1,"messageKeys":{}}},"pendingPreKey":{"signedKeyId":1,"baseKey":"BQ8I0ipCRoUp7sJN8b6heaiP9f6UIFRBVhYLcFtZfFlC"}}},"version":"v1"}