{"_sessions":{"BRl3xYybvkdLo09A2hE+DebeMNgsKBm41dGhVjI9EcoG":{"registrationId":1305091040,"currentRatchet":{"ephemeralKeyPair":{"pubKey":"BQ9Y1oQwEcAS5p8h9BOcl2KpR9nLbc5ThDMGvpDXeGAc","privKey":"kOJV5dAeMInowRIO1CIBJETlu3NGp6Y7pPeEEg4Uf0Q="},"lastRemoteEphemeralKey":"BVkZv56VrtCn9ufwO5+EBhLpKzCtCVnCjAdIwSUda+ov","previousCounter":0,"rootKey":"n+R2uo6SeG6fBGCywcxMcukw7LXVQHet35wXmzA7ZCM="},"indexInfo":{"baseKey":"BRl3xYybvkdLo09A2hE+DebeMNgsKBm41dGhVjI9EcoG","baseKeyType":1,"closed":-1,"used":1753402359620,"created":1753402359620,"remoteIdentityKey":"BT1WRY7zS2PLRfVHS2GU4aJ8QkdBCo1KSPAnfaSag29L"},"_chains":{"BQ9Y1oQwEcAS5p8h9BOcl2KpR9nLbc5ThDMGvpDXeGAc":{"chainKey":{"counter":0,"key":"00S8UEEPoGoMP+Ei/k1FYxjEzN2jee0v2feh6RpsrMw="},"chainType":1,"messageKeys":{}}},"pendingPreKey":{"signedKeyId":1,"baseKey":"BRl3xYybvkdLo09A2hE+DebeMNgsKBm41dGhVjI9EcoG","preKeyId":1523071}}},"version":"v1"}