{"_sessions":{"BWnl+N24//Z5AIHL2O+ZslhJL7Fi/vXo3NKUWj9CTE9y":{"registrationId":1321410669,"currentRatchet":{"ephemeralKeyPair":{"pubKey":"BU2gA/96JCnhZkVpQv7F0jNUxy4+ATVZxVoEZcBYcD8G","privKey":"6NN1v0kOoz9J9O+OeGsUpnQlwDdpk83VJ5vAQqrqc1g="},"lastRemoteEphemeralKey":"BZx5lODiu4oLXQJDXLAmQQsmq9q+B1Xau/i4uAoHixIM","previousCounter":0,"rootKey":"u+9WvWGwALSii4nneuqD+hoUgpoUikg9wcmXjoNUvq4="},"indexInfo":{"baseKey":"BWnl+N24//Z5AIHL2O+ZslhJL7Fi/vXo3NKUWj9CTE9y","baseKeyType":1,"closed":-1,"used":1753402360098,"created":1753402360098,"remoteIdentityKey":"BaxOR6/4zkP41OKPnjcbu04z9qWcvhLSi9TJOYbQgno3"},"_chains":{"BU2gA/96JCnhZkVpQv7F0jNUxy4+ATVZxVoEZcBYcD8G":{"chainKey":{"counter":0,"key":"YlEGpe4ASpSua6X9RJ+FlTcjrnY4HFCZs8GMmjSFEg0="},"chainType":1,"messageKeys":{}}},"pendingPreKey":{"signedKeyId":2,"baseKey":"BWnl+N24//Z5AIHL2O+ZslhJL7Fi/vXo3NKUWj9CTE9y"}}},"version":"v1"}