{"_sessions":{"BaAS6EbjiQjAadhu29N/DZ8SPYAVEVuLgPkhAGOj4SQd":{"registrationId":726581857,"currentRatchet":{"ephemeralKeyPair":{"pubKey":"BbJSreAJvpsTXZhJu62H8i9KE5jRnoHMY5g6Xyuap9hR","privKey":"YBeCh5X7vJn8nQChECLjVbJgvgoe2HVB6e4NJyCXXGA="},"lastRemoteEphemeralKey":"BZtTueml38Qrjx7zsdgQ28EcaMde8R8yPnF5pNrU9n4N","previousCounter":0,"rootKey":"WNHgDIusncPB6nQZN+Sgm/6cplwyb38J18j+05h7YHA="},"indexInfo":{"baseKey":"BaAS6EbjiQjAadhu29N/DZ8SPYAVEVuLgPkhAGOj4SQd","baseKeyType":1,"closed":-1,"used":1753402359983,"created":1753402359983,"remoteIdentityKey":"Bap86iSKFifriy1GT1bPJdr6tZvheGhWLLS4RoHQPPJX"},"_chains":{"BbJSreAJvpsTXZhJu62H8i9KE5jRnoHMY5g6Xyuap9hR":{"chainKey":{"counter":0,"key":"RupTmqmQ7KKS1r/Nifv85gSVzECuNiCEu3/Z8VqZkok="},"chainType":1,"messageKeys":{}}},"pendingPreKey":{"signedKeyId":2,"baseKey":"BaAS6EbjiQjAadhu29N/DZ8SPYAVEVuLgPkhAGOj4SQd","preKeyId":327811}}},"version":"v1"}