{"_sessions":{"BcGKK5hAp5Kcrh7/mMmWxq3cGWUnRBm3r9wn4F7F9fsQ":{"registrationId":1228559245,"currentRatchet":{"ephemeralKeyPair":{"pubKey":"BRcGWfyQPlAsKPwjnZ+7CkWxsD+77FI5YnrNRRbuMgop","privKey":"6FsjfDPNVMBRNhM7ITN0eOX84TW/VXBsbtD+oEZLmWk="},"lastRemoteEphemeralKey":"BT1k3j/BumDmnWfRV1eAe8Zuv4LtaykawAmHwEI3fU9o","previousCounter":0,"rootKey":"7QIyV1KAwYtXdZegjckV++GUJkolo8oZLEgDWWx6RFg="},"indexInfo":{"baseKey":"BcGKK5hAp5Kcrh7/mMmWxq3cGWUnRBm3r9wn4F7F9fsQ","baseKeyType":1,"closed":-1,"used":1753402359902,"created":1753402359902,"remoteIdentityKey":"BaKUYXSzLuqYkX3LzRIqsPqlab/zz32Zb9po2KXDwHET"},"_chains":{"BRcGWfyQPlAsKPwjnZ+7CkWxsD+77FI5YnrNRRbuMgop":{"chainKey":{"counter":0,"key":"M6Ard6kPFLNdjGfMgRb5XuMzoiDyjYDlU7rzp2cau+8="},"chainType":1,"messageKeys":{}}},"pendingPreKey":{"signedKeyId":13573959,"baseKey":"BcGKK5hAp5Kcrh7/mMmWxq3cGWUnRBm3r9wn4F7F9fsQ","preKeyId":4900}}},"version":"v1"}