{"_sessions":{"BQxsLJQXhXIdb/2gWUeeCrCCXz0JH7sAGOkGRk/kb35M":{"registrationId":158,"currentRatchet":{"ephemeralKeyPair":{"pubKey":"Bdn/otnaYEauxOumd0Z96A7YSjW2ZgQYyrpyDJUksO96","privKey":"yG/8w7rbE5KEcVtOlsWU8xGeHsI+ePr8dizbEsgQQkM="},"lastRemoteEphemeralKey":"BWQuh7pjpCKl92FTYOiKE5zFX/mU1yReRnHXc5wxa+M4","previousCounter":0,"rootKey":"S+M+qLbKjHcenXgG5NQQ1AR2bjNYFLLh93KuG/Gy1bI="},"indexInfo":{"baseKey":"BQxsLJQXhXIdb/2gWUeeCrCCXz0JH7sAGOkGRk/kb35M","baseKeyType":1,"closed":-1,"used":1753402359386,"created":1753402359386,"remoteIdentityKey":"BSkkF4G6iSZzDu+bLBeUcfBeqoY/ZLG1QzkrqCXiy6dO"},"_chains":{"Bdn/otnaYEauxOumd0Z96A7YSjW2ZgQYyrpyDJUksO96":{"chainKey":{"counter":0,"key":"l1FmceldRdXhNnNZcBPYTJVpqgCqCXlwa1UwwXh7gi0="},"chainType":1,"messageKeys":{}}},"pendingPreKey":{"signedKeyId":1,"baseKey":"BQxsLJQXhXIdb/2gWUeeCrCCXz0JH7sAGOkGRk/kb35M"}}},"version":"v1"}