{"_sessions":{"BcjfGji5VCgBPp9a3QJmA+DsJViRlQoYJWowSF+m+vAa":{"registrationId":1772476305,"currentRatchet":{"ephemeralKeyPair":{"pubKey":"BRBpJW7H2LH+ZG8k38giF9n45H7/mtX8pw+cyexG19YP","privKey":"GG+Y9EdvhNacsmNtcQigVlUdB0raOP8Oan9d80WCoX8="},"lastRemoteEphemeralKey":"BW0dLMEfO/xT2f5Gt9//PqzmPSTqVJ/wM0uCT0PHJK9P","previousCounter":0,"rootKey":"b19v9JggwKXsDSevk8Het+zpoCKXgqmnrIEaaob/g4Y="},"indexInfo":{"baseKey":"BcjfGji5VCgBPp9a3QJmA+DsJViRlQoYJWowSF+m+vAa","baseKeyType":1,"closed":-1,"used":1753402360187,"created":1753402360187,"remoteIdentityKey":"BT8OZFZcoyro7HU+9H1Kn0KlDe1Zeoz9u1/UrbL5sgpK"},"_chains":{"BRBpJW7H2LH+ZG8k38giF9n45H7/mtX8pw+cyexG19YP":{"chainKey":{"counter":0,"key":"yZTTl6iRDU1spGibiaraed8dh53d3owf9ZbvTq+KNoM="},"chainType":1,"messageKeys":{}}},"pendingPreKey":{"signedKeyId":0,"baseKey":"BcjfGji5VCgBPp9a3QJmA+DsJViRlQoYJWowSF+m+vAa"}}},"version":"v1"}