{"_sessions":{"BalmVMPlyMJdr/kWLfLHA9r50gStPENPTsxk5Kv8CIUp":{"registrationId":1989965579,"currentRatchet":{"ephemeralKeyPair":{"pubKey":"BV9Xjuv85mWnfXJTHUVROvBGyaHiFPexBik/3ohLNtpq","privKey":"2NPvph0sQhIEJcf5Pb1K2oW224aEk+DIL5Xom+8aCk4="},"lastRemoteEphemeralKey":"BZQw9ZUpNcwRCe8eBketGt7hNcrYCO82sIhVlk52jrMV","previousCounter":0,"rootKey":"2qU7H/WVSAGC3WxDUgChjdstmkAc83mbLZFRgSGFxQY="},"indexInfo":{"baseKey":"BalmVMPlyMJdr/kWLfLHA9r50gStPENPTsxk5Kv8CIUp","baseKeyType":1,"closed":-1,"used":1753402359891,"created":1753402359891,"remoteIdentityKey":"BXZps4uOfOGmkgz1w0FA31ZgRWtibgy8TO0tSj32zAs5"},"_chains":{"BV9Xjuv85mWnfXJTHUVROvBGyaHiFPexBik/3ohLNtpq":{"chainKey":{"counter":0,"key":"pqIUyElCzz5YtjE1p1BoRh/cOjWx1GIr3lfCfffXKo8="},"chainType":1,"messageKeys":{}}},"pendingPreKey":{"signedKeyId":14,"baseKey":"BalmVMPlyMJdr/kWLfLHA9r50gStPENPTsxk5Kv8CIUp","preKeyId":862419}}},"version":"v1"}