{"_sessions":{"Bbhn+WtjSk4G6kP9w/zHv4Gl2u/H9fFurzcYF+POTyg+":{"registrationId":489296334,"currentRatchet":{"ephemeralKeyPair":{"pubKey":"BY/4XMky9bNZv/q8hqHT9ubu+r0n7t/K7Fjagb4/qa4k","privKey":"wL/e+Z2r4X+qhh2CxRsEswyRvjDyUQwLjMij63hoWHA="},"lastRemoteEphemeralKey":"BXFqR5US+MScuPjWs0WVM6qhy7aXSysGa8yAxFGP92cM","previousCounter":0,"rootKey":"LDCNCyvRW9X/SHCJwzkD5+89OpxKJqHTkBIli2pwdEg="},"indexInfo":{"baseKey":"Bbhn+WtjSk4G6kP9w/zHv4Gl2u/H9fFurzcYF+POTyg+","baseKeyType":1,"closed":-1,"used":1753402360196,"created":1753402360196,"remoteIdentityKey":"BV1RchX9vNPeCVjkpNOchdYV0Yr+HbIGesX9GF4byfUd"},"_chains":{"BY/4XMky9bNZv/q8hqHT9ubu+r0n7t/K7Fjagb4/qa4k":{"chainKey":{"counter":0,"key":"BVSm0E9re/cIh1q3m/OWQTHLW4gRbOUwol6LCAe/UYs="},"chainType":1,"messageKeys":{}}},"pendingPreKey":{"signedKeyId":6,"baseKey":"Bbhn+WtjSk4G6kP9w/zHv4Gl2u/H9fFurzcYF+POTyg+","preKeyId":14653000}}},"version":"v1"}