{"_sessions":{"BRK/fLbvN4GvB1mxBSkaV0WTRo0yhvqrbXt3Ik7RrlsX":{"registrationId":29599629,"currentRatchet":{"ephemeralKeyPair":{"pubKey":"BQzjyXZ++978zKkJx8K7lTohQMDMiOiVXRSjiuFk/n1j","privKey":"+AfMxV0rznWgQgA6GtIYytB6t0XRxm/4Mc3AepFvNkA="},"lastRemoteEphemeralKey":"Bd0EcfDRlYsFnFDkzTMgyPeXOmkhWfsh8nqfLCA5d3cO","previousCounter":0,"rootKey":"mZTnOLl1v1oTQJ+1FmQi/MhJvya2nsfduIJ6tvy1uWU="},"indexInfo":{"baseKey":"BRK/fLbvN4GvB1mxBSkaV0WTRo0yhvqrbXt3Ik7RrlsX","baseKeyType":1,"closed":-1,"used":1753402359911,"created":1753402359911,"remoteIdentityKey":"BVXXvH7yMV9yEyDshqAV11cFB16uoK156/8/hUxZjM0O"},"_chains":{"BQzjyXZ++978zKkJx8K7lTohQMDMiOiVXRSjiuFk/n1j":{"chainKey":{"counter":0,"key":"0XfekAUaxKsT6X9GFBXLuNwclW8BYDdjH/fEWtf5ZGo="},"chainType":1,"messageKeys":{}}},"pendingPreKey":{"signedKeyId":1,"baseKey":"BRK/fLbvN4GvB1mxBSkaV0WTRo0yhvqrbXt3Ik7RrlsX","preKeyId":1898959}}},"version":"v1"}