{"_sessions":{"BX+sa0pPoCIAdillRpRqBk1e97eUOimKryOHNsF9xDZ0":{"registrationId":1474874688,"currentRatchet":{"ephemeralKeyPair":{"pubKey":"Bb3+MV8j/43x3wlGvAKhbXR+szISNnlvUM0z8LRrjehG","privKey":"qK8ff9skiu4GgWEeFRy8ZG9pGoI1pJ+lNeOqkBJrjlk="},"lastRemoteEphemeralKey":"BdtWh/psC5n+pKlvhi7QN+fIsbVt9AlcJOLqYLAyTtsB","previousCounter":0,"rootKey":"icRiKPiwB6BRRLysHVVQbPFpsxsWObN1CKmdsKu13o0="},"indexInfo":{"baseKey":"BX+sa0pPoCIAdillRpRqBk1e97eUOimKryOHNsF9xDZ0","baseKeyType":1,"closed":-1,"used":1753402360182,"created":1753402360182,"remoteIdentityKey":"Ba6l/f5Ha8zWqFzjAb6JUJCjOIxSAWnvkNgm8R5gos8D"},"_chains":{"Bb3+MV8j/43x3wlGvAKhbXR+szISNnlvUM0z8LRrjehG":{"chainKey":{"counter":0,"key":"Jn+u3LyAByyKoPKHKlM7LII5gjvC555L02YeumbVXCQ="},"chainType":1,"messageKeys":{}}},"pendingPreKey":{"signedKeyId":2,"baseKey":"BX+sa0pPoCIAdillRpRqBk1e97eUOimKryOHNsF9xDZ0","preKeyId":10130698}}},"version":"v1"}