{"_sessions":{"BR0EDy7xQge1+Lb1TofNwIbiwKNImlPmB4/3uVaOWHlf":{"registrationId":1026871137,"currentRatchet":{"ephemeralKeyPair":{"pubKey":"BZJXQ5jObQ4RJoEZlcUdBQU3BhbsEq4tofSUaSeBQjEi","privKey":"IOlBowV1CW3Mi5GvsBroL/l+82Q8BimPXnHzMBhkpVM="},"lastRemoteEphemeralKey":"BVy39zVLHVUNzTvn/w4suNv+755J7SPDYPuzLODUv74H","previousCounter":0,"rootKey":"3j0R1UZU/CvZexl147WCOFyXgM7T8YTqo4zuONBuqbc="},"indexInfo":{"baseKey":"BR0EDy7xQge1+Lb1TofNwIbiwKNImlPmB4/3uVaOWHlf","baseKeyType":1,"closed":-1,"used":1753402360085,"created":1753402360085,"remoteIdentityKey":"BdJhYKtM3uw0lfCHE/LnIA72CqyiG06pq5uCZVCLdPxc"},"_chains":{"BZJXQ5jObQ4RJoEZlcUdBQU3BhbsEq4tofSUaSeBQjEi":{"chainKey":{"counter":0,"key":"TH7avCrnRCh4nNOM0cbASMrYdkMcf60c0aBYlGA7GPg="},"chainType":1,"messageKeys":{}}},"pendingPreKey":{"signedKeyId":0,"baseKey":"BR0EDy7xQge1+Lb1TofNwIbiwKNImlPmB4/3uVaOWHlf","preKeyId":13703457}}},"version":"v1"}