{"_sessions":{"BUg9B+U9hzbGYWmFTfiULglAvGgjea8BXdCGv2C3yTV4":{"registrationId":1738971768,"currentRatchet":{"ephemeralKeyPair":{"pubKey":"BTFtjijLIN3aB4X2B3B+cLZ1p8sEl7eNUcpNGMusjlUK","privKey":"MOUr2GY97gAEtbUwyXUTZ6t84hNiZsTnEHG3jU8SvFA="},"lastRemoteEphemeralKey":"BSou+d/flB5cRhrRZ9lpSr79AB3vvkCPpxUCBponCI4U","previousCounter":0,"rootKey":"L+QXYy2MSgIbYKrqpiXEmf0pYdbIr4pJdNvrQhPnzHs="},"indexInfo":{"baseKey":"BUg9B+U9hzbGYWmFTfiULglAvGgjea8BXdCGv2C3yTV4","baseKeyType":1,"closed":-1,"used":1753402360089,"created":1753402360089,"remoteIdentityKey":"BYaqkr4Vsa1QcJT/SZ4SoADIuOrMjegiKlQ+oQbxZnZF"},"_chains":{"BTFtjijLIN3aB4X2B3B+cLZ1p8sEl7eNUcpNGMusjlUK":{"chainKey":{"counter":0,"key":"k7sIMrN8CGSfGEy7WSYYVO89gc3uO74KeBXrFx2o/Ws="},"chainType":1,"messageKeys":{}}},"pendingPreKey":{"signedKeyId":8,"baseKey":"BUg9B+U9hzbGYWmFTfiULglAvGgjea8BXdCGv2C3yTV4","preKeyId":2156225}}},"version":"v1"}