{"_sessions":{"BQ+1VbNOtT0232hx14ISKHXaR9IOBPaF1CWHDNmEkKAA":{"registrationId":2055552061,"currentRatchet":{"ephemeralKeyPair":{"pubKey":"BVXA7rFKNNNIvlQ6wzaE8pNcQuKlKghzYz9Z2MiN1uZB","privKey":"uPP1AaXD/s3OBSnF3vm079xfw8rL7MSXK0CJowq++2A="},"lastRemoteEphemeralKey":"BXK+qdyI7zhipYtcDBKjbj5eh2qHaxjToFRoHNIgoDs6","previousCounter":0,"rootKey":"p9cEGTLu9L/aaAQumvDUWguInJgr1eQ1Omr2SvWAv1w="},"indexInfo":{"baseKey":"BQ+1VbNOtT0232hx14ISKHXaR9IOBPaF1CWHDNmEkKAA","baseKeyType":1,"closed":-1,"used":1753402360207,"created":1753402360207,"remoteIdentityKey":"BTf2wNozjArixBfbZMkLOKkvRBR2AcFxEBiGH4bl7AYp"},"_chains":{"BVXA7rFKNNNIvlQ6wzaE8pNcQuKlKghzYz9Z2MiN1uZB":{"chainKey":{"counter":0,"key":"TazHV/wW10xFkyWAyhHHa1xKKX/RpyGyvGVUN2I+s/g="},"chainType":1,"messageKeys":{}}},"pendingPreKey":{"signedKeyId":32,"baseKey":"BQ+1VbNOtT0232hx14ISKHXaR9IOBPaF1CWHDNmEkKAA","preKeyId":1717335}}},"version":"v1"}