{"_sessions":{"BVGwdY1X2iH0QRQpnaCXrQes0Fs4urBSnaGVkAUF9zM4":{"registrationId":1265127554,"currentRatchet":{"ephemeralKeyPair":{"pubKey":"BS/hlZi1xoZ4cQK8TNqXGpbmDuQfpjzLKLUoKMin+Yp3","privKey":"GEObCwIkm98vVcFNiF53zyXUYL2t5YTEquq4xKEttmo="},"lastRemoteEphemeralKey":"BRbHtqPGKGE8+upC873dKfTw9/jbow3pA1O10HRDqxBw","previousCounter":0,"rootKey":"PGHzrCrMCRznH4sH500dOUlDbpPKtyECiJCAcEYn7y0="},"indexInfo":{"baseKey":"BVGwdY1X2iH0QRQpnaCXrQes0Fs4urBSnaGVkAUF9zM4","baseKeyType":1,"closed":-1,"used":1753402360117,"created":1753402360117,"remoteIdentityKey":"BeQjUr69aWiXoTUL+q846EThe1yumVvPygW2iTl/Q1ci"},"_chains":{"BS/hlZi1xoZ4cQK8TNqXGpbmDuQfpjzLKLUoKMin+Yp3":{"chainKey":{"counter":0,"key":"9ZbPpduUCzTOtF2weQcE0LUifCWdFfbWkGLw9jnumts="},"chainType":1,"messageKeys":{}}},"pendingPreKey":{"signedKeyId":9870306,"baseKey":"BVGwdY1X2iH0QRQpnaCXrQes0Fs4urBSnaGVkAUF9zM4","preKeyId":4608}}},"version":"v1"}