{"_sessions":{"BSpK5T2/pfx09hVZ9GaTFrnsWkAEH0aexMXNWLIty8BY":{"registrationId":2118808855,"currentRatchet":{"ephemeralKeyPair":{"pubKey":"BbnDwqXxJ7QY4cYk6qGHm8wTSDBj7zqHeSn5KknVvit3","privKey":"mAYNth4aMam6UWH+8eb++BM8zoQiQBU44SrRE7z821A="},"lastRemoteEphemeralKey":"BTQv0FxZkRHIeM+teXdrsaJcjXLPjmb177wqA+i1hN1Z","previousCounter":0,"rootKey":"vSIHlw4u+Sw717brg2mA7M0d+Wz0DE4yZn3TjvH1HgQ="},"indexInfo":{"baseKey":"BSpK5T2/pfx09hVZ9GaTFrnsWkAEH0aexMXNWLIty8BY","baseKeyType":1,"closed":-1,"used":1753402360177,"created":1753402360177,"remoteIdentityKey":"BUvWa5fwUkVhhniUcr2i371kiTVpKy0QcgHZlzeaGooa"},"_chains":{"BbnDwqXxJ7QY4cYk6qGHm8wTSDBj7zqHeSn5KknVvit3":{"chainKey":{"counter":0,"key":"4azJd/b3t/NlFZ9Ct1sBuOxMARhQ/srE6779CMArpgg="},"chainType":1,"messageKeys":{}}},"pendingPreKey":{"signedKeyId":3,"baseKey":"BSpK5T2/pfx09hVZ9GaTFrnsWkAEH0aexMXNWLIty8BY","preKeyId":292400}}},"version":"v1"}