{"_sessions":{"BUorh98zbPzpvYXhbMP661S7GnYTz0uLjHgL7ArHKa5T":{"registrationId":1588921111,"currentRatchet":{"ephemeralKeyPair":{"pubKey":"BaSjbs3Le2OojMnzh14lKWclACmJo31ZoHOG/bzlIGls","privKey":"AB/dhCV7/xHr/b5W/ds1vj0xP0m8+mdmdsGtMXwZfH4="},"lastRemoteEphemeralKey":"BXeasqmw9KYwja1/MOY1Z00GeBxRlKl7gRqSyn+sf0UT","previousCounter":0,"rootKey":"+A3BlMCw1IkQj+oli/Rw5wFuzkvoMXhprc0cnQuhAGA="},"indexInfo":{"baseKey":"BUorh98zbPzpvYXhbMP661S7GnYTz0uLjHgL7ArHKa5T","baseKeyType":1,"closed":-1,"used":1753402359600,"created":1753402359600,"remoteIdentityKey":"BbtFQbO7dp42asY3KojAjt6jExjNVuAutFoNuFr3s1Jd"},"_chains":{"BaSjbs3Le2OojMnzh14lKWclACmJo31ZoHOG/bzlIGls":{"chainKey":{"counter":0,"key":"o7rtDJO2RkxBc3+zWAeXN1/WwW1h1pb3zHp9yaJQ8Bk="},"chainType":1,"messageKeys":{}}},"pendingPreKey":{"signedKeyId":1,"baseKey":"BUorh98zbPzpvYXhbMP661S7GnYTz0uLjHgL7ArHKa5T"}}},"version":"v1"}