{"_sessions":{"BfBvC/MKYbLrekNt0Sgy3z8RClkwiPUPCnUms6ckLk5g":{"registrationId":1897650761,"currentRatchet":{"ephemeralKeyPair":{"pubKey":"BRmDDZ//a1MjCXYnd9PWjUsmfqpZHyZ9gowQukbO1bpo","privKey":"GOhyEOWUpR3jZ53XgKwshexCVy22k1TKmWo6xTMbxWw="},"lastRemoteEphemeralKey":"BVjhzqbncENzqui9llZNaBOB18o5fziIj2Rm8j+QmZFZ","previousCounter":0,"rootKey":"J3OlViZtIKIvUmYEZiiyh94dig2y34mWnBHAaNcmwvE="},"indexInfo":{"baseKey":"BfBvC/MKYbLrekNt0Sgy3z8RClkwiPUPCnUms6ckLk5g","baseKeyType":1,"closed":-1,"used":1753402359582,"created":1753402359582,"remoteIdentityKey":"BbpqUrTI88kHJApVG0ApIBR6D9SCzgK9udIjYm/sgFwM"},"_chains":{"BRmDDZ//a1MjCXYnd9PWjUsmfqpZHyZ9gowQukbO1bpo":{"chainKey":{"counter":0,"key":"CyCP//YLP/Jb8/a0VbXDNEyPoHNsoVrEIKpB4mRvz7Y="},"chainType":1,"messageKeys":{}}},"pendingPreKey":{"signedKeyId":4,"baseKey":"BfBvC/MKYbLrekNt0Sgy3z8RClkwiPUPCnUms6ckLk5g","preKeyId":13693065}}},"version":"v1"}