{"_sessions":{"BdDg5GBNJCYRI/YUzed3l0yv3fU2QJr6J8Gm7/ieEt0f":{"registrationId":820275427,"currentRatchet":{"ephemeralKeyPair":{"pubKey":"BenA+dh2ae2SN4V3voXmUh2VKHz60WBychyitH72gCVS","privKey":"0Hk3bArhUS7dizYLpQ9hs7US/WTQL+z/3QnZX74wPko="},"lastRemoteEphemeralKey":"BVr5A+THtbAObBBQTIiGT2Ot7dLIS73s2m3voSow+khB","previousCounter":0,"rootKey":"n9aLq1rLo/qmXhPW1rfBW/nrGP2F7dd93aqIBiYKIyI="},"indexInfo":{"baseKey":"BdDg5GBNJCYRI/YUzed3l0yv3fU2QJr6J8Gm7/ieEt0f","baseKeyType":1,"closed":-1,"used":1753402360298,"created":1753402360298,"remoteIdentityKey":"BUMPVOHjwKQmfyb8tRx9TadVyQCm7tS3MT6biO+X7HQe"},"_chains":{"BenA+dh2ae2SN4V3voXmUh2VKHz60WBychyitH72gCVS":{"chainKey":{"counter":0,"key":"tD5GyIcrVH9Ha9hp28NAxc1oByHBLFxQckY/lkrFb+s="},"chainType":1,"messageKeys":{}}},"pendingPreKey":{"signedKeyId":1,"baseKey":"BdDg5GBNJCYRI/YUzed3l0yv3fU2QJr6J8Gm7/ieEt0f"}}},"version":"v1"}