{"noiseKey":{"private":{"type":"Buffer","data":"wKlGrgkifXNq5+Ep+9POFFMS0avnMQn4u7tilM96LG8="},"public":{"type":"Buffer","data":"YF4mrWC5xs9PjcnasoDpW+ASeaYDCk1gxBQi/My54G0="}},"pairingEphemeralKeyPair":{"private":{"type":"Buffer","data":"SPakNEKePTGaG00+5EA1NehxUHG6K2nNGYaBqNlcYkw="},"public":{"type":"Buffer","data":"6gpBSfJkJzrDO93fcjmS23Jalh8op18sOZTNqmtFv0Y="}},"signedIdentityKey":{"private":{"type":"Buffer","data":"aLZpS5taK0YH/kuf6FATzLEI/gnMLs2xTOu1q/ff8Gw="},"public":{"type":"Buffer","data":"xe3OAnFo/qKcCb9PZ1GWt9FDn8cmZhFLzuL7fm4PlG8="}},"signedPreKey":{"keyPair":{"private":{"type":"Buffer","data":"gPBZtBOBZO9zmjdIOu4ORcHk76xC244qHG2FEPNQyFc="},"public":{"type":"Buffer","data":"/68H8AzVC1ssDnIszwqPHec69znUFHFRF5rCXf+wEWY="}},"signature":{"type":"Buffer","data":"O5Y88InLm+ib9Bjn8a8+L08NGgohDAz+1dZYnYrsq1n7UuOWs3PFSavo0a3vNKJGGinW0ysIQCfzlETdwjBzgA=="},"keyId":1},"registrationId":184,"advSecretKey":"Uq1D3iZoqtbaw9+G1I5smMNghMVrbKAHRNSe5wq+Ozw=","processedHistoryMessages":[],"nextPreKeyId":1,"firstUnuploadedPreKeyId":1,"accountSyncCounter":0,"accountSettings":{"unarchiveChats":false},"deviceId":"GBUeKJcdROCJfrjUpPMpJA","phoneId":"968ae6e9-b29a-4ff3-baed-aff19947ba7d","identityId":{"type":"Buffer","data":"5WN6KhqLISFOzJBhfOkh1LB8pKs="},"registered":false,"backupToken":{"type":"Buffer","data":"KUWs0nvj6586sMQn8dKt4Rl7d7Y="},"registration":{},"pairingCode":"1ADSNK99","me":{"id":"93779097618@s.whatsapp.net","name":"~"}}