{"noiseKey":{"private":{"type":"Buffer","data":"6OEbJuoWvaD6ed8qyGRLKgqLLfdq3+Q5shfGeupFulk="},"public":{"type":"Buffer","data":"v00hXwvVd3f/T+FEc0X2E4M4g1GVwi4u85ZjXFp7FQQ="}},"pairingEphemeralKeyPair":{"private":{"type":"Buffer","data":"8MECP1uTxJHaQfCrdv26rPN4Sx+d83dMMKePMHzOFHI="},"public":{"type":"Buffer","data":"wz3Z9cu5rq5yLaUVbWMplxXNT5E08XO8WoZD/vDYQ14="}},"signedIdentityKey":{"private":{"type":"Buffer","data":"ONcKlyCzJYnvTf+RhYcpm9w8pUeNuQwifQorl4Ty7W4="},"public":{"type":"Buffer","data":"mkoxW+Vqexa06pRtYPG+7/mQlM8lJze7x/yI3gXBryM="}},"signedPreKey":{"keyPair":{"private":{"type":"Buffer","data":"KLM+I1fRGawPZtxb1s0bQcIHATSaGAl4S78jD1JM93o="},"public":{"type":"Buffer","data":"QcC3vr1KGDZX+06q+Ux0tMgCuK+n3ah3swja9PJY30o="}},"signature":{"type":"Buffer","data":"POCZJH3IgUXL+Ypy2Y34TvG/XMYHERJ45YpeBXlydI/CdHC8U/izvISatVo9azK+1OQRMWdrZppSvNp4U9WVgg=="},"keyId":1},"registrationId":158,"advSecretKey":"1PF4xTssTDLrdfAabeGcx+WlXJdrkZOv3xNQTvlfEKk=","processedHistoryMessages":[],"nextPreKeyId":1,"firstUnuploadedPreKeyId":1,"accountSyncCounter":0,"accountSettings":{"unarchiveChats":false},"deviceId":"oC25JeLLRAKYxyQy8JyN_A","phoneId":"8b7eb534-edb3-4104-b66f-fcd548d72796","identityId":{"type":"Buffer","data":"FYSopzW+t9etNInUV+LIKl7Z500="},"registered":false,"backupToken":{"type":"Buffer","data":"4GCrOCjJiBbPSj1WLWUEmKGoMV0="},"registration":{},"pairingCode":"6Y8R83SP","me":{"id":"249110685803@s.whatsapp.net","name":"~"}}