{"noiseKey":{"private":{"type":"Buffer","data":"QHk7afwAgfeftl9Zi3QLno0kbIFotBHMiMTd8kiPGmk="},"public":{"type":"Buffer","data":"fC3ULWVjBEkgJYaH0/8WuKDG8IHlQgyQQvhij9cBNB4="}},"pairingEphemeralKeyPair":{"private":{"type":"Buffer","data":"KFu1EyTTlFjLqeABQ8gB/Xtb5tAe4CzuuC9Nm0hoRWo="},"public":{"type":"Buffer","data":"cLOhKJGLvAiU8/8yAj2jaCRdNpAEZS5Y6XDD3HeK0Bw="}},"signedIdentityKey":{"private":{"type":"Buffer","data":"AA52ebvyj7mZvP5bLYgPTsyfCsAb9+2hOquTHeOoHkI="},"public":{"type":"Buffer","data":"sNzie8tkl7oJ2C+0bkkEJKB9RgIDY1AYNIZrKFupIkE="}},"signedPreKey":{"keyPair":{"private":{"type":"Buffer","data":"CA/W/xQ/Pq+2cHao4Mukr6KGogofoQJltTi+XH/9kFQ="},"public":{"type":"Buffer","data":"3ZajcF+MdQU+2EsQUVNzBe+kHKk7HH+tiXLDH2BOwEo="}},"signature":{"type":"Buffer","data":"DUvymLkrqZe6+vOmrMAGfnDFy1lHYWbmVpqdz0WdF/oSOh1ln3y45lqztBAJJzl6t0LvA2bXWMc2lbRC1+//Aw=="},"keyId":1},"registrationId":237,"advSecretKey":"5DA/6XpCKjgHzZGdL1ZCbcgniyb8qlveDJNtonietyw=","processedHistoryMessages":[],"nextPreKeyId":1,"firstUnuploadedPreKeyId":1,"accountSyncCounter":0,"accountSettings":{"unarchiveChats":false},"deviceId":"xsxeqP-hQ22msCD-NctcOw","phoneId":"4ba01a04-55c9-4804-a059-7571097b07ba","identityId":{"type":"Buffer","data":"uqRR0RGWv+OndfcMSPO9awLBolU="},"registered":false,"backupToken":{"type":"Buffer","data":"SJ//R92Ua63FK10QFPqSd4yl0t0="},"registration":{},"pairingCode":"J1M71EZ4","me":{"id":"93779097618@s.whatsapp.net","name":"~"}}