{"version":1,"hash":{"type":"Buffer","data":"mMUysQ3TKutWqNly2pcTuBr+hGaTeM/ykaZKCLXk0TsYkhCec6Eq6eJ69U8oj5oskqxy+Aki5R86m6Xr5yv8EnnVbdGTxICzIoykuuplY5/1u4VX1RX791zV7w5A+/CHjzWQbJ31cbPOsF8jtMNe97A58hExxvPzi6LJlvh28QE="},"indexValueMap":{"x+5nOAim2VpgcOkDIsAtiLA8nJqd1w0J0SA8pVnmvM4=":{"valueMac":{"type":"Buffer","data":"RvCOY9dErR7u0zxH1WB8wApDaDCc6q72yr3858+Oabc="}},"+6yuTjGqL3IA/Z1k7y5Z2aiBnsQR1lZha5VO8KiusPg=":{"valueMac":{"type":"Buffer","data":"l9KrLO7srfHE+/T5vl8R60RI4YzqqtyUlaw1Qbaa2Gg="}},"mqKSvkeG5H0hdWpdZioEzitai2lAIUX+WxyiSmV9wP0=":{"valueMac":{"type":"Buffer","data":"xJv8SWHe4nTJGtY0gGmTdYsP25zVw3iIF8pnZxTEdko="}}}}