{"version":1,"hash":{"type":"Buffer","data":"dBZ6nKzv9llHM3axPOfVxCamhpsWzJKQgGy5IpOS6b3cb9tpxMJ2qtnXgkQz6jijmLWMYXqKaq/3+LXi4iVlp3JFGT9FSXi8x53VV9lKmIVI8yXETbb5f+tH7BCiW2mmpxeCOZzpOqiCEf6M2ST2wohyiqicgb0qmhU90WxIMVM="},"indexValueMap":{"i+T6u/Pnfv6KADtlUq4HbO9FimYzPN7SYhzp7zS5CLk=":{"valueMac":{"type":"Buffer","data":"jdAtm8xAjymmBSNOCByLb2/oBlzGfYS6sB0WtTAH5Y0="}},"yh2hIuOFSLu2G47kJggOIiqMm9S1OALEkvWAjuwBW98=":{"valueMac":{"type":"Buffer","data":"SJ1ixKiKsd2QjxPYnw3YprAOTR5Cc0E/oyvM4uFN12w="}},"NIFzUEJ7cVv06mEmbTlGVm4JYibZzhctGvDL3t1HCng=":{"valueMac":{"type":"Buffer","data":"nPUCUnXtjIwuguFDpdl2FNNArAvHeSOoES/x+LnLvQs="}},"XXUc/HjqyDzUNP0sjTfRFpvuvkth6s6rVtqrdArpfQI=":{"valueMac":{"type":"Buffer","data":"vtKFDQC6bGxaY3eb/5UNOYqK7AS/TBcwsDDJ4meccCI="}},"ArXmRvv8oIa/nwVpetn3EIdsodUEzkcpRCda+9BzJyM=":{"valueMac":{"type":"Buffer","data":"qc60AVR37pvC9LFs5e6KfJZiCCi6AH+EePCyvEP+FMo="}},"7IaKxId78jTLfu76kk/6U3fHa1boTeuWhooTM/FgqiA=":{"valueMac":{"type":"Buffer","data":"WGHvVJ6tD7esWzsHlAJEvi2YQIMdLMnVq7agDgV8MrU="}},"6AnshB3m4T+7FF3dNLRK8up4y2DRYrnKg3bmW1LMxPY=":{"valueMac":{"type":"Buffer","data":"5Up7yWzWvyX+it6zFiLpm/gQRoVn8gGj37gkJTmhOpo="}},"Ha1BmPPMINLCE1x6OusKJMNcvPsftQhZFwgCONdNm4k=":{"valueMac":{"type":"Buffer","data":"AKOMPKObdQ8G9LzR6QaM1CzU9Eh7zNwR1xmKJfYtHKI="}},"hxmVdHIU0ww7YQATf+FOLLCqk8eMd+viRnjiZRD9tXk=":{"valueMac":{"type":"Buffer","data":"eG6nMu/HVnT4k/Srn8Q/BNYiZWPmBlLn9/tWrpmQ2Dg="}},"q4QRN1MalORzVFIJ5pMYkFxjPMB+3fy20yBptyEB/oo=":{"valueMac":{"type":"Buffer","data":"g/ykAOVPmPPeBZXJwvILPhWhm1xXQcb4JrVQGmUw1Hc="}},"6867RY1UnK0a7cWvGphTLQPzBXOFZWlo44vwlKMFYH0=":{"valueMac":{"type":"Buffer","data":"NsoZPsTcES69oQHeJH79EQa34KjO22591T7mQirrMPg="}}}}