{"version":1,"hash":{"type":"Buffer","data":"Z7r8dBFjaZhQZRShi04aes3AkFdrmJhDXLfosrTKjuptlTfybylH0R3xuS5GWrpBR5QVzQDpuYevhifmPS8s1hZT+486eklJKKShLp7yKtW1HxrRf7IrbEc6rhVryEcm8y+JaOFvl6rL02JgfV605o3HckBW9v5MpjztvxMG8O8="},"indexValueMap":{"4YeQ0r7l0441UYWH2CBZKBrQn8F49Zevpm7sMa6kix8=":{"valueMac":{"type":"Buffer","data":"Jhb4Pg0M+JfNXJ7rrvJRLSTX+A0ZUv0R0MrM/cuPC+o="}},"Z+LHq+WFsATmKrIDEtFoP2wXnc7NEbp3iCrUP1zioWo=":{"valueMac":{"type":"Buffer","data":"QYKoxH7tas/9jZOlinfnOEaRJTXUu6XUcWdkyy8D/IM="}},"Wt1ExmjGwY8rR1cks0K66fg0tK9QHTISDNh6z6mRMyk=":{"valueMac":{"type":"Buffer","data":"/HE8aJDGnGeDF1PK6jsuzimOeUSn61+Jy0RD0lGFL+g="}},"iqaVHvucQJEyEu/JXKNNkkmTF4c+5EpWe+mzj7tubp4=":{"valueMac":{"type":"Buffer","data":"EYzdZL00u9jZkSPDNB7s+D/TvceNEBlA3CWOgnwuJ5Y="}},"G33eDgvfEAxvi9b5CHGor6GUPYOWR5cVZki56tHX/OA=":{"valueMac":{"type":"Buffer","data":"aXDaSwK5r8Xl5XKwwPDjroe+uv76Ss1zC3uL+YXEP5M="}},"9XuAUoBAxfB3D/OPalk1WZJrAtEeznzAYB2Q4yonB4A=":{"valueMac":{"type":"Buffer","data":"5yT2URfLmky/AgEOKccqXYvJi6j1PbQ008WI/gQYXOM="}},"pLoTtVPyCd+eXpJ0f8k44T8jf3iYvlUqUA1UBxn0kbo=":{"valueMac":{"type":"Buffer","data":"axuybKyIjjZvIn8GS6ySqDROHOxqK9aP1vI8eXQtO10="}},"5oNJnqFQmL1vV1xHN7AzkrzdGRvE3gEWEdfO75TaXMs=":{"valueMac":{"type":"Buffer","data":"fWG6H0s+G1NwolOV/HXKsYWX7ydNG2AL3U7IXdMkHLo="}},"ENPdRvyO4B4lVG4MgXYB5hAzXmmtok+ODgjKWsbY6qo=":{"valueMac":{"type":"Buffer","data":"s8TzXo8GOXi/s/SU64vcj5r1YI5thPr3DrG/kU00kfU="}},"B+rjJzxLk+QlTqx5jcWwzim7empJ8HsdVx32oWDUY2k=":{"valueMac":{"type":"Buffer","data":"9oRqEcEAAkkC4TZDBaudkbJVVzB3aULrc7HJcufxDts="}},"ANvQUxKX9kro6A4zr5K6BIDS0rfPvgPEWzIHx0Rorjk=":{"valueMac":{"type":"Buffer","data":"16AOt2R7smhxjFPXl2INPjlZS7C5g6ApPgkqv9KrH8I="}},"GdBnXaq9ysJtjvCtJXc1r1rOh6kTtKk8hnTsILo1MXg=":{"valueMac":{"type":"Buffer","data":"22+sHCib+73aa8H+dvUsMu1lRH/NPU50v6Jdi+d0sH0="}},"NDAVvxikopDhkFL7rzozpxsLq3RlgjEEpTF++ReSV5U=":{"valueMac":{"type":"Buffer","data":"dUWYXDCOLCvWp13kyLflOq4LFVWOXuVc0DECt/qaxWo="}},"eA4/9O/Tn3Ls4brBtD+8+bsaDLtFz2GyVlWaT80CY3c=":{"valueMac":{"type":"Buffer","data":"J5WIAO4LJXQOB3aG/hS2/QBqMVdiYJKoWSCNC9AqxRM="}},"BZmtaaZY9glaCFr6UKZYR1o4U3VCMsN12hf8uwr/KUQ=":{"valueMac":{"type":"Buffer","data":"N1ip5TLqmWmko6R5dpXvZ1epqcYkDpdw4bNvu87qpb8="}},"1X3lR+QornRPjaKDq27l3t8cu3cNqQd8ZG7P8Gtrxjw=":{"valueMac":{"type":"Buffer","data":"fzXbGzCtjeIpqpOGEBDaa5q2SbRvmSVWq8qVMWqKm+Q="}},"JaU39tAb4YGzLFUgdK6+6LtHY/USdrDpwVA6m2wbw1g=":{"valueMac":{"type":"Buffer","data":"U9PTlFX/74XpH4ZgAXXPtexRHMEsILjciX46xDTi5sM="}},"QoYu1gCnsycZmbKhInnlk2Al2lhESTIGf8c8TpDxaAE=":{"valueMac":{"type":"Buffer","data":"8G46JL2DdVNsMJd2e9fMiqrkOHVPq6YS+vbiwkS92AE="}},"rhoxOCxhW0imO6TASwBgCQibrnWvzqri8vzDIfT2uNo=":{"valueMac":{"type":"Buffer","data":"/2/nplZKAhJHChTu7V7GZXmsF7iVYIT9GF1QXpzek20="}},"tJZ5NKoJd0WJl703T0PtY1ddqTU1T8SkxUcosT4HUh0=":{"valueMac":{"type":"Buffer","data":"y388bxWWj7KRj2x1apxzGI4OQeQvKpsrZgJIPgllh74="}},"dSITDmWEJFTbob2xGqgU55jrzaivZXxvcPKpfHJVBpo=":{"valueMac":{"type":"Buffer","data":"J3BaJWqfalbsDx87jS/iaCShOy6m5Cn2HAo1lOMvjhA="}},"Dv6LaYjIouXsf0vj+sc2sGo/ySYfAAzZfPOalBHyAyo=":{"valueMac":{"type":"Buffer","data":"+7+zdHH3vac7q9c0k708RIC1UXrFcWpNNSjFBVu822c="}},"6k9ltN2rcARfxAeoceX3IYzzOKsXME62Rj+2ViFpxkE=":{"valueMac":{"type":"Buffer","data":"PiETQ/mOtxMGw/Ihn9A3UejtYfyTQzht00DdtiP32SY="}},"MWKQ/2wYc5JJl1nzrLOsGA6Wyb+DSyH8D3z6ZjcGwNc=":{"valueMac":{"type":"Buffer","data":"IeoF+PJ47t2I2DXdzNEU3JIivvegkxyrJgy5bLeoi8I="}},"2HRDokoxZY1GF1WD7HGqUtFzfcRylRRY0qpQxAmBP7g=":{"valueMac":{"type":"Buffer","data":"Mltg7uj4G9YimC4T8se4kll7T/qnAfGkgQhZzpQZpTA="}},"NnVsWjVHnKMLjq+wvlykOOc9KXfghAoRKmSwMdPC2XY=":{"valueMac":{"type":"Buffer","data":"fITgfhH2kNplCDVJo+c2Y5LxXbEpLPSb41DkBSv5wxY="}},"OU6Db24vDKxGC11Jay5DBR0Wd3n4sO8upYavxFvuf8c=":{"valueMac":{"type":"Buffer","data":"vdNndDZcXfvbKAKu94is+WifBFoGxCQT3VQS61bmXng="}},"27aVd1ybUU6AzcTuqkyrq2WsZx8ZL0FXVx7CnaVjcyI=":{"valueMac":{"type":"Buffer","data":"wZHWEiKiFMTXFfq+CIclGwPFoztG+grjnVQCHSf3XFA="}},"wW4RhsWdWH7/MfDHa5wS/BooZJ4+Wabm5E832y6DRGQ=":{"valueMac":{"type":"Buffer","data":"XuPMo3egZp7jVmWuqUYrqK5ty8kIYwkH1Gi5Af0twH0="}},"cP3pL2hHa76AZj28eKBfXL2J9VriDYY5tErve0xRrcA=":{"valueMac":{"type":"Buffer","data":"ICkwq6Bl4Efw0CD9f9l+318RLKQluzhWRf64JE6t+VQ="}},"u+vtYgevwGvaJd/Pm4QMLIZdzGKWrCnxfGnXYUaiMxc=":{"valueMac":{"type":"Buffer","data":"V4ZzpBrpNH0VwX1kmaPP35UjLhOAn/eGH3jVSiZWQzg="}},"Xll9ZIFPAyuRmSlSk01CocqFfE9uTTpUno4TnXe2plo=":{"valueMac":{"type":"Buffer","data":"GCmjes+HOXMBheyDgj/3yuOfvVWk6GzWn5xCzmsrXuU="}},"W1u7vhoSPZ7u+a7Q3/xUaE/u3ZBcIirQ+2AA3ZODTXo=":{"valueMac":{"type":"Buffer","data":"yrjIa3W8FrZC7zdEKblIwtJSIBAs2jBVw7setz9O5Mk="}},"E2VN7nPAoXG1YnCvHaTDH6TZpH5jXiUoAdqVnIO+qK8=":{"valueMac":{"type":"Buffer","data":"5dCRig+SnMVZuBNpJLBnJvkvWXaireoXTUTmpLZW7uU="}},"gjH886HAtcpvWB9s3wLuC/AZ3NUfthG+scjjZDMNLy4=":{"valueMac":{"type":"Buffer","data":"0PSwB8IgXFNu8RpNMBK84fqu2qkIpT7QJaz7J0XgkV4="}},"ngwlwczQhhkQPNYU2yFDzC36Fi0E9niznRfdrpZe/j0=":{"valueMac":{"type":"Buffer","data":"MwK8MuIm+za/FH3+1+7mY5MxZ7yLvdWlggBLVkFUYXQ="}},"tHVy9Xhycbgu0ztm6KUJRdDaFlJBdu/NlQrjs9PvG/M=":{"valueMac":{"type":"Buffer","data":"j8YO7bhO6m6NcjPGxyCe4UvyhGaDjR38oyaT+xESmmY="}},"dei0ad+FDywn1AmpbCfVbI1wu90DDp1Er67WiWmcQz0=":{"valueMac":{"type":"Buffer","data":"GlN9uniorKvdYtYEZz71/la1r5V2qw7PLDZtSR9mNw8="}},"9mFXlDREFZrVorsnIZkFf6gHsH+7h5QnlXP/F6cTi3E=":{"valueMac":{"type":"Buffer","data":"6u8UAaCsmS39liLxN0Dtt2MAoUYydBS8ofP+j2MEoN0="}},"cMlrXNpml1jPWM2s/04UpvGM5qRrh1H+musRxEecyYQ=":{"valueMac":{"type":"Buffer","data":"GsnDG8L1LBTtL4/bzGEk3nzZNWm2RfZYTukm5pYfzgg="}},"ZenBGI5JuBmZmOGAnhnwMSpECeXjr+QCWRZrCCm/4iw=":{"valueMac":{"type":"Buffer","data":"icv2JN1nThdkPHHz4laCr+iR3GNVbX7o0GqY7TDCi2Q="}},"8eAEtTan/5Vd0E25+ZkBe/jbs1ApzdHAtbW1OLDRUn8=":{"valueMac":{"type":"Buffer","data":"gC4FftDRcR/00gtQdxpvDXmLFGGAv4UszlcALLGkHJ0="}},"rm1721K2gGyKDD97ksSPYBB+QfI3ICZeOrghBYsXOFA=":{"valueMac":{"type":"Buffer","data":"ltqfq+qR0wXahyab+y/fjKXWLETJ4GGvXtYL7HWNv3Y="}},"sB95/fbgyzAzW5VitOY32+ajorRsDUm5xsRbigRr3mA=":{"valueMac":{"type":"Buffer","data":"Zt2gjxjjYl332r+x7J3HZC57kdYDjyM2syHvne+uSjw="}},"uAeEfE1ZtVKEK0TxNuGCYq1n2+aLiIriKs9UzGMDwGA=":{"valueMac":{"type":"Buffer","data":"iRW4Ug3jnuNLvfigVslyfuwLRe03wDsm6aUbItYzjRM="}},"1eU0v/uFdgv3k7l++hQe4f2YfBY+Yvwe7Wp0RNeg8Rc=":{"valueMac":{"type":"Buffer","data":"Dw/ZZrngrmczo5t5rb0YJiSi2Kf/wSjOK6IsGUIGEh0="}},"vPwPkDWpQrGJIRCMzV8VDd36E4JKl4tg0quxV1JCf7o=":{"valueMac":{"type":"Buffer","data":"/eshP00SdOnbNxKt35hvKZtvJS7+Nr3vx8IXekZA9F8="}},"PjqrGTnk7dyCUnjQFzXEtpDfoPbiB6/DSQmmpISbb2A=":{"valueMac":{"type":"Buffer","data":"LoufuHWiNzknQa8oVtbgifb/hDmiE3U2nc1P7ifrUoQ="}},"pWkUAknzrI9F9h+mo9/iiJ3MGYx/LgOIibxGjo4gqQ4=":{"valueMac":{"type":"Buffer","data":"ow5oSZ1DesaMCx/j0vtx8oGdLr/3yhDb6XhNiV959hg="}},"fRcVqZDRQLCuP2wIXY2zQ+IU222nMHc0URvFwv2h6uA=":{"valueMac":{"type":"Buffer","data":"XGAM8qMwUiXhM81DY0sIGr+aDycJhyCx07ojANPLaZQ="}},"BzZ4JlcBqXWyxLaCAzBUdXso1FPu3ypr9DIWHaqiz9s=":{"valueMac":{"type":"Buffer","data":"TjPp5yn1XXdomPXh++Q1N3RT29KSYjZxBiOlsmjiAWI="}},"QaTAx4tOxp2o2e9uM8ITPF5PCOQ6gyDqRpx5ZLHeWMU=":{"valueMac":{"type":"Buffer","data":"v6dWyF1uh+Ow3XmVvrvdVnhAEDrd5QM3GrrRE6O0028="}},"/qU8iE6xfHG4Yd6Vy5uwkI1IuoSwZtEZ6d+6647JXuQ=":{"valueMac":{"type":"Buffer","data":"LtTkbNzBRxfERZu2ENGLeTDb85DOXu0U1o1LwG8ypeg="}},"y6NElW1vrMAKx1rIhqVP+P15MZDgXwHTg2uotdB2ids=":{"valueMac":{"type":"Buffer","data":"AywFKkHULJELKouv2bgCxSf5KZNlbrGu12bROORkE58="}},"bhCyjM4o+5Oem4saKGBxRc5+58Y3/y4M/a2AmX/9JSY=":{"valueMac":{"type":"Buffer","data":"qVqUXnKVR8NX75G7yGTZmDuRSlnWhYBdm7lUt/BNaBA="}},"6ggvLzQ+rFrKZUQF5a1wqiWTOpnmmZn4VqnL9UpdnNg=":{"valueMac":{"type":"Buffer","data":"NOl9BJMjla3JIQLkidWuF1f6CinanF86dLrFO4YpVPg="}},"+VUWQ0ky0V59113MFjHbsRnEnsUXjaD+klVPZAvEC7o=":{"valueMac":{"type":"Buffer","data":"4kJ9RLc/b8T9ZJ8fA5u+uvRA2aOcCBfDljtNIRgpSy8="}},"92edDHkw+1gpoCLOapDzWltWPTrdCeBHo2neAPZ2IJg=":{"valueMac":{"type":"Buffer","data":"Ihjh/ZluX6aMis3MTmWg2gZGrSMrlY08Yn3O7Noc0Zo="}},"yq4fxlehmWdKjmUqC/TFgNREs1tbIEp4kfI/GWvIzQo=":{"valueMac":{"type":"Buffer","data":"iPia/7fRdzVbbzAnhKmmV510Dba/8gN9wEePHfDQhOw="}},"CcW5YHnqIpbRmnqbBiH6B3139TMsMB3kJKjF8MxMk/c=":{"valueMac":{"type":"Buffer","data":"ThqZLs5gofV4mWYKqxl5vmZuyknnwiqvwUZGbaP3hUo="}},"Bgb6+F60cZdaPihgKI5T1HkmjlcB+gyHB5yR8Dza3TU=":{"valueMac":{"type":"Buffer","data":"p+EuOwwhAuotRaL2FkcmY/fNL3EhcQoeOVTxg0uKjNM="}},"JVZEgEsw+qMuMffPHK8WLTFoyX9Mp7AKayboERUZ/nA=":{"valueMac":{"type":"Buffer","data":"yRNiUnBnpfzgfB2vpokXOU0VAyUAGNVLTSl7c8u2zT4="}},"Ir7Ov1IdwNDVJx4dsByVM8sFuxnGrJTOJrBAlQhJldE=":{"valueMac":{"type":"Buffer","data":"+mFkNtydvBEKoT2zsK1XORIxcZafi8bOYoMtvRMoWoo="}},"zsvM8wKs4DIm6hopkHzB/u/qmae/ZyGel8ruGFjNkAk=":{"valueMac":{"type":"Buffer","data":"nIHHO8GyrWoqW+x5zXdhpXx7RsKOv8LoGn9xCU/psMs="}},"1PNgSrrl83i34iEALIsrK3FfueoTeKxDM/KzdwQbCpk=":{"valueMac":{"type":"Buffer","data":"h278fSWbvV9v6oNf9y5k11EnJwvHDcyGsC2hCkalthA="}},"Qu1eqVeaG96pEK7K+JAEnBaA3Jw+R9uposn9SYSP71E=":{"valueMac":{"type":"Buffer","data":"DwT3qR67dYQ353WOFayoPBbsYfav0IZkDvGpsR2b8mg="}},"VWsjQ4RTNHfFASpjf8EhcjKenZo6cuQM9qd0b1MxlxI=":{"valueMac":{"type":"Buffer","data":"f0HwoEEChN8Q9V3Pbo7j7cwkU/2cSaXzskpHXcpHBtg="}},"W6KOsz5xvs24f4F42Q8JZrLXCYPiZI1/EhqHzV0bV0Y=":{"valueMac":{"type":"Buffer","data":"QF1L/ffDsBT3XS5xtmjSvROiJK0tmdQAaQcLtZ3UUpA="}},"NRwUPAaeL98bLSy3a3l/zh1kmLi7KmHse4+Bij2zti4=":{"valueMac":{"type":"Buffer","data":"z3mxYBU5MfVdHUk7/KIDtM/15swcsZ00XFe2aDuvNmI="}},"BsZ89OYK/zFry9Vd1XSElubrJk8lzkh8KcQEgbrew2I=":{"valueMac":{"type":"Buffer","data":"t9do42bIC398fFhARYa/O5t8mQr67gpieNSIgciW99I="}},"Ddmk9x96UfhEtGFHkGLmMI/XQsA/7XLOKS6cWJ4rT7Y=":{"valueMac":{"type":"Buffer","data":"3aVQ2VVmOcw2nkFoTmbQVJd3Rrgvbcsiwg6k5Rw3EyM="}},"dsccf0plySfkjTxdy7sV09gUTlmLY7cWZPpWJoHQEVg=":{"valueMac":{"type":"Buffer","data":"z03knNEk+fPJsBjGGONCZITAOeNUePexSkIx1ElUWlU="}},"o82jPftOZFj3/KgrU55zBTVh8W4AKIpscMcGgrcgSPQ=":{"valueMac":{"type":"Buffer","data":"5V1JO1OBvPVL5juklQhds/G/yKCrnW/QCMPfRoAuxJc="}},"nCm5HJ/mVUzGs/LqeoJIuO/hUrqXkZ28pmRyTVn9CCo=":{"valueMac":{"type":"Buffer","data":"CzLNoding0D02x+Huxo8Hp+VVR9UGUJyj5ehmUf5Br4="}},"loHEMYw2OcHr4EG7M8Vs28sRKiPB5jEtiK5x5Bdxyxo=":{"valueMac":{"type":"Buffer","data":"emJSktaRpkuy5L/MpRAUqL4P1tyAszm0+KfaOwbsc6k="}},"Hm5AZyPjq5ZoPqXkQCcudk1Adl2M5JAkR+rPNRfzR7Y=":{"valueMac":{"type":"Buffer","data":"NmXpw+NN+bEwCUJm9HU41J7ceC+rjPDtw/oulP8zsLc="}},"sNPeE18zqBot3V4A0HzEn+NacJMpgBvq8KiRl0ZrC9U=":{"valueMac":{"type":"Buffer","data":"K9CCced5yrWfBpv04HCc5SSVhwOW/uIq+wyT0iCPvOg="}},"cvYM8rS1Uwg2Kqy65vSshaXBZ5nXJrrhvxNlpa0i07w=":{"valueMac":{"type":"Buffer","data":"6g/kZnFyxp0c2NZ7Y6Yi1OimTA0tQg74FHyJ6K9Thko="}},"JVbX479Jw+Zgi/fSlpdSQmiHcaQPLgJhwW9IfydlrTQ=":{"valueMac":{"type":"Buffer","data":"pci+8suQZXA9hyPG137VSAq4eD6RRsuP1GcReSso7Zs="}},"+FR9Mf0xAbgRg1WkePicM9ONbIum/17sBMVUjBJ7SNw=":{"valueMac":{"type":"Buffer","data":"Q2CeXMO4XQufaypi+cyW1Vm+Nh3Vy+VvLnPNr1M3RII="}},"7um0/ShMJ8KmFVbF7khn1gkSnYunBdHViY1s8AAKt8E=":{"valueMac":{"type":"Buffer","data":"3qSPtYo0+vBnj2HHMAKk1qPAdJQiG6iZ++dnbxprISg="}},"+7wx+kBG7WoufJPmuiqBxAKIdCgwkYDNDSKMUUihkZw=":{"valueMac":{"type":"Buffer","data":"tpTrwAIOaubh4KE5dMxN82bMDOKJO5MyRexUyIPaTEQ="}},"Wx+Jin5XKsYoli7bhQisCLF+hsJsQf9LiknCgCZeu/o=":{"valueMac":{"type":"Buffer","data":"0pqXUT1cFczfW3C6lh4cpMdQ9CYhorOSVoo0FBtAUM4="}},"6rt2LnvZ8zBcvk67YF3TeHzbhzD61EuMhniCaCOLbT8=":{"valueMac":{"type":"Buffer","data":"QK2A27vkeeTav70tkiUh9+6QxIRjFDKqgbkIBmrrUjE="}},"EFDvMd8C7kB3PEFB8Bh1waQ4CPWAdzxRuHyZG5ZkQII=":{"valueMac":{"type":"Buffer","data":"CtXarM2y4uCOtGAwBf9TLmx/MQVvWXN0CIi10kg5xDk="}},"+7jfeYZEy8CcYrpnl3FIEuvWlgDxB6+AUy7O4E6k2Zk=":{"valueMac":{"type":"Buffer","data":"KtVsTXrz1BJJMDdmOjm/w8LejgxOC7lbU6Lo2+vmNek="}},"fH0utwk98CAdDA7g2CIKxX4G9UqhRHnJgW1VaDJ6FxU=":{"valueMac":{"type":"Buffer","data":"5oHTkl/454opiSMNTkb8wk/T2EoGVJfhF7oK8LuAfTI="}},"qgHUVCiOF7DaQ2Uz+86NRT8M0N3Ni80AVl3uKd+AjqM=":{"valueMac":{"type":"Buffer","data":"ruvHKRpQ8HdOGIbkxchErOr6fniIZY3M+jVeRfmXVw4="}},"jYuMQSZPbQPPuWWmEaucJQ7i8L3no2uzisdycwY++Jw=":{"valueMac":{"type":"Buffer","data":"mIScr4WwpNgJVJP2wZIXtI40TT2o1FHy8TlP1t5oz5U="}},"yYZfmk+QhN0H55h56M4CLMzio25gY6WGpzKMzoUgmeY=":{"valueMac":{"type":"Buffer","data":"5WUPI5kEOWP3xDv+QZ3ai+2b/CWfi7+Du+1UUpiJBeI="}},"q46qT/imItm/9S9BokkVZM0kFh2vP2tvJOaWYpWx3tI=":{"valueMac":{"type":"Buffer","data":"ti8wHN6SYapJCp8MBN1k7H9CUMLYaqGa//ynt+uvUps="}},"gfpIb4rUG7bE4Wv/dpdrdYUJcDlFCm3ZtUfxaUQcc4Q=":{"valueMac":{"type":"Buffer","data":"KFKD9UyyT23IhAfkRH9LoEfHlvGBTZF5rmt4B1GMOv8="}},"KvMHmjMC6NMF1r8xlT8HcgF9jYlgoVs5AKL9jHNtulw=":{"valueMac":{"type":"Buffer","data":"AiHP/Hyv0CjxqRRR6Rm9n8F4rDU6AjL+zTYaBbtabl0="}},"XZED23dd4LKpq0ltYIjZSD0cB8yK0r+l5GDiazBo4/E=":{"valueMac":{"type":"Buffer","data":"/bwzAMCQfgcQky49E3cySfAc8c3WXaonZ4oIeuAo36s="}},"fskUdAUD+qgcKQ3oCI27QdbzEBzHm8cdJuP8JWatLo0=":{"valueMac":{"type":"Buffer","data":"54RVIxeR49R4v49LRzjX4KhpMQkSKUtg45Z0zsNqQxI="}},"ac2PT8EyLobKtVHCtcbZTcJAJaKizlSMw+sYH8HImPw=":{"valueMac":{"type":"Buffer","data":"24jHXywCXMvBUh2HWw41hGsszAacY7mQcCt0FqyvsmY="}},"nEYoRswJlqU1zVX0+qEIGCnKCwAJTTucpRkQH7nXFuk=":{"valueMac":{"type":"Buffer","data":"aq2kBLwCKn1//oMHqjUAdqT69ZZ18T9vxN/8lyrDzUU="}},"d3O2tgDDcZu9RqOHq1LdOFxxRQnqHQgvkgOV4P0tzA4=":{"valueMac":{"type":"Buffer","data":"+z17TD9PedvA5/Vjb3wv8xJtV3vIoKB8d/kJgrS6nZg="}},"CGu6PDBCPcrjW3dfASdSUjFB2wEjU2L4vcs4oqgIhlM=":{"valueMac":{"type":"Buffer","data":"mca3vtUvoS5XUghJCnfg19dtb1KBLusJD5Vl9TZvwBg="}},"G8L3QE3cTwcL2W/ldG3C+VYPSyRfcOQ83IQvoZqD8e8=":{"valueMac":{"type":"Buffer","data":"KAszOgfpFSZjPBtbwXWtfQ2nf83rYk7udR+IW9TwUh8="}},"HKiJ4aDebmLeBjy5CeREUdxvNXzABIEGrfdogNsdSQY=":{"valueMac":{"type":"Buffer","data":"t9hQwiDdh242ofImMYd0Bkmrg0+CoRIQp/qwKVl+zwE="}},"PO5maeJ9t6MkoItCL9cpVbdyBKcgrNDTmxrG+7f2laM=":{"valueMac":{"type":"Buffer","data":"lRMFsCO1dpHPU2+wu7wpntGeksgeVX8vclcOWPfiAy8="}},"/fehtUpLKMAhGZU4WS5F/1XS+82QrsLtWMoGyJwv2uI=":{"valueMac":{"type":"Buffer","data":"HrBoAL+sVhCWfdyaJc6CHEWJcgSahfgCTIZ8hJHoNiQ="}},"StPzO8Fm+LUCpwyqD2Ml9J4bbqDpslrbOqDDYbcb6OA=":{"valueMac":{"type":"Buffer","data":"XHBRUs0V8Aemky0dHLwkELptTvx6+4jRonmYFPSWEdE="}},"z13LSHCjb7ADJ1xQeO1cymBOMUi59+m1JEzi68NW+jY=":{"valueMac":{"type":"Buffer","data":"DzBL4ASwjb4TClz+47I4t2vkbhnFxYWURasnzI3r0Ls="}},"V6VensoZv7oEzHdbIdRsiFcWmVfTFB0WFoE8GtwsFrQ=":{"valueMac":{"type":"Buffer","data":"1hnU5K5vd2946VoOO0GOF0J2Lv8wVcgESwnQ0CnFs3A="}},"mmPJ7l3vMHY6Zj+fWOaRnwKjTkx6K2CFmuS1q9ZnQ1U=":{"valueMac":{"type":"Buffer","data":"K8OS64Nw9mKwJB6/5CVwsSM9TTKxZryUNzPlLUaU8aE="}},"dadP38tvjLHBiJ+A6SujvYj8G9Wf4CQR4d8VbT/YB6M=":{"valueMac":{"type":"Buffer","data":"FsN5PNEy45AMKcfm1PzCGavz3er6716vK7wpe2BIylo="}},"YEBLwnx9WvmKbL/QaWbxeFsRTnKQTC7zQ2ojNm2Jtso=":{"valueMac":{"type":"Buffer","data":"09XHpwzOAQAWVSGKBatI66+wXXW5q5tryawJi4zOfk8="}}}}