{"version":1,"hash":{"type":"Buffer","data":"cAN4ILClX6h4kIKESSNiWlxAZ3zwGYy9IDLEnwJJ4Zzopu4GOnS6vRYQCjPFtJQCmtVu2LBVBYqGmVmaTA5Gve5FaWLa3Valvz7meR1fwJa5Gn0nUsJ8kul6XyRGL+uCasQFHtyJunI0fthaK+AAYAhQnC7nNo1FDs3B8cOXWHs="},"indexValueMap":{"MwZSh3hQ/7waYUKMpxE8x4sLWBxzQr4xqWt43s+egUM=":{"valueMac":{"type":"Buffer","data":"hAFKeEVv6tsyV7rQuoUOQhWYkOfT6LmjHh/U3nnN8FU="}},"XHPOkLSDDkgEAqBK8OoNF+hasbjlHWYFxd5o8Sify0I=":{"valueMac":{"type":"Buffer","data":"d4xIzAiFEPSNwi8mgWgNn1niJ6yCeIezXcUiUCrVi1s="}},"wH3BXa8dnzDBuf5eeWoHWy4UGrRfvIsx8O/1jcwt/zs=":{"valueMac":{"type":"Buffer","data":"LGYmwQhCcHI5SW8CSW+/h3ZORtT+g/qz1oYRMwZlTao="}},"uv/Jx0bAf179C9TvjH00zy14AnnSojvrYTZ6FcxZ50Y=":{"valueMac":{"type":"Buffer","data":"1Jn3rF//aH1sQfBL6rwuTEc/5iIgWTeqUppiwTi8e1c="}},"B/MqiJT+dh/eSISZ2ySoQcQbq3k/M38XtDXE85WiTdo=":{"valueMac":{"type":"Buffer","data":"GVorKYxjF9ann1aW6oHWLBzGDLXXdJoM5jMzfnxXgCs="}},"5zRIqC6LYvUfYhYlC8LMUOA6dBjEOR79CTS3hEyC0lo=":{"valueMac":{"type":"Buffer","data":"EwXJEAhzGsn8oDAuo3SgvbVMxyfWBLMGtAZi/8+TBlo="}},"0FGElhG9jpFO1O0Mq8s1Ne0PzIgv4I7C7z57ijgX1IA=":{"valueMac":{"type":"Buffer","data":"MKoE03p3zuhhJlYOY4SsE9IlD1C9AdccRVujnj7Y34U="}},"eM8pE5JVH26ivrmSuDu/1XhldLbbwP3BM9fN4UuWonc=":{"valueMac":{"type":"Buffer","data":"lwSuPejaytFxl7C/i3LnDJ1FVV5ICNksXWhNIiMdTYU="}},"2dfB04nOdSlq9lSvb/xSAXX5dRH7LTIePXLdWXzRVgg=":{"valueMac":{"type":"Buffer","data":"Dr+3QUFzxRghq1bNBUg1t4/e1Pim5HW1zuiCQjnvT74="}},"8V/3GCqMZYIVPUNCfxowkKzcGXvt8AD8h9OO6CvUMrw=":{"valueMac":{"type":"Buffer","data":"Hc9H4gwUh8RxNLPukJsLgK8VsvIGPCAHbQcg+3p+1rU="}},"VtR13E9e7QVP9nNeLp776s+EisZFa6hRQCd3oo16kQc=":{"valueMac":{"type":"Buffer","data":"W1c9+llOSGA1QtTOzYzRo4EzgCHAOwGo0Uh2JpkcBQM="}},"5+ulbfvhlE+TB8bHcARNGoSQIV2madApz4cmJ7cLQKg=":{"valueMac":{"type":"Buffer","data":"g5Fhs6JfFnTDcqz8frxb8dcFFwRgjFBtHT+LFzeO6xk="}},"MF1dMtkr8IeGMe3cDhucwjqKrFmKO43bePMRCpVRkBY=":{"valueMac":{"type":"Buffer","data":"6VQzb5VW5dXMQ7AmHB0OSEb4Gt1wiSgS9ajLyo7XKLc="}},"feAmPAz1PMxu1yvIOD7I9My0SX2e6/gZHJ9oLdaaNpM=":{"valueMac":{"type":"Buffer","data":"i5zvl93mT9nFWCkE4yYw84mCuYIAw1/4BfpZGPlHluo="}},"1I6wuCAyhLFpHfbJDTReuLDp/0T/1vWw+xZN5ZPzgEc=":{"valueMac":{"type":"Buffer","data":"Rpqvc8u0hsC5jmdMr3uFN4BnBp/bwjpHMdkCUHVn0cM="}},"ZsFov9M7Zh9uC04bHjgXEHx4DN1Hf8/1t4uEBl252PA=":{"valueMac":{"type":"Buffer","data":"Dc1HRxNWDW0p9sqlPgdbVWEIoA/beJ2FofPEYWZZ28Y="}},"PeYN7ks1aheAOgPXOxOeG/+mEnAqwNtRsgwevZxzfSA=":{"valueMac":{"type":"Buffer","data":"xrATvlhSWp6ln1/Q0Nd65oL1BfyCh2VhZbBL9SJltiI="}},"/Jinr5jIWXoe0gw6mD+YNLTsfK4eR+kEQ3P/saYt9M4=":{"valueMac":{"type":"Buffer","data":"P5UE99TJOBoiYYYX6InyThpxZ1TZkXZDql0X3NTQFkw="}},"ctAgqydP3fwib+jZJVs8qAs0QiYdTAcb0syN45QWKTA=":{"valueMac":{"type":"Buffer","data":"HJj8VMWiD8fHxveEHW6Klh4kmutS9ekTCZOMrYbPeIw="}},"+DpoJVomyh8QL/o8WRGnDA12on51otbY8iONccLnCoE=":{"valueMac":{"type":"Buffer","data":"j/L22dN31DDM37g8GvqAYMUT3D9jB803uJcJkJqmQJU="}},"FsU8/65RHprXNbf7k8rJ4hHVBDhBCujRck5Hr3pXCJo=":{"valueMac":{"type":"Buffer","data":"2QBQZeosfjUWxcMlY0K+wg4l06mjWUFf8Jd3VY+lHzo="}},"OwrKf/Iqv+IwaHue/ihKfPGmsurx5q708C1jBals0fQ=":{"valueMac":{"type":"Buffer","data":"6lSxtE0LOgDBJ9KIisv+Vx3VfMmCunDkjp2Q+UYpdc4="}},"C+BmtXRZo6Roq5m5HrdRQ3inm5gPBkQOqAukVVO8nuE=":{"valueMac":{"type":"Buffer","data":"0xHovLET1m5CP+mKoYs6jEnf0Ry0X1ZsFAdB3adM5FI="}},"GDL9Da8L+18locu7zzw+CPHsxYwbBxV2lW9xJHVNwBE=":{"valueMac":{"type":"Buffer","data":"hlFbGqXRnngN9MEPbNSNl3Dq5ItzxL5AghhnHe1fnUc="}},"bsTjw5F6m7k2rPBhgTU8ePIyk0jYw3Ck3TSF0CXwqG8=":{"valueMac":{"type":"Buffer","data":"9UW62zVzFqChsbfwE4tVFM7xQpxv2aytZadyNbPvxys="}},"DPNEdJdlOGYjQXLfJcjglTA9U9alX+RNRT76kes43DI=":{"valueMac":{"type":"Buffer","data":"IZ/XKV5Wna2TsuWwv95hb6tEgE9z1fNrEIBzU2QwQeI="}},"uZJp/Fhy75Mrs7n9NcqdRrsTsS19ySHTbIhnxDhbqsQ=":{"valueMac":{"type":"Buffer","data":"uxmEMxzKnAGsSxsUxXABwcjsEai0Zu5i+GazHcV4lJE="}},"uLwcdounCPcxp/v5AXVaMY4mBPncyV9aW21CVUWyCEA=":{"valueMac":{"type":"Buffer","data":"Wo7o7ZAbKUJtk2n+SvNzcgxocvVg2VNlqLDx6AcQbEg="}},"oUvMUq3laWAfkZCxxJQwg8Lk6BVWyHs+W4mdyuboQN4=":{"valueMac":{"type":"Buffer","data":"OLAZiIcSs5LYEsjyJDOeEWoHuT+T0YZyrMPD5ZZYYfo="}},"idKNg+dKNObg6wTRYuGdAgdccySe+nVkSC173/soZUc=":{"valueMac":{"type":"Buffer","data":"eeagwGiiVifzY/P5QR7SQ6C4b8X+RPCUQNtTWT+Mbg0="}},"OP2WQl10VzqXhRdQqBsDUJbgtjkP4JhWQngM+S6VoUY=":{"valueMac":{"type":"Buffer","data":"zmWxlumYZI3g/r8azpmOQ5+4J7fmzcfWob4FgaoR0r8="}},"PlG6WHkyvfsnyn3RvZAPUnSF+qNL0ZQT2ecfb36dC+M=":{"valueMac":{"type":"Buffer","data":"BzMY6qaqfsA6+Tvm/DWbhWmYAuEljtCFUl6A8U+HAMI="}},"D+P5MMEkP0FB6flIgl4MsqoorB4np88KuFvkRMlvCrQ=":{"valueMac":{"type":"Buffer","data":"EQuUKVJlWxrOJ3tdIy2wflyVAjjlPES3pSimVpTyg/g="}},"ummKtedHfe652pkAFBpyKHm3l08Lv/hWiRfa2GsRV04=":{"valueMac":{"type":"Buffer","data":"SCnIB/pHPRDCVgMWYt2N4qlotzvHEQ/h8yCQA9P40Yg="}},"D188pfy6RfsYaG82Td+daMR5J7deA3x1qOnKORYDdfw=":{"valueMac":{"type":"Buffer","data":"hKp3+5I2TqKihXpq/lf2cv0BZd/yDqSzquJwDxkpOsA="}}}}