{"noiseKey":{"private":{"type":"Buffer","data":"QJP2Vru5Ze6Bf7MnJ1j779Tirn/MCHrdh1e8mnxSHmI="},"public":{"type":"Buffer","data":"QjRpwy2VJ8hADd/v5Z8gAaOug/4u6De/YG54dQP71mU="}},"pairingEphemeralKeyPair":{"private":{"type":"Buffer","data":"CIVpUqWMrIS2hW9Wu7i66eK6PH7lpzLJIIPbOJqjm34="},"public":{"type":"Buffer","data":"HcsI5xn2mM0jusYY5TfxRFgZ45NpkNjLrT3ESkI8UFU="}},"signedIdentityKey":{"private":{"type":"Buffer","data":"ANf0TIkH7tbyJBCNWoX8Ab5PCPJmoaynIj7stNl5Q2g="},"public":{"type":"Buffer","data":"wvxIgYf835d2U0AGXpm5HVIYgMy9sqP8NjgksjSfCkY="}},"signedPreKey":{"keyPair":{"private":{"type":"Buffer","data":"QMqf6rhgXrMWVAImCWzJ+FGi42WI/LkcEfDFkfkaDWQ="},"public":{"type":"Buffer","data":"cxE7m0B3UKmjQYiSny1a9cmGIx3HVXvSrtDP6jiBBBM="}},"signature":{"type":"Buffer","data":"GXJTR55B21L19ooCn1bq7AjiqRWShvVVGGDhn+QOGfb6YIbeaIoE9qQW0m82HRkT1qD5W16IEdcF2ZrHREUwgw=="},"keyId":1},"registrationId":224,"advSecretKey":"Rs9UHpHfpa2vlr2DRu4TXn6MJn4ZlakegJOyEvUTzGQ=","processedHistoryMessages":[{"key":{"remoteJid":"93779097618@s.whatsapp.net","fromMe":true,"id":"421970D8D2BC71198FA9D506E5961E52"},"messageTimestamp":1756482630},{"key":{"remoteJid":"93779097618@s.whatsapp.net","fromMe":true,"id":"31C69BEE1087DA9871655DAAD01DC9D5"},"messageTimestamp":1756482630},{"key":{"remoteJid":"93779097618@s.whatsapp.net","fromMe":true,"id":"7462226544FF5FCFC0D84E837016A046"},"messageTimestamp":1756482642},{"key":{"remoteJid":"93779097618@s.whatsapp.net","fromMe":true,"id":"F19D0755518D88C958C8425F2FC4BC4C"},"messageTimestamp":1756482649},{"key":{"remoteJid":"93779097618@s.whatsapp.net","fromMe":true,"id":"47049CCA884C154DBB3181DCC8E7A983"},"messageTimestamp":1756482664},{"key":{"remoteJid":"93779097618@s.whatsapp.net","fromMe":true,"id":"288FB39A1983624131959C10F5544CE8"},"messageTimestamp":1756482671},{"key":{"remoteJid":"93779097618@s.whatsapp.net","fromMe":true,"id":"3EBA4D54BDE92690CFAAF4A4E1E937BF"},"messageTimestamp":1756482679},{"key":{"remoteJid":"93779097618@s.whatsapp.net","fromMe":true,"id":"3429082E22B0C08B124BC94AF79150CC"},"messageTimestamp":1756482684}],"nextPreKeyId":38,"firstUnuploadedPreKeyId":38,"accountSyncCounter":1,"accountSettings":{"unarchiveChats":false},"deviceId":"zPrJ-wlVSgu1bEDPYYnaig","phoneId":"a6a88d07-46bf-4c75-8423-7dc3ccdabdce","identityId":{"type":"Buffer","data":"G3t3qk2hPaptWbZE9CkeNFXQ4p4="},"registered":true,"backupToken":{"type":"Buffer","data":"Q9SHyI7lBSy69Gbl2HkLCj/s5vg="},"registration":{},"pairingCode":"F3JSCCFL","lastPropHash":"nm3Bb","routingInfo":{"type":"Buffer","data":"CAkICA=="},"me":{"id":"93779097618:4@s.whatsapp.net","name":"𝑨𝒃𝒅𝒐 𝑨𝒍𝑭𝒂𝒈𝒊𝒓≯$","jid":"93779097618@s.whatsapp.net","lid":"65962745303111:4@lid"},"account":{"details":"COyjzWIQv5jHxQYYASAAKAA=","accountSignatureKey":"BvYBXzsTOcbKHt4DL8OPfJqfQtLtiEBVbSZVCSPcpTc=","accountSignature":"TskKM6EthrqvBOpa1LrvHVzthNSMSZ0Zh3+bSJGm7aB3GzmaRVl+Yxb4ciPtw6fIvuqS53v6vq9Mguzr/oz3Bw==","deviceSignature":"rGSv1iQs7NnlxpYyg/Zgv4UW9EGSPiQc50drfPdlsyP2ufc5fnsMULi4YvREmPW7SevPNcGTvYvPhyOQLgDGiQ=="},"signalIdentities":[{"identifier":{"name":"93779097618:4@s.whatsapp.net","deviceId":0},"identifierKey":{"type":"Buffer","data":"BQb2AV87EznGyh7eAy/Dj3yan0LS7YhAVW0mVQkj3KU3"}}],"platform":"android","lastAccountSyncTimestamp":1756482627,"myAppStateKeyId":"AAAAAE5n"}