{"_sessions":{"BdXh2WKgdAreiRQHHX6VKt45P37QF5xqyJJLffx71oxO":{"registrationId":1718488652,"currentRatchet":{"ephemeralKeyPair":{"pubKey":"BYo4P20SfEHZIWgv0erxWWihEPDzKLADhxFhxxMMuXMg","privKey":"gKizhc/xuFe4APEspW55MNItqNd/G9MfhUx2XpOWFW4="},"lastRemoteEphemeralKey":"BWPf8TKE1+hWqPtpOY1jm7oujRqc9fG3k9WtUHyXtbJd","previousCounter":0,"rootKey":"JaD3qjUky23cwoCP87C6fLHv0Yv+FqA3Cuahr7SAmt4="},"indexInfo":{"baseKey":"BdXh2WKgdAreiRQHHX6VKt45P37QF5xqyJJLffx71oxO","baseKeyType":2,"closed":-1,"used":1756482719535,"created":1756482719535,"remoteIdentityKey":"BSesJm+/3+8dxmXtZmCvfqwFg/GCDJJ5FwidvoUpfH5P"},"_chains":{"BWPf8TKE1+hWqPtpOY1jm7oujRqc9fG3k9WtUHyXtbJd":{"chainKey":{"counter":0,"key":"H2x2Tgq9o/pyOKKGSzaRYzBqIddM/4Dy0MupiFScDkA="},"chainType":2,"messageKeys":{}},"BYo4P20SfEHZIWgv0erxWWihEPDzKLADhxFhxxMMuXMg":{"chainKey":{"counter":-1,"key":"gEL4qMR6t0Vf/iwxvxTdiaeV23BU6pzpkjFMpPqnbCU="},"chainType":1,"messageKeys":{}}}}},"version":"v1"}