{"_sessions":{"BQeNsBfRbUYEVinLdKi2q9JhPGy3DJie6Y43qQ+L/bID":{"registrationId":730766352,"currentRatchet":{"ephemeralKeyPair":{"pubKey":"Bd+dvltN3/jagAsFTJ/TzG1ohwxeAZgHgz+ZOVeb+2Je","privKey":"UE9nLK1y5A5FsDNZFyOL35u/2GtxrWdI/nclC9PbZFg="},"lastRemoteEphemeralKey":"BZVszrQZvgECGDaRxZrL3uU4AvVcDos1zCtSjnB5e3p2","previousCounter":0,"rootKey":"xYW/dWz5T2flVMG/rEiKDZV5yXVQmJJX5nkNApumYXY="},"indexInfo":{"baseKey":"BQeNsBfRbUYEVinLdKi2q9JhPGy3DJie6Y43qQ+L/bID","baseKeyType":2,"closed":1756482700217,"used":1756482667282,"created":1756482637183,"remoteIdentityKey":"Bdz7kj4wT582R7FzKQZE7QtNYXAhv7pnu0FmpyI/le10"},"_chains":{"BbzYZaTkN8IFIv6tofDc4ZgJqRbgowivrIyhrTr0rhwT":{"chainKey":{"counter":3},"chainType":2,"messageKeys":{}},"BcR/VZkIop3/3xtg3EzPgsSxOlRruaTGh4AFAxVUfMge":{"chainKey":{"counter":0},"chainType":2,"messageKeys":{}},"BZVszrQZvgECGDaRxZrL3uU4AvVcDos1zCtSjnB5e3p2":{"chainKey":{"counter":1,"key":"KQLKvYZAqq3phIMVyX8u4tkf4vv1VWB7kZd2KqTqq+A="},"chainType":2,"messageKeys":{}},"Bd+dvltN3/jagAsFTJ/TzG1ohwxeAZgHgz+ZOVeb+2Je":{"chainKey":{"counter":-1,"key":"Ny8G3XVF2T97Oh4XDgcgGjMCwvUw9bj31/NhfF6yF+I="},"chainType":1,"messageKeys":{}}}},"BaWk9YkazSbK7+3X3lKMcD1Q6K19QnDgKP3t2fiTbs00":{"registrationId":730766352,"currentRatchet":{"ephemeralKeyPair":{"pubKey":"BRSx610BsNbM2vtd9INn9GHXxhXf5cG8UwXZg7z8e4xx","privKey":"AH9eNlRsAPMJipDqDcwUaevIl6IcuvIrQwTqXEOUZnM="},"lastRemoteEphemeralKey":"Bb251MD9X43UdgYtsKK7rsQw9csgqNRoDh6FcO6ef8Ac","previousCounter":0,"rootKey":"rYHN8IIULxxVtmAMAQa3ewZ3dcsuNdaPhRmQSlL5Erg="},"indexInfo":{"baseKey":"BaWk9YkazSbK7+3X3lKMcD1Q6K19QnDgKP3t2fiTbs00","baseKeyType":2,"closed":1756482852440,"used":1756482837103,"created":1756482700218,"remoteIdentityKey":"Bdz7kj4wT582R7FzKQZE7QtNYXAhv7pnu0FmpyI/le10"},"_chains":{"BW3pNfe3WITvOBNogomCfoWCNtWXL6BDQrMv7JwePwcV":{"chainKey":{"counter":0},"chainType":2,"messageKeys":{}},"BX/Zr8QEWfWRExa+IjhyCE6wkpVsF1A514Il2BTLFyhI":{"chainKey":{"counter":1},"chainType":2,"messageKeys":{}},"BT8ya1U7qnDcjY4QTPROp//P5lVP4OLcEhEP8AbnengG":{"chainKey":{"counter":3},"chainType":2,"messageKeys":{}},"Bb251MD9X43UdgYtsKK7rsQw9csgqNRoDh6FcO6ef8Ac":{"chainKey":{"counter":8,"key":"77XiqO+XFjh4Mtdh+es8V8bH8mNbn6mHHCKDc68Tf3k="},"chainType":2,"messageKeys":{"2":"fL5MXVFUmnDq087/dzmSyO2g8FsMvyt+K77IOYdE4II=","5":"/ivd72tswZqqvGwlyTTSr2zbVGJWCMusjPbtlHmPM4k=","6":"cDAZQwx0FaNc4+ZmjWwdVgXCAY+QIoxctZdT9iG7lnI=","7":"zcBsy5Xj17fkikzfZiWsTnc6xEOV+dypkoFJzGQJBjU="}},"BRSx610BsNbM2vtd9INn9GHXxhXf5cG8UwXZg7z8e4xx":{"chainKey":{"counter":-1,"key":"Fbca2B9jq71ydVMy9oQaF1mHR+1heNSsAV91285HfX8="},"chainType":1,"messageKeys":{}}}},"BcoGOfZ4gQ8xzuN2M7goRhfIUjDeWOz3PEGsMQ2T8h59":{"registrationId":730766352,"currentRatchet":{"ephemeralKeyPair":{"pubKey":"BbqsXoYCHsAnQNffzirHnPMGT48u3/8KUNhQOUayd/oF","privKey":"4HbJsrTKJoG4ZkwvH5VpDOvAKegP6Qnls64It1OSkWc="},"lastRemoteEphemeralKey":"BZg7TpVTK5xkxsmme57de4noG4bYBeBILJp7gBOlFYdc","previousCounter":0,"rootKey":"TLlBPovC2D1055xgdlo/B9QISzgmlyCZcbquH/CJbMc="},"indexInfo":{"baseKey":"BcoGOfZ4gQ8xzuN2M7goRhfIUjDeWOz3PEGsMQ2T8h59","baseKeyType":2,"closed":-1,"used":1756484515716,"created":1756482852440,"remoteIdentityKey":"Bdz7kj4wT582R7FzKQZE7QtNYXAhv7pnu0FmpyI/le10"},"_chains":{"BRwFlNBsxWGDFvAhMpldaxUj/UITyZ02DSJfPP2IVMkB":{"chainKey":{"counter":1},"chainType":2,"messageKeys":{}},"BdVY8HiDd7n9vNFitUn2KLpwoegGYJVm7brGb1Xx9Wt0":{"chainKey":{"counter":2},"chainType":2,"messageKeys":{}},"BaXT94JpP4GJP2by6bPzZWJmqmh654NA0+QNSLBJZ4t/":{"chainKey":{"counter":20},"chainType":2,"messageKeys":{}},"BZg7TpVTK5xkxsmme57de4noG4bYBeBILJp7gBOlFYdc":{"chainKey":{"counter":3,"key":"Md5v4WzIubmSqhda2lzRRodcYq33bv6RkTGM7ps2c44="},"chainType":2,"messageKeys":{}},"BbqsXoYCHsAnQNffzirHnPMGT48u3/8KUNhQOUayd/oF":{"chainKey":{"counter":-1,"key":"QjjUUFYfdPJu8JAtIwkJSZVnBjb+t2ygtM9gDB0tQzo="},"chainType":1,"messageKeys":{}}}}},"version":"v1"}