{"_sessions":{"BTJaXtRDBQzx1ArqqRDAkAxZhQpHHzRppJTNuPoNkZJF":{"registrationId":807138524,"currentRatchet":{"ephemeralKeyPair":{"pubKey":"BQwZ3BWcB/V+GkYk4wcBtv156uCmVAiyDypHBJYezR1m","privKey":"wEOhUZ2pVOeLJumSa/Q030M/lEESKYoLDGj8NuUCC2g="},"lastRemoteEphemeralKey":"BRhHBDrH64SOuNanU8Nxwd5k23LEyquwcQCyS7NaOHEP","previousCounter":0,"rootKey":"Kg9Lt9F/+cPMciODUI8snC637umgkz+VO8xSuJJB3cM="},"indexInfo":{"baseKey":"BTJaXtRDBQzx1ArqqRDAkAxZhQpHHzRppJTNuPoNkZJF","baseKeyType":2,"closed":-1,"used":1756483805162,"created":1756483805162,"remoteIdentityKey":"Bd0LY/uUoSepb+Vm4N6U8VXJQlvGncD1SWWR/Gi6jI4U"},"_chains":{"BRhHBDrH64SOuNanU8Nxwd5k23LEyquwcQCyS7NaOHEP":{"chainKey":{"counter":0,"key":"tNrCkgJKArH0wD10xYiIZWOFI7T/65d4NY6KftICkwY="},"chainType":2,"messageKeys":{}},"BQwZ3BWcB/V+GkYk4wcBtv156uCmVAiyDypHBJYezR1m":{"chainKey":{"counter":-1,"key":"NNJ7OmXHFsMlaVri5mSV78tIZ9kGDap5MphrRqyUDgM="},"chainType":1,"messageKeys":{}}}}},"version":"v1"}