{"_sessions":{"BS8snevi+5hks8/h8Wus781h+eyGONDo8LKLEoEfJmFc":{"registrationId":1951367014,"currentRatchet":{"ephemeralKeyPair":{"pubKey":"BfmEj9Gc4+TIMOL1HrhQOdtpofyPNk8g+93A9a1tJeAk","privKey":"aG2FdsBxy+Bo/y8QQCime6ZA4TK7F8itOuiC+NwxsUU="},"lastRemoteEphemeralKey":"BcUKJxGkFrTxlb+z1davwWNSRcApJumiBD0wOgWnW4IB","previousCounter":0,"rootKey":"1CD9MPY2Ooxjefl33uuV6Hg6CqUej68NYVYYZAFWoxQ="},"indexInfo":{"baseKey":"BS8snevi+5hks8/h8Wus781h+eyGONDo8LKLEoEfJmFc","baseKeyType":2,"closed":-1,"used":1756483807688,"created":1756483807688,"remoteIdentityKey":"BdJTtmGVQH0nvnRAruNAWNdMALPj1BFK6nOoVklryT8J"},"_chains":{"BcUKJxGkFrTxlb+z1davwWNSRcApJumiBD0wOgWnW4IB":{"chainKey":{"counter":2,"key":"tKf34i4fHqfLolvmoBScOy0NCA6B9nCZWOHtxJwNspE="},"chainType":2,"messageKeys":{}},"BfmEj9Gc4+TIMOL1HrhQOdtpofyPNk8g+93A9a1tJeAk":{"chainKey":{"counter":-1,"key":"QfuYggq8WR7yaIZuFsOT3pO8g2tY/t+suNKE5D3S6+Q="},"chainType":1,"messageKeys":{}}}}},"version":"v1"}