{"_sessions":{"BbWEf9dDngaWd/JP5LBiLOCKgGjrjPJl65e0zqRvCo9I":{"registrationId":232664126,"currentRatchet":{"ephemeralKeyPair":{"pubKey":"BbuFzzoYrU7ovHYpTO9xX+tULn/svZaF4CpuheGUlbxB","privKey":"sFRraI8gfEiUXmwbxmg0MSUyQA1F62BjjfWinjuFXEg="},"lastRemoteEphemeralKey":"BYWzyLFvkxxXIP3DGp51ZVWT3+NSaFrTzFcY5I+QeSdA","previousCounter":0,"rootKey":"w0+qXoQBmHQj6gXb4YSOLo7NRrqhhjkgM+HAQb/dkOs="},"indexInfo":{"baseKey":"BbWEf9dDngaWd/JP5LBiLOCKgGjrjPJl65e0zqRvCo9I","baseKeyType":2,"closed":-1,"used":1756482928003,"created":1756482928003,"remoteIdentityKey":"BYhylDhTS0v/1bvFseJYRYBmMTWn1uLWVM3b/U+GXNIE"},"_chains":{"BYWzyLFvkxxXIP3DGp51ZVWT3+NSaFrTzFcY5I+QeSdA":{"chainKey":{"counter":0,"key":"KPjr5a6gAcdBuuYQ4+cG96D1xQ9Pax/mN4x0KFmqOpE="},"chainType":2,"messageKeys":{}},"BbuFzzoYrU7ovHYpTO9xX+tULn/svZaF4CpuheGUlbxB":{"chainKey":{"counter":-1,"key":"ZpFb67kMQ4UaXrOLvS5EwhD8mIIZW6Fmtj5bMcs9+HQ="},"chainType":1,"messageKeys":{}}}}},"version":"v1"}