{"_sessions":{"BddmzPVF7ueyAKFyFL16nzFYrbv9RM/5bBaSewyYANgV":{"registrationId":133,"currentRatchet":{"ephemeralKeyPair":{"pubKey":"BZo114X5qg0GoezkrrL7fV6VrEXJH1WnMiOZX3E7a744","privKey":"CHvqD1bVLHvz3GyW5L209RGH5QZ1ZYHSkClUkLLskUs="},"lastRemoteEphemeralKey":"BWKsTkSEI33bIoCffAGWnUzYsO2ULcvFwg+fGLrni4Jt","previousCounter":4,"rootKey":"aIinbaXbC44uBEwRE5a0jbCJKF0WT8UnWogH/nvE/rw="},"indexInfo":{"baseKey":"BddmzPVF7ueyAKFyFL16nzFYrbv9RM/5bBaSewyYANgV","baseKeyType":2,"closed":-1,"used":1756483267868,"created":1756482628744,"remoteIdentityKey":"BRc+E9BVmh1SDjX2s/VPIwassRiT79NjOrzWjq5PYHJJ"},"_chains":{"BZRHbj+sxHYjpr7u2mpatTIwjlDvhGYdeBqPe7k2LApi":{"chainKey":{"counter":1},"chainType":2,"messageKeys":{}},"BWKsTkSEI33bIoCffAGWnUzYsO2ULcvFwg+fGLrni4Jt":{"chainKey":{"counter":5,"key":"9DhRRmtlF4ojkjceGohHqVwGL2Cn1m4ZLCHPUxYNpUw="},"chainType":2,"messageKeys":{}},"BZo114X5qg0GoezkrrL7fV6VrEXJH1WnMiOZX3E7a744":{"chainKey":{"counter":-1,"key":"zdfZPUnazh6kG0k8hn/2ETyf6LOMeCUls697klyuCww="},"chainType":1,"messageKeys":{}}}}},"version":"v1"}