{"_sessions":{"BaEP+QDL2AIHNqjqw3vUW7XdU1mJkLqE9dWT6f3BapBl":{"registrationId":211006415,"currentRatchet":{"ephemeralKeyPair":{"pubKey":"BdGC/JVL8mCauqhQc8DElR2y9Eahrx1vlhJCHvT0APMb","privKey":"eGYl9UwHmaMVc5q0RPi+5QEHI1/cyHDa1/XPMKbl+F4="},"lastRemoteEphemeralKey":"BUqkrcCHCGNJ1cN6CMJg4GbSC7f7V3GSRjzfu8Iflr4G","previousCounter":0,"rootKey":"GERCEyV2qwwLoLVGJVbIc7fRt2+N/yIdWFfV6rGvlm4="},"indexInfo":{"baseKey":"BaEP+QDL2AIHNqjqw3vUW7XdU1mJkLqE9dWT6f3BapBl","baseKeyType":2,"closed":-1,"used":1756484133228,"created":1756484133228,"remoteIdentityKey":"BenKnSO3fS9rBjSyzwkbOg68GuGXy1Gz4z8cZoklAlwJ"},"_chains":{"BUqkrcCHCGNJ1cN6CMJg4GbSC7f7V3GSRjzfu8Iflr4G":{"chainKey":{"counter":2,"key":"oI73W5zkiZALRE0XmSFnwJZsm4LYOiZXI9k55lF5hOE="},"chainType":2,"messageKeys":{}},"BdGC/JVL8mCauqhQc8DElR2y9Eahrx1vlhJCHvT0APMb":{"chainKey":{"counter":-1,"key":"sWvnzIW8XGy6VFF0ltp1Kz7Ij+9rJlniI2yLw/rzv+I="},"chainType":1,"messageKeys":{}}}}},"version":"v1"}