{"_sessions":{"Ba5awHwcpF+jc48uSpHecK585YLgyziYF8ZEsBsW6sgd":{"registrationId":494537393,"currentRatchet":{"ephemeralKeyPair":{"pubKey":"BfXBbnRg0oXHwAZkL+Y8spXbCVgL78BQY+4qAWW6dgYn","privKey":"SO6pnayUj3Db2s2DSu9wudJBjtgl6GHvp8KEg1eEpVM="},"lastRemoteEphemeralKey":"BXw78yui1juo78CNNgI9U2avdn9FeGiI710sej++1aZy","previousCounter":0,"rootKey":"pbSfkfJaW0S4t4vOx2VHXQNCCZtcIJDJKLPRzidB/4o="},"indexInfo":{"baseKey":"Ba5awHwcpF+jc48uSpHecK585YLgyziYF8ZEsBsW6sgd","baseKeyType":2,"closed":-1,"used":1756482844718,"created":1756482844718,"remoteIdentityKey":"BT5VNWOKojEmtkApeDzjOwLAJ1KkeyBudqsVMTjV2RBF"},"_chains":{"BXw78yui1juo78CNNgI9U2avdn9FeGiI710sej++1aZy":{"chainKey":{"counter":0,"key":"H+LL0m7ssdlFZfoCiOzRPuTmrdVDHKBIti1EXIxghLc="},"chainType":2,"messageKeys":{}},"BfXBbnRg0oXHwAZkL+Y8spXbCVgL78BQY+4qAWW6dgYn":{"chainKey":{"counter":-1,"key":"xObOwaL8Ke/73TRb7NY039VNzoCIK7p7Fc8l6V4GF50="},"chainType":1,"messageKeys":{}}}}},"version":"v1"}