{"_sessions":{"BTdSFBdA3g7/VGwo5wdjfiwR1Bt5kHqubtfyY6M3imUe":{"registrationId":133,"currentRatchet":{"ephemeralKeyPair":{"pubKey":"BdcJ5FmdP8mGUsXvClOsUmMvAVwBEnzLJ7+Xxr2X6D1j","privKey":"qPQttlc3eMqW83qlZLLfj1FeGhLQF1JrAmC5QwhgLmk="},"lastRemoteEphemeralKey":"BY3714ZSrbvZYlFd9+Ac86OZG2ksxf4KYmK5l2W3PdAe","previousCounter":0,"rootKey":"/3n7/IL7aEsJ5/NebxVIKQHREyvl9X/soUbCLNAaVSU="},"indexInfo":{"baseKey":"BTdSFBdA3g7/VGwo5wdjfiwR1Bt5kHqubtfyY6M3imUe","baseKeyType":2,"closed":-1,"used":1756484480359,"created":1756482639151,"remoteIdentityKey":"BRc+E9BVmh1SDjX2s/VPIwassRiT79NjOrzWjq5PYHJJ"},"_chains":{"BTrLbVPjXcpsbDIFY3vJTTxGWJrWh375Nz8uOPZsmzgi":{"chainKey":{"counter":1},"chainType":2,"messageKeys":{}},"BZ87opov/Fpi4FZsF3QORJ5WYINWZagvu/L766SXsI9x":{"chainKey":{"counter":0},"chainType":2,"messageKeys":{}},"BQZNCo1gFibhTnu2niXxsHYI0v/+QW/DX4FCaXc4Dh5J":{"chainKey":{"counter":3},"chainType":2,"messageKeys":{}},"BWwNGNE4g6eVyp37zf8xC8HkykzUo/XUb+kXbFoSYiwr":{"chainKey":{"counter":1},"chainType":2,"messageKeys":{}},"BVhxYdgWRMQu3XQUA+ksCXstZB52ilbUfMXhkcpXQxFs":{"chainKey":{"counter":2},"chainType":2,"messageKeys":{}},"BY3714ZSrbvZYlFd9+Ac86OZG2ksxf4KYmK5l2W3PdAe":{"chainKey":{"counter":0,"key":"4/DrD92PrPsZuIAxqalMrmKOteXt+Vcn4BB26OjZw1Q="},"chainType":2,"messageKeys":{}},"BdcJ5FmdP8mGUsXvClOsUmMvAVwBEnzLJ7+Xxr2X6D1j":{"chainKey":{"counter":-1,"key":"so5tXfbSCEoBCglI7Mn+58nwx6zFTIFch004qAeKxXg="},"chainType":1,"messageKeys":{}}}}},"version":"v1"}