{"_sessions":{"BSHD5xcbxxYs+YJ3HI4WkqX3GlZ6rRtd/J5/JoXuCgBf":{"registrationId":66441202,"currentRatchet":{"ephemeralKeyPair":{"pubKey":"BbyBYzCeIpwzpOC5Imtkm5iVYVjAMGRNDo2Ajqn7QCwr","privKey":"GI1GwyX/9SuJ7zMv/jLSE8pE6f64JEeEXriH4ItthF8="},"lastRemoteEphemeralKey":"BV7zvrBUBQ/LUmi/qwj+oS7vugXxROJNUh5Js3yC77c5","previousCounter":0,"rootKey":"wqyZMdYLP6lwFeEIQbFijR19gYHo71wN3kKwFVisWu8="},"indexInfo":{"baseKey":"BSHD5xcbxxYs+YJ3HI4WkqX3GlZ6rRtd/J5/JoXuCgBf","baseKeyType":2,"closed":-1,"used":1756483306559,"created":1756483306559,"remoteIdentityKey":"Baqy4WANBrp+f0zuKH2ItZn/4JqgTzZuK1nq0FJd7kxz"},"_chains":{"BV7zvrBUBQ/LUmi/qwj+oS7vugXxROJNUh5Js3yC77c5":{"chainKey":{"counter":0,"key":"k+J5CLRaaFBZ0fG2/du5OJ/lC2HFnaFKOxAgetOoV2c="},"chainType":2,"messageKeys":{}},"BbyBYzCeIpwzpOC5Imtkm5iVYVjAMGRNDo2Ajqn7QCwr":{"chainKey":{"counter":-1,"key":"C78SDNKe94k3bxYBaw2uQo0reZkVteKRa+TMlXP0l3o="},"chainType":1,"messageKeys":{}}}}},"version":"v1"}