{"_sessions":{"BfBGw7vWq8TFzH2VYw4IuuNCVRs91DR4KwMbiI5etOkz":{"registrationId":1553791461,"currentRatchet":{"ephemeralKeyPair":{"pubKey":"BQXZFk7PBFSluWOSgI9XO9smY6txrmzzaCQrlsJVXRoy","privKey":"gDlG7yVAAIqN6wkJm+PRILgHSdVf82Ptf4Ja9vi4/VI="},"lastRemoteEphemeralKey":"BVhQctwsot1e/Sket0X40z976I8IqfqtWLUPD2Y+VBwM","previousCounter":0,"rootKey":"YIPxb5WasX8nZ4v0671DKZICjHMKNn7wbowvEH6nuqI="},"indexInfo":{"baseKey":"BfBGw7vWq8TFzH2VYw4IuuNCVRs91DR4KwMbiI5etOkz","baseKeyType":2,"closed":-1,"used":1756482905039,"created":1756482905039,"remoteIdentityKey":"BdzxFAkv6sdw5Zwqeb2EndK9bS598W9yo723cDaNZ2hr"},"_chains":{"BVhQctwsot1e/Sket0X40z976I8IqfqtWLUPD2Y+VBwM":{"chainKey":{"counter":0,"key":"dUBvWhzJM7SNGix8OSqmG5YGmi0o/9UK5XxJDaAngI4="},"chainType":2,"messageKeys":{}},"BQXZFk7PBFSluWOSgI9XO9smY6txrmzzaCQrlsJVXRoy":{"chainKey":{"counter":-1,"key":"74inFZ9iER8nds7SGjlBb6VzvFjpZQxwNfjGNW3v9l4="},"chainType":1,"messageKeys":{}}}}},"version":"v1"}