{"_sessions":{"BcLrfLRhAl/F8Bk7hEoHL9s9RYzOXt6GjKz8eiTI2glp":{"registrationId":1125709162,"currentRatchet":{"ephemeralKeyPair":{"pubKey":"BRISugEFs91eqb4uBm3TkJ76F99JdNleZavt+kshRRcA","privKey":"mAV9hHGLwo/B5pI3ErORSXzwHPNprcuBMjv7KP0sPk4="},"lastRemoteEphemeralKey":"Bf3Apg7zRxldfnjQPvF3292P9sKXNuhvm9kN9OUky8d2","previousCounter":0,"rootKey":"IbXsFd3RRNy3khNfoLNSJmsj9U52H5e2K0FC3/rq/Z0="},"indexInfo":{"baseKey":"BcLrfLRhAl/F8Bk7hEoHL9s9RYzOXt6GjKz8eiTI2glp","baseKeyType":2,"closed":-1,"used":1756483663451,"created":1756483663451,"remoteIdentityKey":"BRj27CrJFcWA41oUR6wkLlovHYQn9bJ18ay6gflRwm9d"},"_chains":{"Bf3Apg7zRxldfnjQPvF3292P9sKXNuhvm9kN9OUky8d2":{"chainKey":{"counter":0,"key":"6e/HsBXMAOUHv5zXDSZGJp2S5rc2tM2vEoKwV3Ec/2g="},"chainType":2,"messageKeys":{}},"BRISugEFs91eqb4uBm3TkJ76F99JdNleZavt+kshRRcA":{"chainKey":{"counter":-1,"key":"CHyRo7W7w5RG3+SAAcd1mxkvPCKwIMyUnUI+Y9l+mSA="},"chainType":1,"messageKeys":{}}}}},"version":"v1"}