{"_sessions":{"BQI2va32APTFqpeC+utvOISV3bO28apv0AjGqcMK6SMZ":{"registrationId":1229259602,"currentRatchet":{"ephemeralKeyPair":{"pubKey":"BYcGUaDPmEEg0sbL5wAkzvzrdUUJ9q51D9U9prJEQQUD","privKey":"eHcuaIda3ntvfhmov4aT4li0Sp3ArYq1Qn9SnvAuu1g="},"lastRemoteEphemeralKey":"BXwnH5JIOqYjyYcdeubf2tF2eSIZSmi4FYew78VshV8f","previousCounter":0,"rootKey":"TOSaKutZJkemxEM9GfHPL/iEWjDaWFz+MpkQ3I1ztzk="},"indexInfo":{"baseKey":"BQI2va32APTFqpeC+utvOISV3bO28apv0AjGqcMK6SMZ","baseKeyType":2,"closed":-1,"used":1756484153812,"created":1756484153812,"remoteIdentityKey":"BQVYtv6N7srMfpDXSv7FZiCIq4xc0kEbtrhf4aF+LwtT"},"_chains":{"BXwnH5JIOqYjyYcdeubf2tF2eSIZSmi4FYew78VshV8f":{"chainKey":{"counter":0,"key":"q9JJHwxUynesjf6E/y8iRzcJdv0hFjXyfQlOUuIzMCo="},"chainType":2,"messageKeys":{}},"BYcGUaDPmEEg0sbL5wAkzvzrdUUJ9q51D9U9prJEQQUD":{"chainKey":{"counter":-1,"key":"UcXzh8YVIvkQC2Blp11Ls8c9NbxKPLwYC+bdPAJxzWI="},"chainType":1,"messageKeys":{}}}}},"version":"v1"}