{"_sessions":{"BfO+8FF3QrQP+WPjAHS7JnRzz0vQWe49RK1Yos4bloFE":{"registrationId":1688690266,"currentRatchet":{"ephemeralKeyPair":{"pubKey":"BQyy8TGpv7jsUuD4tMvhYZBIHNdm2ig2ALRaQBS3jLFb","privKey":"8Phxd7FlQ5tW3OUqn13gxP2A4SdIf40m39L2f21qOlQ="},"lastRemoteEphemeralKey":"BaquwuuFdmO3ZXNMgbWGz7n0hnzpDH7h8N/01RTLHUhO","previousCounter":0,"rootKey":"6/fk56nE7NYfaHIETVNiBBNqf1B8AjuBuqV2asIe15c="},"indexInfo":{"baseKey":"BfO+8FF3QrQP+WPjAHS7JnRzz0vQWe49RK1Yos4bloFE","baseKeyType":2,"closed":-1,"used":1756483010877,"created":1756483010877,"remoteIdentityKey":"BW+jNWN+BV/4zoQA2qchGZ+l21YCqaFiX6ak9KAJjrVa"},"_chains":{"BaquwuuFdmO3ZXNMgbWGz7n0hnzpDH7h8N/01RTLHUhO":{"chainKey":{"counter":1,"key":"WtdGsljuaioHowft4zeRCI+rGt71t1bq8F6ikDGQQsE="},"chainType":2,"messageKeys":{}},"BQyy8TGpv7jsUuD4tMvhYZBIHNdm2ig2ALRaQBS3jLFb":{"chainKey":{"counter":-1,"key":"R9G/wFX4mlh6ExDWAee320Xe2WKoYqY7N6Gkvf3VNDg="},"chainType":1,"messageKeys":{}}}}},"version":"v1"}