{"_sessions":{"BTmuNcOFjQ3qa/wdvLn/6REm7R/G+dxLlXs3ZKaHXbRy":{"registrationId":1718488652,"currentRatchet":{"ephemeralKeyPair":{"pubKey":"BdIBzc51CAOmfuEbx35NIX/kb6M3yKrzk7dzCRIsywV4","privKey":"+M5aRLs64BXMLisb6jzI3lSFZXrgQr4ZvvmML5Aio2Y="},"lastRemoteEphemeralKey":"BVSeskTuhXqB7Yrm4h39JFvn2lOK8SBJCvCNy73XMpww","previousCounter":0,"rootKey":"ew+1Ie7Covy7K3EnIyfCcf9quFiLi4gKlURzK6ZwKKk="},"indexInfo":{"baseKey":"BTmuNcOFjQ3qa/wdvLn/6REm7R/G+dxLlXs3ZKaHXbRy","baseKeyType":2,"closed":-1,"used":1756482744763,"created":1756482744763,"remoteIdentityKey":"BSesJm+/3+8dxmXtZmCvfqwFg/GCDJJ5FwidvoUpfH5P"},"_chains":{"BVSeskTuhXqB7Yrm4h39JFvn2lOK8SBJCvCNy73XMpww":{"chainKey":{"counter":1,"key":"VuD0+F+2GSrddR4G1e1qcTLZsILgMY1W2kQiPZJhM14="},"chainType":2,"messageKeys":{}},"BdIBzc51CAOmfuEbx35NIX/kb6M3yKrzk7dzCRIsywV4":{"chainKey":{"counter":-1,"key":"+utNYeemL4OE1uH2r0IAtgFY0NfozUkM5EFg4QcNias="},"chainType":1,"messageKeys":{}}}}},"version":"v1"}