{"_sessions":{"BTZUr3cKdtlOicZ6L/+GX+8Lw5xaKZ1EXzWsc3TL0Jlu":{"registrationId":1512283911,"currentRatchet":{"ephemeralKeyPair":{"pubKey":"BePVRIcASYaU1mGZU3r3RytAHvxbq3BFG1EtNR+h5pIc","privKey":"kBuguBP6M3842rbLbp5d9pYrsM78m7Zi693rWxE5HWY="},"lastRemoteEphemeralKey":"BQIxEGXYAIJ0vw73XlawpC76Nd/ZdYhv3KCVtrnXridk","previousCounter":0,"rootKey":"ZZwta4ngygNc4fvNUAYCY+qqeiRGv/iQhy1JLlpAvZQ="},"indexInfo":{"baseKey":"BTZUr3cKdtlOicZ6L/+GX+8Lw5xaKZ1EXzWsc3TL0Jlu","baseKeyType":2,"closed":1756482667945,"used":1756482667667,"created":1756482628991,"remoteIdentityKey":"BQb2AV87EznGyh7eAy/Dj3yan0LS7YhAVW0mVQkj3KU3"},"_chains":{"BSw0Cv15HJWiQCXFUpjg+6wHN848ELgZ2yA5dnHah2BV":{"chainKey":{"counter":9},"chainType":2,"messageKeys":{}},"BePQB8ud7omaHt4Q6qwZ+FvsmG8Ke1Hift/0S/U6Q1kc":{"chainKey":{"counter":2},"chainType":2,"messageKeys":{}},"BQIxEGXYAIJ0vw73XlawpC76Nd/ZdYhv3KCVtrnXridk":{"chainKey":{"counter":0,"key":"qxgtJ1b78dh687RnEtfTBk+OofAHcvG0aZ8gl7A81hY="},"chainType":2,"messageKeys":{}},"BePVRIcASYaU1mGZU3r3RytAHvxbq3BFG1EtNR+h5pIc":{"chainKey":{"counter":-1,"key":"pIgUxy8/yR9rq3B105TEAQrDGbE7hB2Dg+wJgBD1qco="},"chainType":1,"messageKeys":{}}}},"BYmjJiO27cELogs3sEvCw24wzVY6QawWVUdyjnf9my8L":{"registrationId":1512283911,"currentRatchet":{"ephemeralKeyPair":{"pubKey":"BaPQhxKjEjRzmqS2SMWCatKUY3ykn9/+ZSQmk+OOpkRS","privKey":"cAeKoXilvUCDdcP8W4CyRS74RL/BJX4L1moE0l7Aj2I="},"lastRemoteEphemeralKey":"BSdHR9B/wyh60RzXGC8cLrX8yzqRr6DJYcuR005IbXk1","previousCounter":0,"rootKey":"0whNy6A6WtYGmoiyTxR2nfVgy0Mgvg0Mjk2m+35L2A0="},"indexInfo":{"baseKey":"BYmjJiO27cELogs3sEvCw24wzVY6QawWVUdyjnf9my8L","baseKeyType":2,"closed":-1,"used":1756483402883,"created":1756482667946,"remoteIdentityKey":"BQb2AV87EznGyh7eAy/Dj3yan0LS7YhAVW0mVQkj3KU3"},"_chains":{"Bdr/Kzgz0MsJ8gsIPRnD6zLYH21uCwTdLpGsbAkQXGUX":{"chainKey":{"counter":0},"chainType":2,"messageKeys":{}},"Be6hp1SVv/ta9AB5eJvM9bLDHDOteXsKO+r6MM/dEwB+":{"chainKey":{"counter":1},"chainType":2,"messageKeys":{}},"BZJGXzk7cKldCeRso6s/jj80Qtq428jVwBt7fMzWdVsj":{"chainKey":{"counter":3},"chainType":2,"messageKeys":{}},"BXOVsuwFooLZZ6n/vrwV98dRXWC4ARzQ8ISN2vnsHx4n":{"chainKey":{"counter":0},"chainType":2,"messageKeys":{}},"BYBb81LePuPwQZcCo+xgu3irnf5bdvYYdL9IQAM7LEZX":{"chainKey":{"counter":0},"chainType":2,"messageKeys":{}},"BRy0jZuWoa/m/ESb1tJCusNIHeD7gzn0Z6LN7qQYolkz":{"chainKey":{"counter":1},"chainType":2,"messageKeys":{}},"BRi9VJHgDZv5rtWNKzB8iv14Fzh4DaDWI9epgYfe8YpS":{"chainKey":{"counter":3},"chainType":2,"messageKeys":{}},"BVAlQpPZczQjabw5vlI7aOqu5oItIQNo9qYYOCky4Ngn":{"chainKey":{"counter":0},"chainType":2,"messageKeys":{}},"BYOfs/kzOIZkQXsN9eFaQf02DpzfuXSly1lVqUh3p51y":{"chainKey":{"counter":3},"chainType":2,"messageKeys":{}},"BSRq7SlkDjVVLb4pD9rN2SF+4ZHnUNVBeiETF5nuDy5K":{"chainKey":{"counter":3},"chainType":2,"messageKeys":{"3":"0m6rHigb8eP7TrCv4PeQW+pzVDIfN68Nxmkgwcwo2Sw="}},"BWDF0+BA6v3E+1NsKmIib/Xk+KsFvw/eCHMpgPjuBkAR":{"chainKey":{"counter":1},"chainType":2,"messageKeys":{"1":"i1h8H75aSzIxO+PHXl0SgtDeaZvs30f/OqmW/u3SwVg="}},"BalodEV20uQAxhHsFnaHDyYSr+jB2/y4023jgpWR3+Nj":{"chainKey":{"counter":4},"chainType":2,"messageKeys":{}},"BSdHR9B/wyh60RzXGC8cLrX8yzqRr6DJYcuR005IbXk1":{"chainKey":{"counter":2,"key":"inYJ01c/YCCixgRkTqAoAoOFLDTHP1o/rRe7QwqZXPY="},"chainType":2,"messageKeys":{}},"BaPQhxKjEjRzmqS2SMWCatKUY3ykn9/+ZSQmk+OOpkRS":{"chainKey":{"counter":-1,"key":"EVWJ3DY3kMKMVPWhR/G/Y+ODYc8d8VCZVKuBaK5BdO0="},"chainType":1,"messageKeys":{}}}}},"version":"v1"}