{"_sessions":{"BXpjmZ1IUg9n2ijU7Iraqtciba072qxbYoRKta9m43AA":{"registrationId":1380169565,"currentRatchet":{"ephemeralKeyPair":{"pubKey":"BRqY/o07hLLcNvSQRG1LDMrtBpItE1gGWZceCuruSekw","privKey":"WE8nQtuEWL8KH38iJrZk512gm2coowI9SAfAVyQsVFg="},"lastRemoteEphemeralKey":"BaG8FS7ENc9CFEVfH8Azkuk48+A70A7bostNkWxjBIZt","previousCounter":0,"rootKey":"dUFxG9n/69jnQ+V3vk0lpAAdjCcHHfNIi2ZM1eTz6vI="},"indexInfo":{"baseKey":"BXpjmZ1IUg9n2ijU7Iraqtciba072qxbYoRKta9m43AA","baseKeyType":2,"closed":-1,"used":1756483272120,"created":1756483272120,"remoteIdentityKey":"BVHpMJOIXclMrlj+pnz2R18fRL4fCJ0FTGS8GyCXbbcF"},"_chains":{"BaG8FS7ENc9CFEVfH8Azkuk48+A70A7bostNkWxjBIZt":{"chainKey":{"counter":1,"key":"u52cOdWFtr5FLW5f8JWwgLUaNQJHH37zrW/6iVkuhiw="},"chainType":2,"messageKeys":{}},"BRqY/o07hLLcNvSQRG1LDMrtBpItE1gGWZceCuruSekw":{"chainKey":{"counter":-1,"key":"1wEh88ZlCyQjvlGT8dqTEOT9NSNdN6ugaissNstEzgQ="},"chainType":1,"messageKeys":{}}}}},"version":"v1"}