{"_sessions":{"BUQp8eOnK8qr3xzXFCriBz5hW7JagegjZ9xkjumiY+F7":{"registrationId":1462012723,"currentRatchet":{"ephemeralKeyPair":{"pubKey":"BfCpuP2qezLn/6Qf3LBFp1W954ce1KQX7MVCJbXNoeNr","privKey":"ePk6gGwlOnXHF3IUvMB7Jhmqc7ujxV6egzAAzLYot0c="},"lastRemoteEphemeralKey":"Bbi0mL68ENzqNSq761mbKg5uc9hNUZhatT/ykk4/Wd4g","previousCounter":0,"rootKey":"cKyPWgK8oiodneo8IfKDmYm2kjoCCKIKHh5u+CBIQ3s="},"indexInfo":{"baseKey":"BUQp8eOnK8qr3xzXFCriBz5hW7JagegjZ9xkjumiY+F7","baseKeyType":2,"closed":-1,"used":1756483629236,"created":1756483629236,"remoteIdentityKey":"BWeroPgPUvqPzL77u/DuziDMZG3nLdOE9q4Sy75ngG8r"},"_chains":{"Bbi0mL68ENzqNSq761mbKg5uc9hNUZhatT/ykk4/Wd4g":{"chainKey":{"counter":0,"key":"whsa+7Lb/aV7DZ6tlyVszA7JwWNRRZzt+WwNnl1vdSk="},"chainType":2,"messageKeys":{}},"BfCpuP2qezLn/6Qf3LBFp1W954ce1KQX7MVCJbXNoeNr":{"chainKey":{"counter":-1,"key":"xm5rk5fH0U+EAxl6jM0qXsFe/G06svVZPHKA99JJHcg="},"chainType":1,"messageKeys":{}}}}},"version":"v1"}