{"_sessions":{"BekGJiu3vKxITMDXWdTWkXEQFy3yYTmUyPWQnF7DyAgt":{"registrationId":1819422455,"currentRatchet":{"ephemeralKeyPair":{"pubKey":"BfkmsCBRqVkIictlz2hTHTkZ/obafUHe60WsZf93TtwK","privKey":"UO+Hkz9nMxAdihkRKjrmImqmRAVc3fwLodelEBrp+lI="},"lastRemoteEphemeralKey":"BaY+EHls5EXM8tg2/okM4msJDEaWAsUWoVhIQTLGX4lz","previousCounter":0,"rootKey":"SWAMWRCAI+A7Jkr8Nm2sHq33A277SvJoWU1jXzGzs4E="},"indexInfo":{"baseKey":"BekGJiu3vKxITMDXWdTWkXEQFy3yYTmUyPWQnF7DyAgt","baseKeyType":2,"closed":-1,"used":1756482781630,"created":1756482781630,"remoteIdentityKey":"BYXaUCor2Dqo2mHJ5zIq6SpQj04TNdEUkn2naqQZmV9m"},"_chains":{"BaY+EHls5EXM8tg2/okM4msJDEaWAsUWoVhIQTLGX4lz":{"chainKey":{"counter":0,"key":"lJV0RHmVQ88voJEEVJ2jcqSB3NoJwSNAmRjOyvmKFFg="},"chainType":2,"messageKeys":{}},"BfkmsCBRqVkIictlz2hTHTkZ/obafUHe60WsZf93TtwK":{"chainKey":{"counter":-1,"key":"rLL7oRCfFQ8HNaygZHGHniCBIVqHm33tRTi1sgnmWtI="},"chainType":1,"messageKeys":{}}}}},"version":"v1"}