{"_sessions":{"BfnSQ768T1lJTCLYigsghFh/BEp9iMmHNSTsczCpDUhH":{"registrationId":1741570680,"currentRatchet":{"ephemeralKeyPair":{"pubKey":"BRV2bvthzbtvg8xZnVe2t9zmHcLDn5yAVfQ0HT+WX3F2","privKey":"WF0sigPJsZkLUY6Fj4J3l9bY8c41lh1oSnQLbI5byV4="},"lastRemoteEphemeralKey":"BaF+E5cvpHw+c1M7LmyWWaoD1O7mtPbtDhtVY++NzQQ/","previousCounter":0,"rootKey":"+wRGtDm9cdhrRgH8XpJEg7+sBeT2sZaNPAkeSiicGwo="},"indexInfo":{"baseKey":"BfnSQ768T1lJTCLYigsghFh/BEp9iMmHNSTsczCpDUhH","baseKeyType":2,"closed":-1,"used":1756484457289,"created":1756484457289,"remoteIdentityKey":"BUTzcn1EoK2seUwo7Qcs+LApxHX5jcwwYYeQIaCrrnBK"},"_chains":{"BaF+E5cvpHw+c1M7LmyWWaoD1O7mtPbtDhtVY++NzQQ/":{"chainKey":{"counter":0,"key":"OSQcmSEK67im8I0V5HDxSJtwNfl8fHc972tQhF02Xt0="},"chainType":2,"messageKeys":{}},"BRV2bvthzbtvg8xZnVe2t9zmHcLDn5yAVfQ0HT+WX3F2":{"chainKey":{"counter":-1,"key":"GeR5761ktNfgZ5lmYkdPWNvqMsu6ZevBzPcFentMjug="},"chainType":1,"messageKeys":{}}}}},"version":"v1"}