{"_sessions":{"BV09dycmad2o3J/zpmjbQGC+kz+amAOv6QVgebR1ST00":{"registrationId":250156492,"currentRatchet":{"ephemeralKeyPair":{"pubKey":"BQ5ofd3GiQ9jlOMYYJxRaTPQNZlYoey1Ie/4FpnzykZi","privKey":"OJ2DWU2/1kXx4rnnu2vapKReGinZ0nUuf822V/3DoGY="},"lastRemoteEphemeralKey":"BVKcPQV6Z2Mkb9F5yBnfGLtc90P1I6QyQgzfM/l3vfwI","previousCounter":0,"rootKey":"Tz6WmdbJC0CHQxbehBGuKP0jKcdIGEPTLfFJF9a+IL4="},"indexInfo":{"baseKey":"BV09dycmad2o3J/zpmjbQGC+kz+amAOv6QVgebR1ST00","baseKeyType":2,"closed":-1,"used":1756484358245,"created":1756484358245,"remoteIdentityKey":"BRrSFkiTYYCoR21I5/g45VZXCifB5FVGaszXemYaeOxx"},"_chains":{"BVKcPQV6Z2Mkb9F5yBnfGLtc90P1I6QyQgzfM/l3vfwI":{"chainKey":{"counter":0,"key":"yi4ZPOpzCojbq55nNdzK6iC5HFFo3l0c9ccBUWAaFnw="},"chainType":2,"messageKeys":{}},"BQ5ofd3GiQ9jlOMYYJxRaTPQNZlYoey1Ie/4FpnzykZi":{"chainKey":{"counter":-1,"key":"oPy5Q8DvVQr0ubJpR7nDuE6JMbTvUJuiuNY2zD86hAI="},"chainType":1,"messageKeys":{}}}}},"version":"v1"}