{"_sessions":{"BTSxVi8TFIRG7HDz2J9//iLbfMXYk2Ocp+OHDxYWkRww":{"registrationId":730766352,"currentRatchet":{"ephemeralKeyPair":{"pubKey":"BY8p0fr03lbmKh3XSXNHp6Kpvem1JXroX0iFFThFPwkd","privKey":"sMA5Br/r6T1p67yVnaEZG1KMu4pVzwMBBgVar3L/RlE="},"lastRemoteEphemeralKey":"BXx6bIndMCSYMyBKEuEc4wtGn0ANAXvstZmFjqpuRbgu","previousCounter":0,"rootKey":"xWabuAMCOmxgqkU4evUzHiepDeo4ALcP7WcBuZb4iOU="},"indexInfo":{"baseKey":"BTSxVi8TFIRG7HDz2J9//iLbfMXYk2Ocp+OHDxYWkRww","baseKeyType":1,"closed":-1,"used":1756482667989,"created":1756482667989,"remoteIdentityKey":"Bdz7kj4wT582R7FzKQZE7QtNYXAhv7pnu0FmpyI/le10"},"_chains":{"BY8p0fr03lbmKh3XSXNHp6Kpvem1JXroX0iFFThFPwkd":{"chainKey":{"counter":4,"key":"rzRvfLJ9rx9vWyjR4B3r/DDMYd8QcI8tqhnHFmlkP2U="},"chainType":1,"messageKeys":{}}},"pendingPreKey":{"signedKeyId":3,"baseKey":"BTSxVi8TFIRG7HDz2J9//iLbfMXYk2Ocp+OHDxYWkRww","preKeyId":11699114}}},"version":"v1"}