{"_sessions":{"BYqPc1onpgR9qaXMC1KGQ1bwhIUF/1KzaUtCCQ0TuD4Z":{"registrationId":588105176,"currentRatchet":{"ephemeralKeyPair":{"pubKey":"BTfNTGV6TsBo0R1pv/vfeTIXS/j6lSN3rkjaSiyD8UBx","privKey":"KJMzEgHCxYJjORzjxvVnBEx26vjW5dgR9oDVwtF3/2s="},"lastRemoteEphemeralKey":"BYIAgBxfg+MLzSkgAPbSENQsupYh7gwOy6aDZHZJDy09","previousCounter":0,"rootKey":"vjzXSBPzCU85c/rBRlFs+BmogXYMCpCHHV6d/80+ziA="},"indexInfo":{"baseKey":"BYqPc1onpgR9qaXMC1KGQ1bwhIUF/1KzaUtCCQ0TuD4Z","baseKeyType":2,"closed":-1,"used":1756482837473,"created":1756482837473,"remoteIdentityKey":"BZEPnKvRRDoXVX4FV11SqR/ZWU4PUJXdOP+UyliQzfkp"},"_chains":{"BYIAgBxfg+MLzSkgAPbSENQsupYh7gwOy6aDZHZJDy09":{"chainKey":{"counter":0,"key":"eTAyjjh1S9rNbcFFF/A0zM5N2VzNJbr0VV+4pfjyEBU="},"chainType":2,"messageKeys":{}},"BTfNTGV6TsBo0R1pv/vfeTIXS/j6lSN3rkjaSiyD8UBx":{"chainKey":{"counter":-1,"key":"GjOPkCu5/tr/UlfStJSF8/AxiPW+J5iacQMvdIhsiac="},"chainType":1,"messageKeys":{}}}}},"version":"v1"}