{"_sessions":{"BRfHUgN+9Mr/vuT04FP6xCyIBTexPl1uIwYObjY7U2xc":{"registrationId":1377613514,"currentRatchet":{"ephemeralKeyPair":{"pubKey":"BY5Rwh5GCnD5T8dmF1bLESsiABmF+tYW+R5uvHXZ+rcs","privKey":"wNQ7hpKmkMZ82XDR1qe3QRBnsn78oZh5jV8VTqD1nnU="},"lastRemoteEphemeralKey":"BWURS+YxRE1ucANPZd0SI46qvFYqXWPM3xc5T14e+NsP","previousCounter":0,"rootKey":"42C+q0UjQJG14iwm86onUXHZLt/CPqRj/v0G7mJ6x04="},"indexInfo":{"baseKey":"BRfHUgN+9Mr/vuT04FP6xCyIBTexPl1uIwYObjY7U2xc","baseKeyType":2,"closed":-1,"used":1756482814548,"created":1756482814548,"remoteIdentityKey":"BTdh/ZcM77MSTIs4oddGMGcuD4lVjPhNjpq+dMkAddAa"},"_chains":{"BWURS+YxRE1ucANPZd0SI46qvFYqXWPM3xc5T14e+NsP":{"chainKey":{"counter":0,"key":"CUxIWYVEsRhkZLAmxeIzoX13+NKWPfT72uxuc2FTzik="},"chainType":2,"messageKeys":{}},"BY5Rwh5GCnD5T8dmF1bLESsiABmF+tYW+R5uvHXZ+rcs":{"chainKey":{"counter":-1,"key":"etyowDgAWKx0MvLMLLToPPZc4ghsBfI32dwBP5k3UaA="},"chainType":1,"messageKeys":{}}}}},"version":"v1"}