{"_sessions":{"BcUKIu/u3NyHZv60bWHba1BdVppvgprQRaS7BRvVT1dM":{"registrationId":1174031637,"currentRatchet":{"ephemeralKeyPair":{"pubKey":"BcVV4rq0XXse3e7vmQlWln4bg0uC/PpcQsu/Q49o1U9L","privKey":"iLtIuKPKULKvk54loIl5njcNrkTlBR2DBd3di5oUsWg="},"lastRemoteEphemeralKey":"BbXr1ADI6G+nq1RY3+uZegQZg76K+bgWCf/5+Sio0z1e","previousCounter":0,"rootKey":"7cZaSFBmlaa82dThf1WRMCSDCOcirZNScCqAK/fmZyQ="},"indexInfo":{"baseKey":"BcUKIu/u3NyHZv60bWHba1BdVppvgprQRaS7BRvVT1dM","baseKeyType":2,"closed":-1,"used":1756484006997,"created":1756484006997,"remoteIdentityKey":"BWGhYqCKXeuVXLNb+WLX98n2ZPIkz2htl9cqJr0q1scU"},"_chains":{"BbXr1ADI6G+nq1RY3+uZegQZg76K+bgWCf/5+Sio0z1e":{"chainKey":{"counter":0,"key":"tj+Y4Qbtqvg62V5vi6LCnzjuWIWIcQSSZPJ7VXKOuKA="},"chainType":2,"messageKeys":{}},"BcVV4rq0XXse3e7vmQlWln4bg0uC/PpcQsu/Q49o1U9L":{"chainKey":{"counter":-1,"key":"8CQg+oSyH5S+BR4CshSpGuOcyoB7bgsHSRF1gf29JIs="},"chainType":1,"messageKeys":{}}}}},"version":"v1"}