{"_sessions":{"BfragrcCIkWOCg7HGlpddehPV3TPlONICTTMcnteyhFz":{"registrationId":1373895335,"currentRatchet":{"ephemeralKeyPair":{"pubKey":"BSu7CmFUoLiZHhW34X5liwqws6X//LgMo4t2WqPqSPNB","privKey":"KBXS8tjYJBGX8VyAx8Rtw9i8UZxDzTI3ocd958dlCFE="},"lastRemoteEphemeralKey":"Bfdww9NvMpRHPfFy6vHAp/kdCMuLTTtiA4fAMT6EzBwL","previousCounter":0,"rootKey":"dVcz7OguYd02n6AHFuH0SmKxCxsqrw64E6PzLScBu24="},"indexInfo":{"baseKey":"BfragrcCIkWOCg7HGlpddehPV3TPlONICTTMcnteyhFz","baseKeyType":2,"closed":-1,"used":1756482666506,"created":1756482666506,"remoteIdentityKey":"BdTePA4Mf4F4TlOb6hiGWZuucyF+k7eiQwRiYagzorEJ"},"_chains":{"Bfdww9NvMpRHPfFy6vHAp/kdCMuLTTtiA4fAMT6EzBwL":{"chainKey":{"counter":0,"key":"BmyCooiXLkvIuVtpdHyUfB8ZewKua58rnDC7GaYYnx8="},"chainType":2,"messageKeys":{}},"BSu7CmFUoLiZHhW34X5liwqws6X//LgMo4t2WqPqSPNB":{"chainKey":{"counter":-1,"key":"wZg2Gb4JfB4+C7+cTqbHHy3xWMfj5b07RcJ9d9ky22w="},"chainType":1,"messageKeys":{}}}}},"version":"v1"}