{"_sessions":{"BRZIJsf2jVhUmtov5SCce7X3wYOoAPGS5O7kL8xj9VEX":{"registrationId":1408016167,"currentRatchet":{"ephemeralKeyPair":{"pubKey":"BU8ijucS43FI9S5JxxJ+DEZIQAbPZTGC1X371T8lLoEs","privKey":"kJeywoB2b6ZJKWwPEk/BsctLmFMXJskiNuK45o8d3X8="},"lastRemoteEphemeralKey":"BehTAnYdPQckN+x2gHs0Vi82cAcww8ZhBHbOjFmiWDcW","previousCounter":0,"rootKey":"k9k/NRmq2loHWXHyVg43i+0LRs8gHmENeuHRx7s8hZA="},"indexInfo":{"baseKey":"BRZIJsf2jVhUmtov5SCce7X3wYOoAPGS5O7kL8xj9VEX","baseKeyType":2,"closed":-1,"used":1756482635023,"created":1756482635023,"remoteIdentityKey":"Be9xOKu3e3FYwrUUwbCHhF7vnAZpdZFvXXLMlBtCgVkh"},"_chains":{"BehTAnYdPQckN+x2gHs0Vi82cAcww8ZhBHbOjFmiWDcW":{"chainKey":{"counter":2,"key":"gEaLZHcEGw5hziwc10na5tJWLeQ7WD0q4uKuAGJ4xO8="},"chainType":2,"messageKeys":{}},"BU8ijucS43FI9S5JxxJ+DEZIQAbPZTGC1X371T8lLoEs":{"chainKey":{"counter":-1,"key":"XcKIE02WiN7Eg6suko08aK6QF83TijIiP1F+7RSMax4="},"chainType":1,"messageKeys":{}}}}},"version":"v1"}