{"_sessions":{"BTbq99D2Qvoc2kKBsJ6bKezPVtmUseNR8ibnCm4R6uYO":{"registrationId":1512283911,"currentRatchet":{"ephemeralKeyPair":{"pubKey":"BaHdNvDTqQwi0vseNaM306myFYFMvfdq3EOjWTYtorNy","privKey":"SC8G0WFyyhWg/V1/cbx3ElbBcFJ+Hd+9zum1jOMv/2A="},"lastRemoteEphemeralKey":"BcT2E3lw9f8tsyKWaypA1qyIJ7+Mnet0vo+wgnG8OMtE","previousCounter":0,"rootKey":"SkTffIhTwZhoRs2V2BHyVC/fyyxQ6fs0HPZo+ORqK3o="},"indexInfo":{"baseKey":"BTbq99D2Qvoc2kKBsJ6bKezPVtmUseNR8ibnCm4R6uYO","baseKeyType":1,"closed":1756482970255,"used":1756482649122,"created":1756482649122,"remoteIdentityKey":"BQb2AV87EznGyh7eAy/Dj3yan0LS7YhAVW0mVQkj3KU3"},"_chains":{"BaHdNvDTqQwi0vseNaM306myFYFMvfdq3EOjWTYtorNy":{"chainKey":{"counter":9,"key":"kktM952o2j24gWW7S0G2F8QvLbHU6jfwKKVUJJZyKZ8="},"chainType":1,"messageKeys":{}}},"pendingPreKey":{"signedKeyId":1,"baseKey":"BTbq99D2Qvoc2kKBsJ6bKezPVtmUseNR8ibnCm4R6uYO","preKeyId":3111916}},"BfXDZGV2JyOYD+OmFqY5b2axZc89Uy5yU9gFbZWwrKV/":{"registrationId":1512283911,"currentRatchet":{"ephemeralKeyPair":{"pubKey":"BdEkBff71UiZxM+MvyygT1VnYJszYwoSh4d8LgovSDxm","privKey":"yHptFGQ6FpO9kyaVQJBcjkGJVDuYapEoDYW6P2nT9mE="},"lastRemoteEphemeralKey":"BSO02qOjWGepIrg515lKeAu2lSP4reXFv/iCbGqs9Yw9","previousCounter":0,"rootKey":"cvThD7ANhv9KoAQYh8jFQaXzBCeQ6IkC4jRfxsyLqow="},"indexInfo":{"baseKey":"BfXDZGV2JyOYD+OmFqY5b2axZc89Uy5yU9gFbZWwrKV/","baseKeyType":2,"closed":-1,"used":1756482970256,"created":1756482970256,"remoteIdentityKey":"BQb2AV87EznGyh7eAy/Dj3yan0LS7YhAVW0mVQkj3KU3"},"_chains":{"BSO02qOjWGepIrg515lKeAu2lSP4reXFv/iCbGqs9Yw9":{"chainKey":{"counter":0,"key":"xXklxzk9nM+wKB8IurqjBtcSNqek9y2pDgnNkpvPitU="},"chainType":2,"messageKeys":{}},"BdEkBff71UiZxM+MvyygT1VnYJszYwoSh4d8LgovSDxm":{"chainKey":{"counter":0,"key":"gJ/oLbrLabk1cU+Myb/wC8Qgrwda6dgN9VthciT7vAU="},"chainType":1,"messageKeys":{}}}}},"version":"v1"}