{"_sessions":{"BWZElDFD6XDT5YfzEJJ6fpZ+9gB3EI62ymsAdClU4dFa":{"registrationId":1182898776,"currentRatchet":{"ephemeralKeyPair":{"pubKey":"BSx7GCxZb7BJcn0EnYkIX4Z+YTiHbHUq4VlKnkeKZyQk","privKey":"iDjkcZJ5fCC9WR9GHGfK2Jd5AStDklZ8PVCw7ptdk1c="},"lastRemoteEphemeralKey":"BWz58F5DJL0HUs/otIhbiVcSqk5ovOi/KEbJsUpp/4Jk","previousCounter":0,"rootKey":"KqFJ9j4LsZwaxNNrjgHp3TRp84Qdni8CBNrKGrzz1Ck="},"indexInfo":{"baseKey":"BWZElDFD6XDT5YfzEJJ6fpZ+9gB3EI62ymsAdClU4dFa","baseKeyType":2,"closed":-1,"used":1756483822023,"created":1756483822023,"remoteIdentityKey":"BRJFrJzqi/CE7vY6Ur64M6ZsDZmhqU0rnMTDOJSpaRFG"},"_chains":{"BWz58F5DJL0HUs/otIhbiVcSqk5ovOi/KEbJsUpp/4Jk":{"chainKey":{"counter":0,"key":"mwdEro0L75qu8Y3V5hBMvDHYQwukZe5DZmHiqwdsft0="},"chainType":2,"messageKeys":{}},"BSx7GCxZb7BJcn0EnYkIX4Z+YTiHbHUq4VlKnkeKZyQk":{"chainKey":{"counter":-1,"key":"M7g2s/npHKk9zrrEjMFj0tETv78RoizF2JzmsMH2WtE="},"chainType":1,"messageKeys":{}}}}},"version":"v1"}