{"_sessions":{"BW206kM7hhsLd5wjO00l9IgZU2Dl6p4MJZTAh40Y8VJj":{"registrationId":155080012,"currentRatchet":{"ephemeralKeyPair":{"pubKey":"BQtuQq/ohD6vvx8hvLREbfTGFKqUeHrU5tVGXnFZ3b11","privKey":"iLLXNRhS9ROdvWITtyY4DN8VKUZU5IuUHMzLSIx2FUM="},"lastRemoteEphemeralKey":"Bdr0XRyZOxg0+udZUsUSTPJiVY+d6ssao+E/tmfOigkU","previousCounter":0,"rootKey":"bFcDDkFNSqJvaWwOjYRKFJjVwhMFX9kkhtiJNY/OyZM="},"indexInfo":{"baseKey":"BW206kM7hhsLd5wjO00l9IgZU2Dl6p4MJZTAh40Y8VJj","baseKeyType":2,"closed":-1,"used":1756482928464,"created":1756482928464,"remoteIdentityKey":"BUSYdBK7NSdDDbLEN+AC4Q2bY860qzBfegPoL3fW7vhk"},"_chains":{"Bdr0XRyZOxg0+udZUsUSTPJiVY+d6ssao+E/tmfOigkU":{"chainKey":{"counter":0,"key":"ep8sH/PJrenf39tSDFHEsZQTgf0mu5AEiqvi79Zz6jE="},"chainType":2,"messageKeys":{}},"BQtuQq/ohD6vvx8hvLREbfTGFKqUeHrU5tVGXnFZ3b11":{"chainKey":{"counter":-1,"key":"op14btvmDGP+IjYTCSYaapEB/PdFbDe65ZDSt1QywOA="},"chainType":1,"messageKeys":{}}}}},"version":"v1"}