{"_sessions":{"BZMP2DoBpDv0yluvTfAtme9O1O6LHmT+RUHc7CK4qJB7":{"registrationId":1553791461,"currentRatchet":{"ephemeralKeyPair":{"pubKey":"BXC8EKNwVUM7vNyZaM5O+ZvRidoviOzTPO7+V9oqicFA","privKey":"2AUTzA1EWa2gPbYWjfn8g2nSO/GxZi4nnWi0qPfWHXs="},"lastRemoteEphemeralKey":"BQ71FpCEv1RbTCIuf4gPwnl1XpGf8BTLvOJ1k3aggWoe","previousCounter":0,"rootKey":"LKeVy90us04amCKfVfR3ERcQvLu60m8RU8bcxFMYktk="},"indexInfo":{"baseKey":"BZMP2DoBpDv0yluvTfAtme9O1O6LHmT+RUHc7CK4qJB7","baseKeyType":2,"closed":-1,"used":1756482930542,"created":1756482930542,"remoteIdentityKey":"BdzxFAkv6sdw5Zwqeb2EndK9bS598W9yo723cDaNZ2hr"},"_chains":{"BQ71FpCEv1RbTCIuf4gPwnl1XpGf8BTLvOJ1k3aggWoe":{"chainKey":{"counter":0,"key":"ZvUA/UoZgtbO0F5NjxdG8uKiiNeeGlYzoUe+i9V0U7Q="},"chainType":2,"messageKeys":{}},"BXC8EKNwVUM7vNyZaM5O+ZvRidoviOzTPO7+V9oqicFA":{"chainKey":{"counter":-1,"key":"ZlM3Ol2WwIgnUun6608FkJBfz22YM4deu3VWHXV3GZ8="},"chainType":1,"messageKeys":{}}}}},"version":"v1"}