{"_sessions":{"BYyLsEYDm1rGBsMQS7KL4XstNEZy1KdcS1F5WiNWkFdV":{"registrationId":433057346,"currentRatchet":{"ephemeralKeyPair":{"pubKey":"BVHhpCmhqGNVnjxzfEVSNWOGKTKIBfpXtIK1vd/2z68s","privKey":"6FqZAOla7NjN4aZGt421zeGik0ppnigeQRBd7EbBT24="},"lastRemoteEphemeralKey":"Bc1h4+qAVJoh7uiqoG1FbI20mAOd8g7yVroetjK4+wwz","previousCounter":0,"rootKey":"Rb8ri4m46oOAB9BT9ecGGLs15ttcga2SCLMoCZD62U4="},"indexInfo":{"baseKey":"BYyLsEYDm1rGBsMQS7KL4XstNEZy1KdcS1F5WiNWkFdV","baseKeyType":2,"closed":-1,"used":1756482721619,"created":1756482721619,"remoteIdentityKey":"BQaFk4U1ibEB9w/wgkmwNLswyXh8ZSIOCkQvDlcZU7Yf"},"_chains":{"Bc1h4+qAVJoh7uiqoG1FbI20mAOd8g7yVroetjK4+wwz":{"chainKey":{"counter":0,"key":"9lV3QjIp/BsSlsZk9XxnXnbCkw11YhEa2UkM/jhOSFA="},"chainType":2,"messageKeys":{}},"BVHhpCmhqGNVnjxzfEVSNWOGKTKIBfpXtIK1vd/2z68s":{"chainKey":{"counter":-1,"key":"4M5fa+zKzsf6/u6z1qR+fgNTIa9TEhPBojoueUzE4x4="},"chainType":1,"messageKeys":{}}}}},"version":"v1"}