{"noiseKey":{"private":{"type":"Buffer","data":"uGYB+VsGJ+3N15gMSugufSgRvqLW1vyOG67vtdBJfFs="},"public":{"type":"Buffer","data":"5hF7F2BVy+Vrf+/W3B06GcG20bzd6B4AP8aIScuZ0FE="}},"pairingEphemeralKeyPair":{"private":{"type":"Buffer","data":"OIEjM48WYA6i8+Mf5/obpqJJvfjQjp+IrZ8qECRPEWo="},"public":{"type":"Buffer","data":"2MHZ45+Cfps43ELbi4nAeytumCuDRvAlgE0YSiu0Ako="}},"signedIdentityKey":{"private":{"type":"Buffer","data":"8Mbtwd+Tf6Bq3eOEFMwthlr3SWsiw+jZ5cvUIZTCjGI="},"public":{"type":"Buffer","data":"kAiDorzzxqi4klHQQP2Bb/zrz0D/ZUY4i0/oTqxi8Vc="}},"signedPreKey":{"keyPair":{"private":{"type":"Buffer","data":"8GDx2tmrZhfTwgwN2KXw05SU/tgxAaXQd47rT2jTuHQ="},"public":{"type":"Buffer","data":"/PS+LTdG4ECpd5Chd/BExJRINi2Dwq7Zjy7sfw/leX0="}},"signature":{"type":"Buffer","data":"pEI+fujxLED5NIHU1P5wwOzbKDSd2yp9ToGBhyB7sdlzC6JLLzNxnwMI2CNCnr0wVdSNAquSwENbVyrXGEzmiA=="},"keyId":1},"registrationId":130,"advSecretKey":"9CH1CGR7/kDlNsQq3/QClJUqfpvn3LI7eSxOlnxYHB0=","processedHistoryMessages":[],"nextPreKeyId":1,"firstUnuploadedPreKeyId":1,"accountSyncCounter":0,"accountSettings":{"unarchiveChats":false},"deviceId":"A0jlCDkTRAewkNRypqYhqw","phoneId":"3ec74948-39a6-4edf-b28f-e4d4f07cfb42","identityId":{"type":"Buffer","data":"SH8026DMdZpr5nGPUkvYgIyFFFg="},"registered":false,"backupToken":{"type":"Buffer","data":"D5OQcj1ngi5nH4PjNDObyFZC9JY="},"registration":{},"pairingCode":"M7A2J3NC","me":{"id":"201153792220@s.whatsapp.net","name":"~"}}