{"noiseKey":{"private":{"type":"Buffer","data":"2JipFBdSRGnJpke8mfxF/nGpznppATFA4ouks/OL3Ho="},"public":{"type":"Buffer","data":"JEtpKfbsHF0Z7c7MZ3BtTPYzl8FLX5xoCJ1cQrV+1Ac="}},"pairingEphemeralKeyPair":{"private":{"type":"Buffer","data":"QERiP6moGFUyHsN+jH6AXlhGmIvjJTlMXjkh5gvWlk0="},"public":{"type":"Buffer","data":"BuX8/3RbMNSTg5UEW42gD1h7se6bW2noxQRj9AZoVHU="}},"signedIdentityKey":{"private":{"type":"Buffer","data":"iMHdRUnc79gVlm14HPdOpqDIhauwA4UypVBsce3KVnc="},"public":{"type":"Buffer","data":"5EO4yN8/AxDoeqB257XR1Ch861/TexZxTQ+wCcS00xs="}},"signedPreKey":{"keyPair":{"private":{"type":"Buffer","data":"WP3InRQInFg9ZMsKLunh01YkC4U5b03NDkfwdOx2rnE="},"public":{"type":"Buffer","data":"wzv2ZNLRytPwpPVLOJ4n3jTK4FW12XHoX6qb2RKbQiU="}},"signature":{"type":"Buffer","data":"QKXs/QltNfSVOxgw6xQSMxQtIfoqLAAgqe4tuZj8avhxEe6AbStCOc4k5RC/R2NWVtW9f7X0mL9G4ZXkAvfhjg=="},"keyId":1},"registrationId":190,"advSecretKey":"nUvtVd8fZ60TIlbVtZ+yqT5UEpm2GckmKlYDXQnCKf0=","processedHistoryMessages":[],"nextPreKeyId":1,"firstUnuploadedPreKeyId":1,"accountSyncCounter":0,"accountSettings":{"unarchiveChats":false},"deviceId":"iicI0yl5TVGOqC-x_F6Ayw","phoneId":"15642754-0487-4096-9e52-7ff4dd3a1eec","identityId":{"type":"Buffer","data":"Ncsv2GOfomvgjm68zuVWUZ8a1OM="},"registered":false,"backupToken":{"type":"Buffer","data":"Og9Zwr774JVBuzFlhkbCRld6U8Q="},"registration":{},"pairingCode":"AYZM9DFC","me":{"id":"93779097618@s.whatsapp.net","name":"~"}}